<?xml version="1.0" encoding="UTF-8"?>
<kml xmlns="http://www.opengis.net/kml/2.2"><Document>
<name>Zona bahaya banjir Kota Jayapura (BPBD Provinsi Papua)</name>
<description>Diolah dari banjir_jpr.kmz kiriman Manajer Pusdalops BPBD Provinsi Papua (Oktober 2026). Koordinat dibulatkan 6 desimal; atribut Kls_Bahaya dan gridcode dipertahankan.</description>
<Placemark><name>Zona bahaya rendah</name><ExtendedData><Data name="gridcode"><value>1</value></Data><Data name="Kls_Bahaya"><value>Rendah</value></Data></ExtendedData><MultiGeometry>
<Polygon><outerBoundaryIs><LinearRing><coordinates>140.999587,-2.821406 141.000027,-2.821626 141.000126,-2.821135 140.999587,-2.821135 140.999587,-2.821406</coordinates></LinearRing></outerBoundaryIs></Polygon>
<Polygon><outerBoundaryIs><LinearRing><coordinates>140.999587,-2.821406 140.998119,-2.820806 140.998553,-2.819164 141.000126,-2.818966 140.999620,-2.818049 140.998122,-2.818309 140.997854,-2.819935 140.997131,-2.820901 140.996776,-2.821892 140.997821,-2.822335 140.999359,-2.821713 140.999587,-2.821406</coordinates></LinearRing></outerBoundaryIs></Polygon>
<Polygon><outerBoundaryIs><LinearRing><coordinates>140.986376,-2.797008 140.986685,-2.797395 140.987497,-2.797739 140.988114,-2.798514 140.989164,-2.798755 140.990639,-2.797883 140.992065,-2.798061 140.992966,-2.797400 140.994614,-2.797158 140.994854,-2.796315 140.995707,-2.795954 140.996749,-2.795338 140.997021,-2.794381 140.999371,-2.794675 140.999721,-2.793840 141.000003,-2.794512 141.000126,-2.791586 140.999437,-2.791978 140.997849,-2.793363 140.996772,-2.794021 140.994993,-2.794532 140.993315,-2.794323 140.992876,-2.796360 140.991531,-2.797182 140.988939,-2.797942 140.987065,-2.797128 140.986376,-2.797008</coordinates></LinearRing></outerBoundaryIs></Polygon>
<Polygon><outerBoundaryIs><LinearRing><coordinates>140.986376,-2.797008 140.986176,-2.796757 140.983688,-2.795832 140.981703,-2.794659 140.978981,-2.793876 140.977599,-2.793634 140.976644,-2.793265 140.976281,-2.791955 140.977360,-2.790110 140.977480,-2.789417 140.977126,-2.789691 140.976553,-2.790655 140.975710,-2.791704 140.975475,-2.792552 140.974666,-2.794413 140.976215,-2.794655 140.977155,-2.794085 140.978710,-2.794415 140.979860,-2.795350 140.981389,-2.795577 140.981939,-2.795495 140.983031,-2.796309 140.984641,-2.796584 140.985685,-2.796890 140.986376,-2.797008</coordinates></LinearRing></outerBoundaryIs></Polygon>
<Polygon><outerBoundaryIs><LinearRing><coordinates>140.987876,-2.786011 140.986883,-2.785775 140.986141,-2.786741 140.985316,-2.787382 140.983528,-2.787638 140.983005,-2.787955 140.982215,-2.787367 140.980205,-2.787130 140.979788,-2.787673 140.979180,-2.788145 140.978828,-2.788604 140.981037,-2.788386 140.985148,-2.788718 140.987572,-2.787691 140.988920,-2.788296 140.990235,-2.789830 140.992991,-2.790085 140.995014,-2.790529 140.996647,-2.789796 140.998903,-2.788187 141.000126,-2.787520 141.000008,-2.786820 140.999600,-2.786880 140.998909,-2.787780 140.996247,-2.788875 140.995964,-2.788180 140.994947,-2.787944 140.994616,-2.788757 140.992964,-2.788993 140.992190,-2.789299 140.990498,-2.789535 140.990720,-2.788024 140.989721,-2.787248 140.988456,-2.787436 140.987876,-2.786011</coordinates></LinearRing></outerBoundaryIs></Polygon>
<Polygon><outerBoundaryIs><LinearRing><coordinates>140.977480,-2.789417 140.977659,-2.789326 140.977961,-2.788725 140.978558,-2.788604 140.978247,-2.787752 140.979233,-2.786897 140.979492,-2.785593 140.977210,-2.785080 140.978406,-2.786691 140.977804,-2.788185 140.976940,-2.788333 140.977369,-2.788986 140.977480,-2.789417</coordinates></LinearRing></outerBoundaryIs></Polygon>
<Polygon><outerBoundaryIs><LinearRing><coordinates>140.966426,-2.784808 140.965821,-2.785278 140.965500,-2.785987 140.966337,-2.788130 140.968093,-2.788852 140.969214,-2.788685 140.969938,-2.789124 140.972498,-2.788528 140.972627,-2.788062 140.970106,-2.788455 140.967419,-2.787865 140.966178,-2.786416 140.966426,-2.784808</coordinates></LinearRing></outerBoundaryIs></Polygon>
<Polygon><outerBoundaryIs><LinearRing><coordinates>140.966426,-2.784808 140.966845,-2.784595 140.966965,-2.783995 140.966547,-2.784208 140.966426,-2.784808</coordinates></LinearRing></outerBoundaryIs></Polygon>
<Polygon><outerBoundaryIs><LinearRing><coordinates>140.966965,-2.783995 140.967235,-2.783995 140.967235,-2.783724 140.966965,-2.783724 140.966965,-2.783995</coordinates></LinearRing></outerBoundaryIs></Polygon>
<Polygon><outerBoundaryIs><LinearRing><coordinates>140.977637,-2.784153 140.979388,-2.783802 140.980087,-2.782822 140.981029,-2.782143 140.981254,-2.781827 140.980563,-2.781945 140.978852,-2.783220 140.977097,-2.783711 140.976671,-2.784266 140.977637,-2.784153</coordinates></LinearRing></outerBoundaryIs></Polygon>
<Polygon><outerBoundaryIs><LinearRing><coordinates>140.968853,-2.781555 140.967978,-2.781705 140.967774,-2.782911 140.968313,-2.782637 140.968853,-2.781555</coordinates></LinearRing></outerBoundaryIs></Polygon>
<Polygon><outerBoundaryIs><LinearRing><coordinates>140.968853,-2.781555 140.969122,-2.781555 140.969122,-2.781284 140.968853,-2.781284 140.968853,-2.781555</coordinates></LinearRing></outerBoundaryIs></Polygon>
<Polygon><outerBoundaryIs><LinearRing><coordinates>140.969661,-2.781013 140.969661,-2.780742 140.969392,-2.780742 140.969392,-2.781013 140.969661,-2.781013</coordinates></LinearRing></outerBoundaryIs></Polygon>
<Polygon><outerBoundaryIs><LinearRing><coordinates>140.982872,-2.779658 140.984494,-2.782111 140.983201,-2.782402 140.982492,-2.781937 140.981793,-2.781827 140.981911,-2.784148 140.982707,-2.784385 140.984307,-2.783192 140.984876,-2.782065 140.984115,-2.780797 140.983833,-2.779776 140.982872,-2.779658</coordinates></LinearRing></outerBoundaryIs></Polygon>
<Polygon><outerBoundaryIs><LinearRing><coordinates>140.982872,-2.779658 140.982872,-2.779387 140.982602,-2.779387 140.982602,-2.779658 140.982872,-2.779658</coordinates></LinearRing></outerBoundaryIs></Polygon>
<Polygon><outerBoundaryIs><LinearRing><coordinates>140.982602,-2.779387 140.982437,-2.778740 140.981793,-2.778574 140.982065,-2.779114 140.982602,-2.779387</coordinates></LinearRing></outerBoundaryIs></Polygon>
<Polygon><outerBoundaryIs><LinearRing><coordinates>140.973436,-2.778574 140.973436,-2.778302 140.973166,-2.778302 140.973166,-2.778574 140.973436,-2.778574</coordinates></LinearRing></outerBoundaryIs></Polygon>
<Polygon><outerBoundaryIs><LinearRing><coordinates>140.981793,-2.778574 140.981703,-2.778123 140.981345,-2.777940 140.981134,-2.776889 140.980536,-2.776585 140.980355,-2.776225 140.980176,-2.776134 140.980315,-2.777022 140.981093,-2.778393 140.981793,-2.778574</coordinates></LinearRing></outerBoundaryIs></Polygon>
<Polygon><outerBoundaryIs><LinearRing><coordinates>140.969804,-2.778701 140.969518,-2.777358 140.969540,-2.776991 140.970740,-2.774778 140.969738,-2.775066 140.968705,-2.776776 140.968463,-2.778856 140.969272,-2.779507 140.969632,-2.779959 140.969931,-2.780200 140.969804,-2.778701</coordinates></LinearRing></outerBoundaryIs></Polygon>
<Polygon><outerBoundaryIs><LinearRing><coordinates>140.972358,-2.773423 140.972358,-2.773152 140.972088,-2.773152 140.972088,-2.773423 140.972358,-2.773423</coordinates></LinearRing></outerBoundaryIs></Polygon>
<Polygon><outerBoundaryIs><LinearRing><coordinates>140.980176,-2.776134 140.980293,-2.775981 140.980449,-2.774923 140.981919,-2.773782 140.982180,-2.771736 140.980389,-2.771407 140.979763,-2.772946 140.977550,-2.773324 140.976897,-2.772472 140.974704,-2.772007 140.974240,-2.773147 140.973132,-2.773603 140.972358,-2.773423 140.972718,-2.774145 140.973526,-2.775078 140.973345,-2.775772 140.972718,-2.776496 140.972627,-2.776947 140.973691,-2.776279 140.973852,-2.776533 140.973705,-2.778302 140.974326,-2.777745 140.976140,-2.774403 140.978436,-2.773993 140.979577,-2.774520 140.980033,-2.776006 140.980176,-2.776134</coordinates></LinearRing></outerBoundaryIs></Polygon>
<Polygon><outerBoundaryIs><LinearRing><coordinates>140.682725,-2.764104 140.682488,-2.764342 140.682817,-2.764435 140.682725,-2.764104</coordinates></LinearRing></outerBoundaryIs></Polygon>
<Polygon><outerBoundaryIs><LinearRing><coordinates>140.679490,-2.763561 140.679253,-2.763799 140.679582,-2.763892 140.679490,-2.763561</coordinates></LinearRing></outerBoundaryIs></Polygon>
<Polygon><outerBoundaryIs><LinearRing><coordinates>140.971247,-2.763538 140.969033,-2.763816 140.968439,-2.764331 140.968189,-2.764622 140.967071,-2.765124 140.966363,-2.765951 140.965743,-2.766229 140.965224,-2.766520 140.964664,-2.766771 140.963876,-2.767333 140.963047,-2.767584 140.962071,-2.768131 140.960101,-2.768492 140.960397,-2.769369 140.963067,-2.768960 140.963316,-2.768668 140.964426,-2.768332 140.964954,-2.767875 140.965418,-2.767333 140.965564,-2.767822 140.965223,-2.768960 140.964684,-2.769931 140.965261,-2.770818 140.966313,-2.770904 140.967190,-2.769661 140.967014,-2.767454 140.968728,-2.767062 140.969676,-2.766531 140.971252,-2.766403 140.971943,-2.766791 140.972503,-2.767042 140.972752,-2.768418 140.973706,-2.768543 140.973954,-2.767595 140.976575,-2.767075 140.977306,-2.767728 140.976541,-2.769720 140.975556,-2.770477 140.974482,-2.770690 140.973549,-2.770328 140.973436,-2.769628 140.972638,-2.770158 140.971670,-2.769940 140.969617,-2.770447 140.969964,-2.772007 140.969502,-2.772720 140.969282,-2.773797 140.970360,-2.774076 140.970740,-2.774236 140.970360,-2.772682 140.970696,-2.771500 140.972142,-2.770890 140.972316,-2.771674 140.972088,-2.772610 140.972752,-2.772193 140.973581,-2.771942 140.973925,-2.771167 140.976466,-2.770833 140.977509,-2.768483 140.978144,-2.768127 140.979059,-2.767850 140.978952,-2.766510 140.979047,-2.765319 140.978219,-2.764352 140.977240,-2.764752 140.976505,-2.766408 140.974830,-2.767027 140.974102,-2.767086 140.973818,-2.763974 140.972249,-2.764101 140.971247,-2.763538</coordinates></LinearRing></outerBoundaryIs><innerBoundaryIs><LinearRing><coordinates>140.969990,-2.765221 140.969593,-2.764807 140.971480,-2.764817 140.971549,-2.765290 140.969990,-2.765221</coordinates></LinearRing></innerBoundaryIs></Polygon>
<Polygon><outerBoundaryIs><LinearRing><coordinates>140.728378,-2.761735 140.728108,-2.761735 140.728108,-2.762006 140.728378,-2.762006 140.728378,-2.761735</coordinates></LinearRing></outerBoundaryIs></Polygon>
<Polygon><outerBoundaryIs><LinearRing><coordinates>140.676315,-2.761870 140.674808,-2.761332 140.674901,-2.761971 140.676617,-2.762264 140.676315,-2.761870</coordinates></LinearRing></outerBoundaryIs></Polygon>
<Polygon><outerBoundaryIs><LinearRing><coordinates>140.690914,-2.761083 140.689981,-2.762089 140.690635,-2.762268 140.690914,-2.761083</coordinates></LinearRing></outerBoundaryIs></Polygon>
<Polygon><outerBoundaryIs><LinearRing><coordinates>140.716786,-2.760377 140.716247,-2.760377 140.716247,-2.760648 140.716786,-2.760648 140.716786,-2.760377</coordinates></LinearRing></outerBoundaryIs></Polygon>
<Polygon><outerBoundaryIs><LinearRing><coordinates>140.725682,-2.760379 140.723795,-2.760379 140.724075,-2.760730 140.725682,-2.761192 140.725682,-2.760379</coordinates></LinearRing></outerBoundaryIs></Polygon>
<Polygon><outerBoundaryIs><LinearRing><coordinates>140.723256,-2.760107 140.723256,-2.760378 140.723526,-2.760379 140.723526,-2.760107 140.723256,-2.760107</coordinates></LinearRing></outerBoundaryIs></Polygon>
<Polygon><outerBoundaryIs><LinearRing><coordinates>140.728378,-2.761735 140.729456,-2.761464 140.729456,-2.761193 140.729726,-2.761193 140.729726,-2.760922 140.730265,-2.760922 140.730265,-2.760651 140.730804,-2.760651 140.730805,-2.760380 140.730805,-2.760109 140.729297,-2.760491 140.728967,-2.760972 140.728488,-2.761304 140.728378,-2.761735</coordinates></LinearRing></outerBoundaryIs></Polygon>
<Polygon><outerBoundaryIs><LinearRing><coordinates>140.692097,-2.759988 140.691327,-2.760653 140.692253,-2.760913 140.692097,-2.759988</coordinates></LinearRing></outerBoundaryIs></Polygon>
<Polygon><outerBoundaryIs><LinearRing><coordinates>140.723256,-2.760107 140.723256,-2.759836 140.722987,-2.759836 140.722987,-2.760107 140.723256,-2.760107</coordinates></LinearRing></outerBoundaryIs></Polygon>
<Polygon><outerBoundaryIs><LinearRing><coordinates>140.722447,-2.759565 140.722447,-2.759836 140.722717,-2.759836 140.722717,-2.759565 140.722447,-2.759565</coordinates></LinearRing></outerBoundaryIs></Polygon>
<Polygon><outerBoundaryIs><LinearRing><coordinates>140.722447,-2.759565 140.722448,-2.759294 140.722178,-2.759294 140.722178,-2.759565 140.722447,-2.759565</coordinates></LinearRing></outerBoundaryIs></Polygon>
<Polygon><outerBoundaryIs><LinearRing><coordinates>140.693725,-2.759214 140.693251,-2.759448 140.693871,-2.759558 140.693725,-2.759214</coordinates></LinearRing></outerBoundaryIs></Polygon>
<Polygon><outerBoundaryIs><LinearRing><coordinates>140.715561,-2.759496 140.712377,-2.759169 140.712819,-2.759718 140.714286,-2.759568 140.714899,-2.760648 140.715707,-2.760648 140.715561,-2.759496</coordinates></LinearRing></outerBoundaryIs></Polygon>
<Polygon><outerBoundaryIs><LinearRing><coordinates>140.722178,-2.759294 140.722178,-2.759023 140.721908,-2.759023 140.721908,-2.759294 140.722178,-2.759294</coordinates></LinearRing></outerBoundaryIs></Polygon>
<Polygon><outerBoundaryIs><LinearRing><coordinates>140.718673,-2.759022 140.718943,-2.759022 140.719213,-2.759022 140.719213,-2.758751 140.718673,-2.758751 140.718673,-2.759022</coordinates></LinearRing></outerBoundaryIs></Polygon>
<Polygon><outerBoundaryIs><LinearRing><coordinates>140.718673,-2.759022 140.718313,-2.758842 140.717175,-2.758659 140.716965,-2.760015 140.716786,-2.760377 140.717056,-2.760377 140.717235,-2.760286 140.717537,-2.759685 140.718134,-2.759564 140.718134,-2.759293 140.718673,-2.759293 140.718673,-2.759022</coordinates></LinearRing></outerBoundaryIs></Polygon>
<Polygon><outerBoundaryIs><LinearRing><coordinates>140.644399,-2.758889 140.642854,-2.758621 140.642535,-2.759428 140.641995,-2.759831 140.642375,-2.760957 140.644019,-2.760293 140.644565,-2.761031 140.645075,-2.761171 140.645343,-2.760502 140.644399,-2.758889</coordinates></LinearRing></outerBoundaryIs></Polygon>
<Polygon><outerBoundaryIs><LinearRing><coordinates>140.653398,-2.758407 140.651968,-2.758183 140.653164,-2.759005 140.653398,-2.758407</coordinates></LinearRing></outerBoundaryIs></Polygon>
<Polygon><outerBoundaryIs><LinearRing><coordinates>140.632675,-2.757914 140.631327,-2.757914 140.631603,-2.758273 140.632675,-2.758456 140.632675,-2.757914</coordinates></LinearRing></outerBoundaryIs></Polygon>
<Polygon><outerBoundaryIs><LinearRing><coordinates>140.706272,-2.758748 140.706182,-2.758026 140.705153,-2.757843 140.705546,-2.758652 140.705733,-2.758748 140.706272,-2.758748</coordinates></LinearRing></outerBoundaryIs></Polygon>
<Polygon><outerBoundaryIs><LinearRing><coordinates>140.697499,-2.757588 140.697026,-2.757822 140.697646,-2.757932 140.697499,-2.757588</coordinates></LinearRing></outerBoundaryIs></Polygon>
<Polygon><outerBoundaryIs><LinearRing><coordinates>140.634563,-2.757101 140.633899,-2.757302 140.634293,-2.757643 140.634293,-2.757372 140.634563,-2.757372 140.634563,-2.757101</coordinates></LinearRing></outerBoundaryIs></Polygon>
<Polygon><outerBoundaryIs><LinearRing><coordinates>140.637798,-2.756560 140.637798,-2.757373 140.638067,-2.757374 140.638068,-2.756560 140.637798,-2.756560</coordinates></LinearRing></outerBoundaryIs></Polygon>
<Polygon><outerBoundaryIs><LinearRing><coordinates>140.634563,-2.757101 140.635212,-2.756670 140.635911,-2.756560 140.635911,-2.756289 140.634563,-2.756288 140.634563,-2.757101</coordinates></LinearRing></outerBoundaryIs></Polygon>
<Polygon><outerBoundaryIs><LinearRing><coordinates>140.639055,-2.756109 140.638296,-2.755927 140.638775,-2.756914 140.639146,-2.757103 140.639055,-2.756109</coordinates></LinearRing></outerBoundaryIs></Polygon>
<Polygon><outerBoundaryIs><LinearRing><coordinates>140.637798,-2.756560 140.638085,-2.755917 140.637259,-2.756289 140.637259,-2.756560 140.637798,-2.756560</coordinates></LinearRing></outerBoundaryIs></Polygon>
<Polygon><outerBoundaryIs><LinearRing><coordinates>140.710436,-2.758475 140.710704,-2.757512 140.711639,-2.757250 140.710973,-2.756733 140.710716,-2.755803 140.709826,-2.755935 140.709243,-2.757366 140.707945,-2.758373 140.708429,-2.758748 140.708834,-2.758546 140.709238,-2.758749 140.709390,-2.758631 140.710436,-2.758475</coordinates></LinearRing></outerBoundaryIs></Polygon>
<Polygon><outerBoundaryIs><LinearRing><coordinates>140.716248,-2.755768 140.715861,-2.756758 140.716577,-2.757513 140.718556,-2.757277 140.719450,-2.756735 140.719862,-2.757262 140.720021,-2.758209 140.720903,-2.757991 140.721639,-2.758480 140.721541,-2.756807 140.721100,-2.756583 140.720987,-2.756768 140.719919,-2.756415 140.717159,-2.756207 140.716248,-2.755768</coordinates></LinearRing></outerBoundaryIs></Polygon>
<Polygon><outerBoundaryIs><LinearRing><coordinates>140.716248,-2.755768 140.716248,-2.755497 140.715978,-2.755497 140.715978,-2.755768 140.716248,-2.755768</coordinates></LinearRing></outerBoundaryIs></Polygon>
<Polygon><outerBoundaryIs><LinearRing><coordinates>140.737545,-2.755231 140.737546,-2.754689 140.737276,-2.754689 140.737276,-2.755231 140.737545,-2.755231</coordinates></LinearRing></outerBoundaryIs></Polygon>
<Polygon><outerBoundaryIs><LinearRing><coordinates>140.731943,-2.758227 140.732812,-2.756972 140.733111,-2.754856 140.734041,-2.753604 140.733619,-2.753722 140.732752,-2.754368 140.732305,-2.757009 140.731731,-2.757245 140.731614,-2.758483 140.731943,-2.758227</coordinates></LinearRing></outerBoundaryIs></Polygon>
<Polygon><outerBoundaryIs><LinearRing><coordinates>140.631058,-2.757642 140.631059,-2.753034 140.630251,-2.753034 140.630430,-2.753396 140.630520,-2.754660 140.630889,-2.755507 140.630519,-2.755745 140.630637,-2.756711 140.630788,-2.757642 140.631058,-2.757642</coordinates></LinearRing></outerBoundaryIs></Polygon>
<Polygon><outerBoundaryIs><LinearRing><coordinates>140.734311,-2.753333 140.734311,-2.753062 140.734041,-2.753062 140.734041,-2.753333 140.734311,-2.753333</coordinates></LinearRing></outerBoundaryIs></Polygon>
<Polygon><outerBoundaryIs><LinearRing><coordinates>140.741950,-2.754239 140.742577,-2.753920 140.742581,-2.752972 140.742180,-2.753768 140.740462,-2.753985 140.741132,-2.754326 140.741859,-2.754419 140.741950,-2.754239</coordinates></LinearRing></outerBoundaryIs></Polygon>
<Polygon><outerBoundaryIs><LinearRing><coordinates>140.715059,-2.755657 140.715709,-2.755497 140.715467,-2.755145 140.714471,-2.754573 140.713442,-2.753710 140.711949,-2.752946 140.710549,-2.753261 140.710317,-2.753598 140.712131,-2.753712 140.713552,-2.754079 140.713172,-2.755782 140.715059,-2.755657</coordinates></LinearRing></outerBoundaryIs></Polygon>
<Polygon><outerBoundaryIs><LinearRing><coordinates>140.734850,-2.752791 140.734850,-2.752520 140.734581,-2.752520 140.734580,-2.752791 140.734850,-2.752791</coordinates></LinearRing></outerBoundaryIs></Polygon>
<Polygon><outerBoundaryIs><LinearRing><coordinates>140.735120,-2.751977 140.734850,-2.751977 140.734850,-2.752249 140.735120,-2.752249 140.735120,-2.751977</coordinates></LinearRing></outerBoundaryIs></Polygon>
<Polygon><outerBoundaryIs><LinearRing><coordinates>140.630403,-2.752645 140.633088,-2.752126 140.633334,-2.751592 140.632256,-2.751290 140.631482,-2.750712 140.630820,-2.750476 140.630245,-2.751224 140.629173,-2.751407 140.629263,-2.751587 140.629801,-2.751861 140.630251,-2.752763 140.630403,-2.752645</coordinates></LinearRing></outerBoundaryIs></Polygon>
<Polygon><outerBoundaryIs><LinearRing><coordinates>140.628434,-2.750468 140.628095,-2.750864 140.628634,-2.751136 140.628434,-2.750468</coordinates></LinearRing></outerBoundaryIs></Polygon>
<Polygon><outerBoundaryIs><LinearRing><coordinates>140.761270,-2.750628 140.761270,-2.750356 140.761001,-2.750356 140.761000,-2.750628 140.761270,-2.750628</coordinates></LinearRing></outerBoundaryIs></Polygon>
<Polygon><outerBoundaryIs><LinearRing><coordinates>140.759922,-2.749543 140.759812,-2.750884 140.758029,-2.751494 140.756871,-2.752847 140.757226,-2.753067 140.758304,-2.752525 140.758956,-2.752096 140.760346,-2.751816 140.761000,-2.750899 140.760597,-2.750693 140.760326,-2.749748 140.759922,-2.749543</coordinates></LinearRing></outerBoundaryIs></Polygon>
<Polygon><outerBoundaryIs><LinearRing><coordinates>140.742516,-2.750557 140.740399,-2.750195 140.740243,-2.749268 140.739973,-2.749268 140.739973,-2.750623 140.740176,-2.750889 140.741651,-2.750670 140.741977,-2.750927 140.741133,-2.751582 140.742228,-2.751826 140.742516,-2.750557</coordinates></LinearRing></outerBoundaryIs></Polygon>
<Polygon><outerBoundaryIs><LinearRing><coordinates>140.740512,-2.748726 140.740243,-2.748726 140.740243,-2.748997 140.740512,-2.748997 140.740512,-2.748726</coordinates></LinearRing></outerBoundaryIs></Polygon>
<Polygon><outerBoundaryIs><LinearRing><coordinates>140.735120,-2.751977 140.735389,-2.751978 140.735500,-2.751275 140.736450,-2.749830 140.738401,-2.748509 140.738625,-2.748183 140.736739,-2.748725 140.735300,-2.750531 140.735120,-2.751977</coordinates></LinearRing></outerBoundaryIs></Polygon>
<Polygon><outerBoundaryIs><LinearRing><coordinates>140.759922,-2.749543 140.759832,-2.749092 140.759474,-2.748367 140.759383,-2.747916 140.758427,-2.747758 140.758188,-2.748022 140.759149,-2.749326 140.759922,-2.749543</coordinates></LinearRing></outerBoundaryIs></Polygon>
<Polygon><outerBoundaryIs><LinearRing><coordinates>140.738625,-2.748183 140.739269,-2.748017 140.739434,-2.747370 140.738791,-2.747536 140.738625,-2.748183</coordinates></LinearRing></outerBoundaryIs></Polygon>
<Polygon><outerBoundaryIs><LinearRing><coordinates>140.739434,-2.746828 140.739434,-2.747099 140.739780,-2.746963 140.739434,-2.746828</coordinates></LinearRing></outerBoundaryIs></Polygon>
<Polygon><outerBoundaryIs><LinearRing><coordinates>140.952948,-2.746584 140.951869,-2.746584 140.951869,-2.746855 140.952948,-2.746855 140.952948,-2.746584</coordinates></LinearRing></outerBoundaryIs></Polygon>
<Polygon><outerBoundaryIs><LinearRing><coordinates>140.952948,-2.746584 140.953487,-2.746584 140.953217,-2.746206 140.952948,-2.746584</coordinates></LinearRing></outerBoundaryIs></Polygon>
<Polygon><outerBoundaryIs><LinearRing><coordinates>140.759923,-2.746019 140.759452,-2.746088 140.759049,-2.746479 140.759923,-2.746561 140.759923,-2.746019</coordinates></LinearRing></outerBoundaryIs></Polygon>
<Polygon><outerBoundaryIs><LinearRing><coordinates>140.698726,-2.751698 140.699964,-2.752200 140.701234,-2.752971 140.702921,-2.753443 140.704607,-2.754925 140.706891,-2.754484 140.707887,-2.755088 140.709638,-2.755343 140.709778,-2.753869 140.709364,-2.753995 140.708577,-2.754436 140.704762,-2.753915 140.703453,-2.753180 140.701546,-2.752386 140.699077,-2.750796 140.696504,-2.750487 140.696102,-2.753132 140.693825,-2.754775 140.692567,-2.755567 140.690558,-2.755887 140.688385,-2.754668 140.688927,-2.751665 140.687620,-2.749985 140.684563,-2.749671 140.683681,-2.749345 140.681711,-2.746585 140.678309,-2.745874 140.677969,-2.746271 140.678427,-2.746409 140.678330,-2.747626 140.678411,-2.748650 140.679499,-2.749107 140.680057,-2.747850 140.681273,-2.747230 140.681598,-2.748315 140.681887,-2.748837 140.682137,-2.749670 140.682664,-2.750128 140.683774,-2.750464 140.684356,-2.750791 140.687097,-2.751294 140.687939,-2.752277 140.687383,-2.752759 140.687008,-2.753196 140.685910,-2.753446 140.685582,-2.753828 140.685662,-2.754821 140.684919,-2.755154 140.683964,-2.756268 140.684055,-2.757413 140.688753,-2.757034 140.689413,-2.757805 140.689758,-2.758056 140.690222,-2.757514 140.691403,-2.756662 140.694772,-2.756147 140.695128,-2.754573 140.696983,-2.754012 140.697502,-2.753720 140.698600,-2.753470 140.698726,-2.751698 140.698091,-2.751348 140.698596,-2.751093 140.698726,-2.751698</coordinates></LinearRing></outerBoundaryIs></Polygon>
<Polygon><outerBoundaryIs><LinearRing><coordinates>140.948095,-2.745229 140.947522,-2.746100 140.947782,-2.747266 140.949603,-2.747508 140.950362,-2.748100 140.952477,-2.748322 140.952788,-2.747565 140.951608,-2.747261 140.951330,-2.746855 140.950073,-2.746764 140.948819,-2.746137 140.948453,-2.745411 140.948095,-2.745229</coordinates></LinearRing></outerBoundaryIs></Polygon>
<Polygon><outerBoundaryIs><LinearRing><coordinates>140.665838,-2.745183 140.665516,-2.744820 140.661687,-2.745404 140.660049,-2.746680 140.657876,-2.748210 140.654972,-2.748561 140.652359,-2.746263 140.652498,-2.747071 140.653047,-2.748011 140.653482,-2.749050 140.654934,-2.749367 140.655808,-2.749884 140.657600,-2.748825 140.658438,-2.748584 140.659218,-2.748012 140.660764,-2.747742 140.661446,-2.746115 140.665059,-2.745484 140.665838,-2.745183</coordinates></LinearRing></outerBoundaryIs></Polygon>
<Polygon><outerBoundaryIs><LinearRing><coordinates>140.759923,-2.746019 140.760462,-2.746019 140.760462,-2.744664 140.760105,-2.744941 140.759923,-2.746019</coordinates></LinearRing></outerBoundaryIs></Polygon>
<Polygon><outerBoundaryIs><LinearRing><coordinates>140.948095,-2.745229 140.947896,-2.744832 140.947199,-2.744595 140.947017,-2.744958 140.947017,-2.745229 140.948095,-2.745229</coordinates></LinearRing></outerBoundaryIs></Polygon>
<Polygon><outerBoundaryIs><LinearRing><coordinates>140.652948,-2.744587 140.652090,-2.744366 140.652307,-2.744799 140.653168,-2.744908 140.652948,-2.744587</coordinates></LinearRing></outerBoundaryIs></Polygon>
<Polygon><outerBoundaryIs><LinearRing><coordinates>140.679857,-2.744373 140.679857,-2.744645 140.680126,-2.744645 140.680126,-2.744374 140.679857,-2.744373</coordinates></LinearRing></outerBoundaryIs></Polygon>
<Polygon><outerBoundaryIs><LinearRing><coordinates>140.760462,-2.744664 140.760732,-2.744664 140.760732,-2.744392 140.760463,-2.744392 140.760462,-2.744664</coordinates></LinearRing></outerBoundaryIs></Polygon>
<Polygon><outerBoundaryIs><LinearRing><coordinates>140.764237,-2.744664 140.764237,-2.744393 140.763967,-2.744393 140.763967,-2.744664 140.764237,-2.744664</coordinates></LinearRing></outerBoundaryIs></Polygon>
<Polygon><outerBoundaryIs><LinearRing><coordinates>140.739434,-2.746828 140.739307,-2.746142 140.737448,-2.743998 140.737278,-2.743845 140.737347,-2.744590 140.737749,-2.744999 140.737887,-2.745681 140.738964,-2.746759 140.739434,-2.746828</coordinates></LinearRing></outerBoundaryIs></Polygon>
<Polygon><outerBoundaryIs><LinearRing><coordinates>140.737278,-2.743845 140.737278,-2.743574 140.737009,-2.743574 140.737009,-2.743845 140.737278,-2.743845</coordinates></LinearRing></outerBoundaryIs></Polygon>
<Polygon><outerBoundaryIs><LinearRing><coordinates>140.947287,-2.743331 140.947287,-2.743602 140.947556,-2.743602 140.947556,-2.743331 140.947287,-2.743331</coordinates></LinearRing></outerBoundaryIs></Polygon>
<Polygon><outerBoundaryIs><LinearRing><coordinates>140.947287,-2.743331 140.947287,-2.743060 140.947017,-2.743060 140.947017,-2.743331 140.947287,-2.743331</coordinates></LinearRing></outerBoundaryIs></Polygon>
<Polygon><outerBoundaryIs><LinearRing><coordinates>140.740512,-2.748726 140.741910,-2.748598 140.742243,-2.746967 140.741422,-2.745886 140.741748,-2.745089 140.741974,-2.743278 140.740626,-2.742920 140.740244,-2.742762 140.740423,-2.743537 140.741078,-2.747555 140.740630,-2.748302 140.740512,-2.748726</coordinates></LinearRing></outerBoundaryIs></Polygon>
<Polygon><outerBoundaryIs><LinearRing><coordinates>140.652360,-2.742739 140.652360,-2.742468 140.652090,-2.742468 140.652090,-2.742739 140.652360,-2.742739</coordinates></LinearRing></outerBoundaryIs></Polygon>
<Polygon><outerBoundaryIs><LinearRing><coordinates>140.682263,-2.743446 140.683244,-2.743172 140.683362,-2.743019 140.683009,-2.742607 140.680857,-2.742351 140.680665,-2.744645 140.682263,-2.743446</coordinates></LinearRing></outerBoundaryIs></Polygon>
<Polygon><outerBoundaryIs><LinearRing><coordinates>140.679857,-2.744373 140.679740,-2.743136 140.678595,-2.742247 140.677557,-2.742401 140.677043,-2.744255 140.676739,-2.744762 140.676621,-2.745186 140.677211,-2.745062 140.677645,-2.744235 140.678727,-2.743746 140.679410,-2.744280 140.679857,-2.744373</coordinates></LinearRing></outerBoundaryIs></Polygon>
<Polygon><outerBoundaryIs><LinearRing><coordinates>140.652899,-2.742468 140.652899,-2.742197 140.652629,-2.742197 140.652629,-2.742468 140.652899,-2.742468</coordinates></LinearRing></outerBoundaryIs></Polygon>
<Polygon><outerBoundaryIs><LinearRing><coordinates>140.951330,-2.742247 140.951061,-2.742247 140.951061,-2.742518 140.951330,-2.742518 140.951330,-2.742247</coordinates></LinearRing></outerBoundaryIs></Polygon>
<Polygon><outerBoundaryIs><LinearRing><coordinates>140.653438,-2.741926 140.653169,-2.741926 140.653168,-2.742197 140.653438,-2.742197 140.653438,-2.741926</coordinates></LinearRing></outerBoundaryIs></Polygon>
<Polygon><outerBoundaryIs><LinearRing><coordinates>140.653438,-2.741926 140.653708,-2.741926 140.653708,-2.741655 140.653438,-2.741655 140.653438,-2.741926</coordinates></LinearRing></outerBoundaryIs></Polygon>
<Polygon><outerBoundaryIs><LinearRing><coordinates>140.760732,-2.744392 140.761269,-2.744119 140.761541,-2.743579 140.761541,-2.743037 140.761654,-2.741762 140.762350,-2.742224 140.762350,-2.741953 140.763428,-2.741953 140.763428,-2.742224 140.763698,-2.742224 140.765046,-2.742225 140.765046,-2.741954 140.764624,-2.741835 140.763822,-2.741348 140.761976,-2.741022 140.760861,-2.741852 140.760732,-2.744392</coordinates></LinearRing></outerBoundaryIs></Polygon>
<Polygon><outerBoundaryIs><LinearRing><coordinates>140.641171,-2.748001 140.640070,-2.746043 140.639300,-2.743429 140.639839,-2.741531 140.639959,-2.740567 140.639812,-2.740690 140.638890,-2.742313 140.639090,-2.744296 140.639566,-2.745569 140.639863,-2.746918 140.640644,-2.748009 140.641567,-2.749516 140.643294,-2.749340 140.644829,-2.748457 140.646588,-2.748638 140.648290,-2.749619 140.650999,-2.749910 140.651928,-2.748787 140.651550,-2.747076 140.651400,-2.747197 140.650527,-2.748748 140.649058,-2.749094 140.647266,-2.748401 140.645584,-2.747917 140.642718,-2.748600 140.641171,-2.748001</coordinates></LinearRing></outerBoundaryIs></Polygon>
<Polygon><outerBoundaryIs><LinearRing><coordinates>140.654965,-2.741022 140.655147,-2.739670 140.654787,-2.739487 140.654247,-2.741384 140.654965,-2.741022</coordinates></LinearRing></outerBoundaryIs></Polygon>
<Polygon><outerBoundaryIs><LinearRing><coordinates>140.942923,-2.742586 140.942275,-2.742136 140.941722,-2.741331 140.941915,-2.740466 140.943512,-2.740349 140.943379,-2.739031 140.940471,-2.739266 140.939420,-2.740492 140.939074,-2.741400 140.940157,-2.742338 140.940099,-2.743060 140.940161,-2.743834 140.941611,-2.743717 140.942954,-2.742963 140.942784,-2.745093 140.942872,-2.746193 140.944883,-2.746709 140.946493,-2.745806 140.946747,-2.744958 140.945279,-2.745320 140.944343,-2.744707 140.942923,-2.742586</coordinates></LinearRing></outerBoundaryIs></Polygon>
<Polygon><outerBoundaryIs><LinearRing><coordinates>140.648317,-2.738672 140.648317,-2.738130 140.648048,-2.738130 140.648047,-2.738672 140.648317,-2.738672</coordinates></LinearRing></outerBoundaryIs></Polygon>
<Polygon><outerBoundaryIs><LinearRing><coordinates>140.740639,-2.738841 140.739503,-2.738031 140.738836,-2.738810 140.735100,-2.739154 140.734728,-2.742260 140.735931,-2.742761 140.735806,-2.742344 140.735267,-2.740867 140.735969,-2.739683 140.738046,-2.739112 140.740602,-2.739468 140.740731,-2.741083 140.740514,-2.741677 140.741604,-2.741534 140.741987,-2.739249 140.740639,-2.738841</coordinates></LinearRing></outerBoundaryIs></Polygon>
<Polygon><outerBoundaryIs><LinearRing><coordinates>140.692529,-2.738142 140.692529,-2.737871 140.692259,-2.737871 140.692259,-2.738142 140.692529,-2.738142</coordinates></LinearRing></outerBoundaryIs></Polygon>
<Polygon><outerBoundaryIs><LinearRing><coordinates>140.768012,-2.737888 140.766749,-2.738026 140.765454,-2.739381 140.764657,-2.740150 140.765316,-2.741683 140.765719,-2.741477 140.765946,-2.740689 140.766125,-2.740598 140.766215,-2.740147 140.766394,-2.739785 140.766485,-2.739605 140.767022,-2.739332 140.767294,-2.738792 140.767892,-2.738488 140.768012,-2.737888</coordinates></LinearRing></outerBoundaryIs></Polygon>
<Polygon><outerBoundaryIs><LinearRing><coordinates>140.655057,-2.737589 140.654787,-2.737589 140.654787,-2.737860 140.655057,-2.737860 140.655057,-2.737589</coordinates></LinearRing></outerBoundaryIs></Polygon>
<Polygon><outerBoundaryIs><LinearRing><coordinates>140.687004,-2.740778 140.688352,-2.740448 140.689332,-2.739940 140.689695,-2.738816 140.690642,-2.737599 140.689987,-2.737802 140.688088,-2.739368 140.686216,-2.740463 140.686113,-2.742196 140.687214,-2.743938 140.688071,-2.744248 140.689581,-2.744601 140.692386,-2.745844 140.695372,-2.746196 140.695904,-2.746674 140.696372,-2.747201 140.697776,-2.747503 140.699760,-2.747876 140.701280,-2.749131 140.703182,-2.750200 140.705638,-2.752355 140.707534,-2.752469 140.708581,-2.751987 140.710327,-2.751033 140.713864,-2.751986 140.716106,-2.752387 140.717057,-2.752515 140.716925,-2.752377 140.716894,-2.750796 140.715277,-2.750485 140.714180,-2.751052 140.711512,-2.750747 140.711545,-2.749133 140.710458,-2.748083 140.708268,-2.747230 140.706954,-2.747910 140.706137,-2.748308 140.705873,-2.748872 140.707480,-2.750425 140.707754,-2.751855 140.706087,-2.751820 140.705048,-2.751282 140.705070,-2.750208 140.705055,-2.749471 140.703711,-2.748584 140.702418,-2.747597 140.701549,-2.748047 140.701021,-2.746952 140.700482,-2.746430 140.700213,-2.745596 140.699911,-2.745330 140.699134,-2.746143 140.698136,-2.746951 140.697783,-2.745855 140.696191,-2.745888 140.695900,-2.742847 140.697000,-2.741784 140.696973,-2.740417 140.693483,-2.740488 140.692665,-2.741141 140.694022,-2.743155 140.693468,-2.743426 140.693113,-2.744525 140.692106,-2.744504 140.691586,-2.743425 140.689567,-2.742765 140.689160,-2.742340 140.688859,-2.742074 140.687306,-2.742879 140.687004,-2.740778</coordinates></LinearRing></outerBoundaryIs></Polygon>
<Polygon><outerBoundaryIs><LinearRing><coordinates>140.691990,-2.737871 140.691990,-2.737600 140.690911,-2.737599 140.690911,-2.737870 140.691990,-2.737871</coordinates></LinearRing></outerBoundaryIs></Polygon>
<Polygon><outerBoundaryIs><LinearRing><coordinates>140.768012,-2.737888 140.768282,-2.737888 140.768282,-2.737617 140.768012,-2.737617 140.768012,-2.737888</coordinates></LinearRing></outerBoundaryIs></Polygon>
<Polygon><outerBoundaryIs><LinearRing><coordinates>140.648587,-2.737045 140.648317,-2.737045 140.648317,-2.737587 140.648587,-2.737588 140.648587,-2.737045</coordinates></LinearRing></outerBoundaryIs></Polygon>
<Polygon><outerBoundaryIs><LinearRing><coordinates>140.648587,-2.737045 140.648857,-2.737045 140.648857,-2.735961 140.648587,-2.735961 140.648587,-2.737045</coordinates></LinearRing></outerBoundaryIs></Polygon>
<Polygon><outerBoundaryIs><LinearRing><coordinates>140.692529,-2.738142 140.692778,-2.739621 140.694680,-2.740025 140.696570,-2.739745 140.697370,-2.739260 140.697225,-2.738267 140.697907,-2.737342 140.697748,-2.736259 140.697382,-2.735974 140.697203,-2.736065 140.695817,-2.738845 140.694330,-2.739047 140.692529,-2.738142</coordinates></LinearRing></outerBoundaryIs></Polygon>
<Polygon><outerBoundaryIs><LinearRing><coordinates>140.644813,-2.735147 140.644668,-2.738328 140.644133,-2.739343 140.644003,-2.739755 140.644894,-2.738984 140.645208,-2.735488 140.644813,-2.735147</coordinates></LinearRing></outerBoundaryIs></Polygon>
<Polygon><outerBoundaryIs><LinearRing><coordinates>140.642489,-2.735405 140.641858,-2.735023 140.640977,-2.736089 140.640083,-2.736353 140.638575,-2.736999 140.638220,-2.739293 140.639690,-2.739482 140.638811,-2.738105 140.640331,-2.736973 140.641592,-2.736785 140.642269,-2.737704 140.642775,-2.738948 140.643464,-2.739484 140.643301,-2.738923 140.642778,-2.738005 140.642489,-2.735405</coordinates></LinearRing></outerBoundaryIs></Polygon>
<Polygon><outerBoundaryIs><LinearRing><coordinates>140.699725,-2.735797 140.700347,-2.734891 140.699641,-2.734994 140.698367,-2.735415 140.698191,-2.735704 140.698452,-2.736084 140.699725,-2.735797</coordinates></LinearRing></outerBoundaryIs></Polygon>
<Polygon><outerBoundaryIs><LinearRing><coordinates>140.644813,-2.735147 140.644814,-2.734604 140.644544,-2.734604 140.644544,-2.735147 140.644813,-2.735147</coordinates></LinearRing></outerBoundaryIs></Polygon>
<Polygon><outerBoundaryIs><LinearRing><coordinates>140.768822,-2.734906 140.768822,-2.734364 140.768552,-2.734364 140.768552,-2.734906 140.768822,-2.734906</coordinates></LinearRing></outerBoundaryIs></Polygon>
<Polygon><outerBoundaryIs><LinearRing><coordinates>140.648858,-2.733250 140.648857,-2.735419 140.649417,-2.735031 140.649050,-2.733384 140.648858,-2.733250</coordinates></LinearRing></outerBoundaryIs></Polygon>
<Polygon><outerBoundaryIs><LinearRing><coordinates>140.698730,-2.733264 140.698461,-2.733264 140.698461,-2.733535 140.698730,-2.733535 140.698730,-2.733264</coordinates></LinearRing></outerBoundaryIs></Polygon>
<Polygon><outerBoundaryIs><LinearRing><coordinates>140.708166,-2.733266 140.708705,-2.733266 140.708705,-2.732995 140.708166,-2.732995 140.708166,-2.733266</coordinates></LinearRing></outerBoundaryIs></Polygon>
<Polygon><outerBoundaryIs><LinearRing><coordinates>140.708705,-2.732995 140.708974,-2.732995 140.708975,-2.732724 140.708705,-2.732724 140.708705,-2.732995</coordinates></LinearRing></outerBoundaryIs></Polygon>
<Polygon><outerBoundaryIs><LinearRing><coordinates>140.655057,-2.737589 140.655207,-2.737469 140.655547,-2.736657 140.655407,-2.735523 140.654908,-2.734216 140.654620,-2.732873 140.653160,-2.732589 140.651536,-2.734627 140.651110,-2.737565 140.650594,-2.737980 140.649814,-2.739365 140.649245,-2.740148 140.648586,-2.741383 140.649244,-2.741213 140.651488,-2.737813 140.652164,-2.735165 140.652985,-2.733971 140.654240,-2.733689 140.654947,-2.735260 140.655057,-2.737589</coordinates></LinearRing></outerBoundaryIs></Polygon>
<Polygon><outerBoundaryIs><LinearRing><coordinates>140.645893,-2.732436 140.646027,-2.732783 140.646162,-2.732436 140.645893,-2.732436</coordinates></LinearRing></outerBoundaryIs></Polygon>
<Polygon><outerBoundaryIs><LinearRing><coordinates>140.708975,-2.732724 140.709244,-2.732724 140.709244,-2.732453 140.708975,-2.732453 140.708975,-2.732724</coordinates></LinearRing></outerBoundaryIs></Polygon>
<Polygon><outerBoundaryIs><LinearRing><coordinates>140.646971,-2.732165 140.646701,-2.732165 140.646701,-2.732436 140.646971,-2.732436 140.646971,-2.732165</coordinates></LinearRing></outerBoundaryIs></Polygon>
<Polygon><outerBoundaryIs><LinearRing><coordinates>140.709783,-2.732182 140.709514,-2.732182 140.709514,-2.732453 140.709783,-2.732453 140.709783,-2.732182</coordinates></LinearRing></outerBoundaryIs></Polygon>
<Polygon><outerBoundaryIs><LinearRing><coordinates>140.772535,-2.732677 140.772866,-2.732196 140.771608,-2.732287 140.771248,-2.733009 140.772535,-2.732677</coordinates></LinearRing></outerBoundaryIs></Polygon>
<Polygon><outerBoundaryIs><LinearRing><coordinates>140.709783,-2.732182 140.710053,-2.732182 140.710053,-2.731911 140.709783,-2.731911 140.709783,-2.732182</coordinates></LinearRing></outerBoundaryIs></Polygon>
<Polygon><outerBoundaryIs><LinearRing><coordinates>140.769796,-2.733446 140.770868,-2.733169 140.770979,-2.733009 140.769741,-2.732898 140.769251,-2.732035 140.768745,-2.731813 140.768231,-2.733194 140.768822,-2.734093 140.769796,-2.733446</coordinates></LinearRing></outerBoundaryIs></Polygon>
<Polygon><outerBoundaryIs><LinearRing><coordinates>140.693481,-2.735288 140.689407,-2.734991 140.689444,-2.734363 140.690785,-2.733947 140.691309,-2.733661 140.691943,-2.733369 140.691844,-2.731699 140.690455,-2.731782 140.689849,-2.732464 140.689422,-2.732847 140.689168,-2.733405 140.688613,-2.733660 140.688232,-2.734090 140.687804,-2.734473 140.687423,-2.734903 140.686933,-2.735342 140.687011,-2.736657 140.685330,-2.736920 140.683710,-2.738057 140.683052,-2.739498 140.682141,-2.740978 140.681887,-2.741663 140.683901,-2.741935 140.683630,-2.741240 140.683824,-2.739918 140.684893,-2.738246 140.687395,-2.736880 140.687912,-2.736208 140.688622,-2.735657 140.690777,-2.735977 140.692260,-2.735757 140.693742,-2.735978 140.695007,-2.735791 140.696808,-2.734448 140.698074,-2.733688 140.698191,-2.733535 140.698064,-2.733392 140.697604,-2.733136 140.696141,-2.734163 140.695368,-2.735033 140.694431,-2.735631 140.693481,-2.735288</coordinates></LinearRing></outerBoundaryIs></Polygon>
<Polygon><outerBoundaryIs><LinearRing><coordinates>140.708166,-2.733266 140.706403,-2.733140 140.704661,-2.731639 140.704767,-2.732346 140.706038,-2.733796 140.707386,-2.734185 140.707732,-2.733643 140.708060,-2.733431 140.708166,-2.733266</coordinates></LinearRing></outerBoundaryIs></Polygon>
<Polygon><outerBoundaryIs><LinearRing><coordinates>140.645893,-2.732436 140.645077,-2.731372 140.644182,-2.730962 140.642627,-2.731576 140.642840,-2.733034 140.643618,-2.733638 140.644088,-2.734250 140.644544,-2.734604 140.644424,-2.734183 140.643886,-2.732772 140.644430,-2.732252 140.645893,-2.732436</coordinates></LinearRing></outerBoundaryIs></Polygon>
<Polygon><outerBoundaryIs><LinearRing><coordinates>140.714367,-2.731099 140.714367,-2.730828 140.714097,-2.730828 140.714097,-2.731099 140.714367,-2.731099</coordinates></LinearRing></outerBoundaryIs></Polygon>
<Polygon><outerBoundaryIs><LinearRing><coordinates>140.698730,-2.733264 140.700172,-2.732604 140.702352,-2.732971 140.702028,-2.734337 140.701308,-2.734773 140.700617,-2.734891 140.700737,-2.735313 140.702284,-2.736559 140.703013,-2.739123 140.704693,-2.740150 140.706422,-2.739129 140.706667,-2.738164 140.704562,-2.737706 140.703762,-2.735795 140.703163,-2.735313 140.702803,-2.734861 140.702341,-2.734489 140.703113,-2.733426 140.703987,-2.732722 140.704122,-2.731639 140.704213,-2.731459 140.704750,-2.731186 140.705022,-2.730646 140.705559,-2.730373 140.705740,-2.730013 140.702983,-2.730186 140.702030,-2.732271 140.700907,-2.732579 140.700201,-2.731463 140.699267,-2.731518 140.698730,-2.733264</coordinates></LinearRing></outerBoundaryIs></Polygon>
<Polygon><outerBoundaryIs><LinearRing><coordinates>140.676621,-2.745186 140.675109,-2.745417 140.675213,-2.743665 140.674846,-2.742284 140.673592,-2.742359 140.673799,-2.745870 140.672178,-2.746174 140.669658,-2.746022 140.668803,-2.746489 140.667861,-2.745974 140.667599,-2.742872 140.667087,-2.741924 140.666052,-2.741446 140.664626,-2.741531 140.662705,-2.741415 140.661399,-2.740701 140.660648,-2.740354 140.660321,-2.739545 140.661652,-2.738350 140.661937,-2.737122 140.663018,-2.735566 140.663282,-2.734147 140.664905,-2.733398 140.665287,-2.732969 140.665761,-2.732543 140.665679,-2.731153 140.663068,-2.729947 140.662024,-2.730517 140.661577,-2.732445 140.660307,-2.732839 140.660052,-2.735836 140.659707,-2.737131 140.658649,-2.737460 140.658060,-2.738122 140.658236,-2.741100 140.656617,-2.741846 140.655576,-2.741277 140.654179,-2.742848 140.653977,-2.744366 140.655594,-2.743016 140.657631,-2.742240 140.659731,-2.740922 140.662792,-2.742053 140.666073,-2.742391 140.667042,-2.743765 140.666735,-2.745019 140.665838,-2.745183 140.665955,-2.745336 140.666093,-2.746271 140.668111,-2.748548 140.669913,-2.748826 140.670690,-2.747815 140.671433,-2.748783 140.673103,-2.748535 140.673503,-2.748014 140.673896,-2.747778 140.674759,-2.748903 140.675916,-2.749641 140.677576,-2.748405 140.677699,-2.746542 140.677550,-2.746662 140.676770,-2.747776 140.676231,-2.748210 140.674196,-2.747625 140.671955,-2.747905 140.670840,-2.747473 140.669462,-2.747232 140.668683,-2.746961 140.674674,-2.746209 140.676141,-2.745788 140.676621,-2.745186</coordinates></LinearRing></outerBoundaryIs><innerBoundaryIs><LinearRing><coordinates>140.664035,-2.731801 140.664125,-2.732411 140.663567,-2.733136 140.662860,-2.733685 140.662219,-2.734763 140.661645,-2.735541 140.661527,-2.735965 140.661161,-2.735680 140.660998,-2.734570 140.661402,-2.733578 140.662991,-2.731510 140.664035,-2.731801</coordinates></LinearRing></innerBoundaryIs></Polygon>
<Polygon><outerBoundaryIs><LinearRing><coordinates>140.705740,-2.730013 140.706010,-2.730013 140.706010,-2.729742 140.705740,-2.729741 140.705740,-2.730013</coordinates></LinearRing></outerBoundaryIs></Polygon>
<Polygon><outerBoundaryIs><LinearRing><coordinates>140.648858,-2.733250 140.648998,-2.732443 140.649911,-2.730881 140.649757,-2.729628 140.648578,-2.729334 140.647661,-2.729876 140.646736,-2.730268 140.646971,-2.732165 140.647290,-2.731944 140.647636,-2.731440 140.648602,-2.730808 140.648814,-2.731759 140.648532,-2.733024 140.648858,-2.733250</coordinates></LinearRing></outerBoundaryIs></Polygon>
<Polygon><outerBoundaryIs><LinearRing><coordinates>140.714097,-2.730828 140.714242,-2.729641 140.716082,-2.728885 140.716254,-2.728660 140.713931,-2.728762 140.712983,-2.729189 140.712575,-2.730393 140.711693,-2.730660 140.710862,-2.730285 140.710771,-2.731007 140.710323,-2.731911 140.710455,-2.732105 140.711975,-2.732448 140.713129,-2.731481 140.714097,-2.730828</coordinates></LinearRing></outerBoundaryIs></Polygon>
<Polygon><outerBoundaryIs><LinearRing><coordinates>140.706010,-2.729742 140.706439,-2.729631 140.707681,-2.728818 140.709404,-2.729040 140.710054,-2.729200 140.709832,-2.728330 140.708436,-2.728644 140.707223,-2.728370 140.706138,-2.728615 140.706010,-2.729742</coordinates></LinearRing></outerBoundaryIs></Polygon>
<Polygon><outerBoundaryIs><LinearRing><coordinates>140.774215,-2.727588 140.773786,-2.727477 140.773296,-2.727156 140.771931,-2.726663 140.771678,-2.728408 140.772377,-2.728893 140.772753,-2.730370 140.772866,-2.731925 140.773405,-2.731925 140.773405,-2.730841 140.773246,-2.730730 140.772903,-2.729384 140.773115,-2.728435 140.774104,-2.727748 140.774215,-2.727588</coordinates></LinearRing></outerBoundaryIs></Polygon>
<Polygon><outerBoundaryIs><LinearRing><coordinates>140.774215,-2.727588 140.775518,-2.727073 140.775984,-2.727435 140.776219,-2.727741 140.776371,-2.727859 140.776516,-2.727734 140.777141,-2.727005 140.775665,-2.725210 140.774445,-2.725308 140.773551,-2.726518 140.774215,-2.727588</coordinates></LinearRing></outerBoundaryIs></Polygon>
<Polygon><outerBoundaryIs><LinearRing><coordinates>140.788772,-2.725422 140.788772,-2.725151 140.788412,-2.724970 140.787964,-2.724879 140.787964,-2.725421 140.788772,-2.725422</coordinates></LinearRing></outerBoundaryIs></Polygon>
<Polygon><outerBoundaryIs><LinearRing><coordinates>140.810070,-2.724612 140.809371,-2.724501 140.808722,-2.724070 140.808861,-2.724982 140.809908,-2.725262 140.810070,-2.724612</coordinates></LinearRing></outerBoundaryIs></Polygon>
<Polygon><outerBoundaryIs><LinearRing><coordinates>140.810070,-2.724612 140.810339,-2.724612 140.810339,-2.723799 140.810070,-2.723799 140.810070,-2.724612</coordinates></LinearRing></outerBoundaryIs></Polygon>
<Polygon><outerBoundaryIs><LinearRing><coordinates>140.795395,-2.722288 140.793569,-2.722051 140.793238,-2.722865 140.793086,-2.722983 140.793356,-2.723525 140.794962,-2.723652 140.796661,-2.724683 140.798159,-2.723567 140.798040,-2.722753 140.795724,-2.723096 140.795395,-2.722288</coordinates></LinearRing></outerBoundaryIs></Polygon>
<Polygon><outerBoundaryIs><LinearRing><coordinates>140.649670,-2.721594 140.648187,-2.721838 140.646705,-2.721593 140.646824,-2.721744 140.648255,-2.722618 140.649157,-2.722505 140.649670,-2.721594</coordinates></LinearRing></outerBoundaryIs></Polygon>
<Polygon><outerBoundaryIs><LinearRing><coordinates>140.808722,-2.724070 140.808847,-2.723044 140.810070,-2.723528 140.809960,-2.723096 140.809389,-2.722214 140.809261,-2.721088 140.808942,-2.721309 140.808569,-2.721852 140.807483,-2.721607 140.806296,-2.721900 140.806413,-2.722053 140.807976,-2.722491 140.808570,-2.723951 140.808722,-2.724070</coordinates></LinearRing></outerBoundaryIs></Polygon>
<Polygon><outerBoundaryIs><LinearRing><coordinates>140.652687,-2.721031 140.652366,-2.720781 140.651716,-2.721213 140.650209,-2.721323 140.650561,-2.721782 140.651900,-2.722822 140.652986,-2.723068 140.652687,-2.721031</coordinates></LinearRing></outerBoundaryIs></Polygon>
<Polygon><outerBoundaryIs><LinearRing><coordinates>140.641583,-2.720236 140.642236,-2.721153 140.643627,-2.721434 140.645306,-2.721948 140.646165,-2.721593 140.646046,-2.721442 140.643869,-2.721168 140.642002,-2.720357 140.641583,-2.720236</coordinates></LinearRing></outerBoundaryIs></Polygon>
<Polygon><outerBoundaryIs><LinearRing><coordinates>140.653444,-2.720511 140.653444,-2.720240 140.653175,-2.720239 140.653175,-2.720511 140.653444,-2.720511</coordinates></LinearRing></outerBoundaryIs></Polygon>
<Polygon><outerBoundaryIs><LinearRing><coordinates>140.714367,-2.731099 140.714555,-2.732117 140.715984,-2.732032 140.717162,-2.732103 140.718867,-2.731172 140.718751,-2.729211 140.720115,-2.727443 140.721662,-2.727081 140.722404,-2.726247 140.722897,-2.725167 140.723676,-2.724467 140.723931,-2.724181 140.725294,-2.723654 140.726080,-2.723225 140.727720,-2.722842 140.729159,-2.722323 140.730416,-2.722029 140.730671,-2.721429 140.729236,-2.720140 140.727381,-2.721153 140.726358,-2.721471 140.725564,-2.721757 140.724395,-2.722030 140.723240,-2.722661 140.722598,-2.723383 140.721995,-2.723661 140.721520,-2.724196 140.719798,-2.724598 140.719363,-2.725551 140.718269,-2.726348 140.716254,-2.728660 140.717931,-2.728178 140.718723,-2.727184 140.718561,-2.728269 140.718261,-2.729052 140.717871,-2.730861 140.716345,-2.731762 140.715295,-2.731521 140.714367,-2.731099</coordinates></LinearRing></outerBoundaryIs><innerBoundaryIs><LinearRing><coordinates>140.721286,-2.725820 140.721107,-2.726221 140.720207,-2.726089 140.720109,-2.725771 140.721168,-2.725440 140.721286,-2.725820</coordinates></LinearRing></innerBoundaryIs></Polygon>
<Polygon><outerBoundaryIs><LinearRing><coordinates>140.641583,-2.720236 140.641583,-2.719965 140.641044,-2.719965 140.641044,-2.720236 140.641583,-2.720236</coordinates></LinearRing></outerBoundaryIs></Polygon>
<Polygon><outerBoundaryIs><LinearRing><coordinates>140.640235,-2.719693 140.640235,-2.719965 140.640774,-2.719965 140.640774,-2.719694 140.640235,-2.719693</coordinates></LinearRing></outerBoundaryIs></Polygon>
<Polygon><outerBoundaryIs><LinearRing><coordinates>140.809261,-2.721088 140.809421,-2.720977 140.809641,-2.720385 140.810070,-2.719732 140.809262,-2.719732 140.809261,-2.721088</coordinates></LinearRing></outerBoundaryIs></Polygon>
<Polygon><outerBoundaryIs><LinearRing><coordinates>140.635922,-2.719421 140.635922,-2.719692 140.639157,-2.719693 140.639157,-2.719422 140.635922,-2.719421</coordinates></LinearRing></outerBoundaryIs></Polygon>
<Polygon><outerBoundaryIs><LinearRing><coordinates>140.640235,-2.719693 140.640235,-2.719422 140.639427,-2.719422 140.639426,-2.719693 140.640235,-2.719693</coordinates></LinearRing></outerBoundaryIs></Polygon>
<Polygon><outerBoundaryIs><LinearRing><coordinates>140.669889,-2.719973 140.669889,-2.719431 140.669619,-2.719431 140.669619,-2.719973 140.669889,-2.719973</coordinates></LinearRing></outerBoundaryIs></Polygon>
<Polygon><outerBoundaryIs><LinearRing><coordinates>140.669889,-2.719973 140.669957,-2.720717 140.671029,-2.721801 140.672242,-2.721940 140.672315,-2.719432 140.672156,-2.719542 140.671893,-2.720247 140.671114,-2.720788 140.669889,-2.719973</coordinates></LinearRing></outerBoundaryIs></Polygon>
<Polygon><outerBoundaryIs><LinearRing><coordinates>140.799835,-2.719365 140.798885,-2.719885 140.799287,-2.720273 140.799835,-2.719365</coordinates></LinearRing></outerBoundaryIs></Polygon>
<Polygon><outerBoundaryIs><LinearRing><coordinates>140.810070,-2.719732 140.810879,-2.719190 140.811149,-2.719190 140.811149,-2.718919 140.810070,-2.718919 140.810070,-2.719732</coordinates></LinearRing></outerBoundaryIs></Polygon>
<Polygon><outerBoundaryIs><LinearRing><coordinates>140.635922,-2.719421 140.635802,-2.719271 140.634694,-2.719029 140.633227,-2.718607 140.633813,-2.719267 140.635922,-2.719421</coordinates></LinearRing></outerBoundaryIs></Polygon>
<Polygon><outerBoundaryIs><LinearRing><coordinates>140.811149,-2.718919 140.811761,-2.718811 140.811299,-2.718567 140.811149,-2.718919</coordinates></LinearRing></outerBoundaryIs></Polygon>
<Polygon><outerBoundaryIs><LinearRing><coordinates>140.633227,-2.718607 140.633227,-2.718336 140.632687,-2.718336 140.632687,-2.718607 140.633227,-2.718607</coordinates></LinearRing></outerBoundaryIs></Polygon>
<Polygon><outerBoundaryIs><LinearRing><coordinates>140.669619,-2.719431 140.669373,-2.718466 140.668811,-2.718075 140.669057,-2.719040 140.669619,-2.719431</coordinates></LinearRing></outerBoundaryIs></Polygon>
<Polygon><outerBoundaryIs><LinearRing><coordinates>140.812766,-2.718106 140.812154,-2.718215 140.812616,-2.718459 140.812766,-2.718106</coordinates></LinearRing></outerBoundaryIs></Polygon>
<Polygon><outerBoundaryIs><LinearRing><coordinates>140.812766,-2.718106 140.813306,-2.718106 140.813306,-2.717835 140.812766,-2.717835 140.812766,-2.718106</coordinates></LinearRing></outerBoundaryIs></Polygon>
<Polygon><outerBoundaryIs><LinearRing><coordinates>140.668541,-2.717533 140.668541,-2.717804 140.668811,-2.717804 140.668811,-2.717533 140.668541,-2.717533</coordinates></LinearRing></outerBoundaryIs></Polygon>
<Polygon><outerBoundaryIs><LinearRing><coordinates>140.804012,-2.721486 140.803188,-2.721230 140.802934,-2.720672 140.802380,-2.719874 140.801772,-2.718541 140.800904,-2.717434 140.798672,-2.718035 140.798351,-2.718990 140.800875,-2.719330 140.801885,-2.720466 140.801838,-2.721255 140.799899,-2.721857 140.800095,-2.723526 140.800274,-2.723617 140.800546,-2.724157 140.800904,-2.724339 140.800973,-2.723318 140.801904,-2.722388 140.802051,-2.724271 140.802252,-2.724340 140.803319,-2.722478 140.804284,-2.722046 140.804409,-2.721900 140.804266,-2.721772 140.804012,-2.721486</coordinates></LinearRing></outerBoundaryIs><innerBoundaryIs><LinearRing><coordinates>140.802193,-2.722083 140.802706,-2.721585 140.802791,-2.722171 140.802193,-2.722083</coordinates></LinearRing></innerBoundaryIs></Polygon>
<Polygon><outerBoundaryIs><LinearRing><coordinates>140.668541,-2.717533 140.668542,-2.717262 140.668272,-2.717262 140.668272,-2.717533 140.668541,-2.717533</coordinates></LinearRing></outerBoundaryIs></Polygon>
<Polygon><outerBoundaryIs><LinearRing><coordinates>140.672190,-2.717737 140.671507,-2.717263 140.671651,-2.717783 140.672163,-2.719042 140.672315,-2.719160 140.672190,-2.717737</coordinates></LinearRing></outerBoundaryIs></Polygon>
<Polygon><outerBoundaryIs><LinearRing><coordinates>140.668272,-2.717262 140.668272,-2.716991 140.667733,-2.716991 140.667733,-2.717262 140.668272,-2.717262</coordinates></LinearRing></outerBoundaryIs></Polygon>
<Polygon><outerBoundaryIs><LinearRing><coordinates>140.814384,-2.716751 140.814384,-2.716480 140.814115,-2.716480 140.814114,-2.716751 140.814384,-2.716751</coordinates></LinearRing></outerBoundaryIs></Polygon>
<Polygon><outerBoundaryIs><LinearRing><coordinates>140.667733,-2.716991 140.667225,-2.716397 140.664689,-2.716051 140.662756,-2.717135 140.661444,-2.717723 140.659790,-2.718760 140.657453,-2.719611 140.656137,-2.720349 140.655070,-2.720672 140.653444,-2.720511 140.654083,-2.721179 140.655692,-2.721213 140.656547,-2.720650 140.657364,-2.720093 140.660251,-2.719527 140.662580,-2.717941 140.663019,-2.718480 140.662478,-2.719535 140.664080,-2.719729 140.664400,-2.716450 140.665978,-2.716857 140.667733,-2.716991</coordinates></LinearRing></outerBoundaryIs></Polygon>
<Polygon><outerBoundaryIs><LinearRing><coordinates>140.816541,-2.714040 140.815835,-2.714144 140.815491,-2.714705 140.814507,-2.715043 140.814384,-2.716209 140.814544,-2.716098 140.814984,-2.715457 140.816101,-2.714682 140.816541,-2.714040</coordinates></LinearRing></outerBoundaryIs></Polygon>
<Polygon><outerBoundaryIs><LinearRing><coordinates>140.672178,-2.716019 140.672711,-2.714043 140.672047,-2.713468 140.671880,-2.713571 140.671075,-2.715984 140.670968,-2.716720 140.672178,-2.716019</coordinates></LinearRing></outerBoundaryIs></Polygon>
<Polygon><outerBoundaryIs><LinearRing><coordinates>140.678517,-2.713740 140.678669,-2.715577 140.679736,-2.715491 140.680528,-2.715784 140.681486,-2.716035 140.682684,-2.714638 140.682830,-2.713199 140.682685,-2.713325 140.682436,-2.713887 140.682043,-2.714595 140.680633,-2.714951 140.678517,-2.713740</coordinates></LinearRing></outerBoundaryIs></Polygon>
<Polygon><outerBoundaryIs><LinearRing><coordinates>140.816541,-2.714040 140.817173,-2.713878 140.817620,-2.713227 140.816541,-2.713227 140.816541,-2.714040</coordinates></LinearRing></outerBoundaryIs></Polygon>
<Polygon><outerBoundaryIs><LinearRing><coordinates>140.651020,-2.712106 140.651021,-2.711835 140.650751,-2.711835 140.650751,-2.712106 140.651020,-2.712106</coordinates></LinearRing></outerBoundaryIs></Polygon>
<Polygon><outerBoundaryIs><LinearRing><coordinates>140.818595,-2.712853 140.819308,-2.712350 140.820685,-2.711878 140.820855,-2.711601 140.818159,-2.711601 140.818159,-2.712956 140.818595,-2.712853</coordinates></LinearRing></outerBoundaryIs></Polygon>
<Polygon><outerBoundaryIs><LinearRing><coordinates>140.682662,-2.711443 140.681023,-2.712291 140.680674,-2.712657 140.682195,-2.712406 140.682830,-2.712657 140.682662,-2.711443</coordinates></LinearRing></outerBoundaryIs></Polygon>
<Polygon><outerBoundaryIs><LinearRing><coordinates>140.650258,-2.711391 140.648325,-2.711292 140.648478,-2.711492 140.650481,-2.711835 140.650258,-2.711391</coordinates></LinearRing></outerBoundaryIs></Polygon>
<Polygon><outerBoundaryIs><LinearRing><coordinates>140.678517,-2.713740 140.677698,-2.712630 140.678373,-2.712231 140.679596,-2.712385 140.679750,-2.712270 140.679980,-2.711576 140.678092,-2.711185 140.676768,-2.712008 140.675822,-2.711571 140.674893,-2.711992 140.672819,-2.712295 140.672317,-2.712926 140.672699,-2.713084 140.675439,-2.713311 140.677012,-2.713627 140.678517,-2.713740</coordinates></LinearRing></outerBoundaryIs></Polygon>
<Polygon><outerBoundaryIs><LinearRing><coordinates>140.676091,-2.711029 140.675822,-2.711029 140.675822,-2.711300 140.676091,-2.711300 140.676091,-2.711029</coordinates></LinearRing></outerBoundaryIs></Polygon>
<Polygon><outerBoundaryIs><LinearRing><coordinates>140.822203,-2.710788 140.821394,-2.710788 140.821394,-2.711330 140.822112,-2.710968 140.822203,-2.710788</coordinates></LinearRing></outerBoundaryIs></Polygon>
<Polygon><outerBoundaryIs><LinearRing><coordinates>140.822203,-2.710788 140.822621,-2.710575 140.822742,-2.709975 140.822203,-2.709975 140.822203,-2.710788</coordinates></LinearRing></outerBoundaryIs></Polygon>
<Polygon><outerBoundaryIs><LinearRing><coordinates>140.647137,-2.710318 140.646548,-2.710097 140.645899,-2.709665 140.645969,-2.710145 140.646776,-2.710952 140.647247,-2.711021 140.647137,-2.710318</coordinates></LinearRing></outerBoundaryIs></Polygon>
<Polygon><outerBoundaryIs><LinearRing><coordinates>140.645899,-2.709394 140.645899,-2.709123 140.645630,-2.709123 140.645630,-2.709394 140.645899,-2.709394</coordinates></LinearRing></outerBoundaryIs></Polygon>
<Polygon><outerBoundaryIs><LinearRing><coordinates>140.638621,-2.708579 140.638082,-2.708578 140.638351,-2.708957 140.638621,-2.708579</coordinates></LinearRing></outerBoundaryIs></Polygon>
<Polygon><outerBoundaryIs><LinearRing><coordinates>140.630534,-2.708576 140.628801,-2.708300 140.629455,-2.708847 140.630534,-2.708847 140.630534,-2.708576</coordinates></LinearRing></outerBoundaryIs></Polygon>
<Polygon><outerBoundaryIs><LinearRing><coordinates>140.639489,-2.708486 140.639253,-2.708248 140.639160,-2.708579 140.639489,-2.708486</coordinates></LinearRing></outerBoundaryIs></Polygon>
<Polygon><outerBoundaryIs><LinearRing><coordinates>140.954836,-2.708632 140.955433,-2.708511 140.955645,-2.708090 140.955048,-2.708211 140.954836,-2.708632</coordinates></LinearRing></outerBoundaryIs></Polygon>
<Polygon><outerBoundaryIs><LinearRing><coordinates>140.639877,-2.707706 140.639640,-2.707944 140.639969,-2.708037 140.639877,-2.707706</coordinates></LinearRing></outerBoundaryIs></Polygon>
<Polygon><outerBoundaryIs><LinearRing><coordinates>140.823821,-2.707535 140.823012,-2.707535 140.823012,-2.709433 140.823164,-2.709315 140.823677,-2.708056 140.823821,-2.707535</coordinates></LinearRing></outerBoundaryIs></Polygon>
<Polygon><outerBoundaryIs><LinearRing><coordinates>140.959419,-2.707548 140.957951,-2.707969 140.956184,-2.708090 140.956294,-2.708250 140.958785,-2.708472 140.959419,-2.707548</coordinates></LinearRing></outerBoundaryIs></Polygon>
<Polygon><outerBoundaryIs><LinearRing><coordinates>140.630534,-2.708576 140.631223,-2.708456 140.632904,-2.707974 140.635271,-2.707678 140.636974,-2.708337 140.637812,-2.708578 140.637229,-2.707897 140.635722,-2.707220 140.631324,-2.707654 140.630534,-2.708576</coordinates></LinearRing></outerBoundaryIs></Polygon>
<Polygon><outerBoundaryIs><LinearRing><coordinates>140.987995,-2.707006 140.987995,-2.707277 140.988534,-2.707277 140.988534,-2.707006 140.987995,-2.707006</coordinates></LinearRing></outerBoundaryIs></Polygon>
<Polygon><outerBoundaryIs><LinearRing><coordinates>140.823821,-2.707535 140.824090,-2.707535 140.824090,-2.706722 140.823821,-2.706722 140.823821,-2.707535</coordinates></LinearRing></outerBoundaryIs></Polygon>
<Polygon><outerBoundaryIs><LinearRing><coordinates>140.987995,-2.707006 140.987995,-2.706735 140.987725,-2.706735 140.987725,-2.707006 140.987995,-2.707006</coordinates></LinearRing></outerBoundaryIs></Polygon>
<Polygon><outerBoundaryIs><LinearRing><coordinates>140.830958,-2.715539 140.830616,-2.714810 140.831508,-2.713641 140.831768,-2.711462 140.832317,-2.711202 140.832576,-2.710649 140.837170,-2.710389 140.837429,-2.709417 140.836620,-2.709033 140.836361,-2.708481 140.835812,-2.708220 140.835553,-2.706854 140.833725,-2.706593 140.833396,-2.707826 140.834205,-2.708209 140.834464,-2.709002 140.832037,-2.709294 140.831778,-2.709846 140.831229,-2.710107 140.830969,-2.710659 140.829611,-2.710920 140.829352,-2.711472 140.827993,-2.711733 140.827734,-2.715144 140.828542,-2.715528 140.828802,-2.715820 140.826189,-2.715716 140.825847,-2.714986 140.824747,-2.714464 140.825079,-2.713833 140.825814,-2.713149 140.825977,-2.710247 140.825810,-2.710350 140.825176,-2.712243 140.824898,-2.712415 140.824898,-2.712686 140.824629,-2.712686 140.824499,-2.712827 140.823233,-2.715232 140.824058,-2.716800 140.827733,-2.717154 140.829883,-2.719029 140.830156,-2.719898 140.831022,-2.719863 140.832079,-2.719301 140.832845,-2.717657 140.831607,-2.715846 140.830958,-2.715539</coordinates></LinearRing></outerBoundaryIs><innerBoundaryIs><LinearRing><coordinates>140.829960,-2.718016 140.830197,-2.717778 140.830289,-2.718109 140.829960,-2.718016</coordinates></LinearRing></innerBoundaryIs></Polygon>
<Polygon><outerBoundaryIs><LinearRing><coordinates>140.640509,-2.706410 140.640166,-2.706558 140.640399,-2.707034 140.640509,-2.706410</coordinates></LinearRing></outerBoundaryIs></Polygon>
<Polygon><outerBoundaryIs><LinearRing><coordinates>140.987725,-2.706735 140.987725,-2.706464 140.987456,-2.706464 140.987456,-2.706735 140.987725,-2.706735</coordinates></LinearRing></outerBoundaryIs></Polygon>
<Polygon><outerBoundaryIs><LinearRing><coordinates>140.630804,-2.706136 140.630804,-2.705865 140.630535,-2.705865 140.630535,-2.706136 140.630804,-2.706136</coordinates></LinearRing></outerBoundaryIs></Polygon>
<Polygon><outerBoundaryIs><LinearRing><coordinates>140.987456,-2.706464 140.987456,-2.705922 140.987186,-2.705922 140.987186,-2.706464 140.987456,-2.706464</coordinates></LinearRing></outerBoundaryIs></Polygon>
<Polygon><outerBoundaryIs><LinearRing><coordinates>140.823821,-2.705638 140.823821,-2.706451 140.824360,-2.706451 140.824240,-2.705851 140.823821,-2.705638</coordinates></LinearRing></outerBoundaryIs></Polygon>
<Polygon><outerBoundaryIs><LinearRing><coordinates>140.644283,-2.705327 140.644393,-2.705759 140.645145,-2.706920 140.645471,-2.708199 140.645630,-2.708310 140.645468,-2.706355 140.644283,-2.705327</coordinates></LinearRing></outerBoundaryIs></Polygon>
<Polygon><outerBoundaryIs><LinearRing><coordinates>140.914939,-2.705377 140.915208,-2.705377 140.915208,-2.705106 140.914939,-2.705106 140.914939,-2.705377</coordinates></LinearRing></outerBoundaryIs></Polygon>
<Polygon><outerBoundaryIs><LinearRing><coordinates>140.664889,-2.708950 140.665160,-2.707080 140.665640,-2.706694 140.665969,-2.705229 140.664490,-2.704941 140.663633,-2.706017 140.661925,-2.706266 140.661685,-2.706737 140.662692,-2.707163 140.663003,-2.707978 140.661924,-2.708435 140.661445,-2.709037 140.659768,-2.709518 140.659160,-2.709877 140.657072,-2.710331 140.656832,-2.711174 140.656282,-2.711616 140.656012,-2.712565 140.655279,-2.712474 140.654042,-2.711742 140.653112,-2.711444 140.652368,-2.712378 140.653815,-2.712517 140.655115,-2.713526 140.655661,-2.716765 140.656528,-2.717411 140.657489,-2.717530 140.656490,-2.716274 140.655862,-2.714628 140.656281,-2.714101 140.656531,-2.714698 140.658267,-2.714953 140.657453,-2.715607 140.657639,-2.717108 140.657758,-2.717259 140.658936,-2.716903 140.659771,-2.714912 140.659110,-2.713918 140.657947,-2.713396 140.657532,-2.712646 140.658721,-2.711258 140.659522,-2.710899 140.661455,-2.709815 140.662656,-2.710210 140.663027,-2.710880 140.664039,-2.713563 140.666665,-2.714676 140.667876,-2.714226 140.668946,-2.711815 140.670658,-2.709818 140.672338,-2.710093 140.673396,-2.710757 140.673246,-2.709553 140.671005,-2.708907 140.670581,-2.707895 140.669806,-2.707654 140.669429,-2.710679 140.667854,-2.712503 140.667614,-2.713617 140.667074,-2.714051 140.664758,-2.713385 140.665399,-2.711711 140.664080,-2.710905 140.663841,-2.710392 140.664889,-2.708950</coordinates></LinearRing></outerBoundaryIs></Polygon>
<Polygon><outerBoundaryIs><LinearRing><coordinates>140.946749,-2.704836 140.946749,-2.705107 140.948367,-2.705107 140.948367,-2.704836 140.946749,-2.704836</coordinates></LinearRing></outerBoundaryIs></Polygon>
<Polygon><outerBoundaryIs><LinearRing><coordinates>140.995677,-2.706629 140.995403,-2.705187 140.990690,-2.704837 140.990925,-2.705143 140.993657,-2.705610 140.994143,-2.706420 140.992180,-2.707282 140.991230,-2.707548 140.991388,-2.707720 140.992502,-2.707676 140.994180,-2.706783 140.995064,-2.707253 140.995428,-2.714117 140.996826,-2.714562 140.997541,-2.716086 140.998284,-2.716354 140.998638,-2.715377 140.997716,-2.714030 140.997020,-2.713382 140.997044,-2.712775 140.996730,-2.707609 140.995677,-2.706629</coordinates></LinearRing></outerBoundaryIs></Polygon>
<Polygon><outerBoundaryIs><LinearRing><coordinates>140.946749,-2.704836 140.946749,-2.704565 140.946479,-2.704565 140.946479,-2.704836 140.946749,-2.704836</coordinates></LinearRing></outerBoundaryIs></Polygon>
<Polygon><outerBoundaryIs><LinearRing><coordinates>140.949984,-2.704836 140.949984,-2.704565 140.949175,-2.704565 140.949175,-2.704836 140.949984,-2.704836</coordinates></LinearRing></outerBoundaryIs></Polygon>
<Polygon><outerBoundaryIs><LinearRing><coordinates>140.990151,-2.704566 140.990151,-2.704837 140.990421,-2.704837 140.990421,-2.704566 140.990151,-2.704566</coordinates></LinearRing></outerBoundaryIs></Polygon>
<Polygon><outerBoundaryIs><LinearRing><coordinates>140.945671,-2.704294 140.945671,-2.704565 140.946210,-2.704565 140.946210,-2.704294 140.945671,-2.704294</coordinates></LinearRing></outerBoundaryIs></Polygon>
<Polygon><outerBoundaryIs><LinearRing><coordinates>140.990151,-2.704566 140.990151,-2.704295 140.989882,-2.704295 140.989882,-2.704566 140.990151,-2.704566</coordinates></LinearRing></outerBoundaryIs></Polygon>
<Polygon><outerBoundaryIs><LinearRing><coordinates>140.945671,-2.704294 140.945671,-2.704023 140.945401,-2.704023 140.945401,-2.704294 140.945671,-2.704294</coordinates></LinearRing></outerBoundaryIs></Polygon>
<Polygon><outerBoundaryIs><LinearRing><coordinates>140.945132,-2.704023 140.945132,-2.703752 140.944862,-2.703752 140.944862,-2.704023 140.945132,-2.704023</coordinates></LinearRing></outerBoundaryIs></Polygon>
<Polygon><outerBoundaryIs><LinearRing><coordinates>140.824091,-2.703469 140.824340,-2.703760 140.825632,-2.704880 140.826626,-2.706671 140.826731,-2.707996 140.825977,-2.709704 140.826717,-2.709636 140.826854,-2.708960 140.827526,-2.708822 140.827663,-2.708418 140.828065,-2.708280 140.828203,-2.707652 140.827663,-2.707467 140.827526,-2.706792 140.826855,-2.706654 140.826718,-2.705165 140.826046,-2.704485 140.825909,-2.703538 140.824091,-2.703469</coordinates></LinearRing></outerBoundaryIs></Polygon>
<Polygon><outerBoundaryIs><LinearRing><coordinates>140.944323,-2.703481 140.944323,-2.703752 140.944592,-2.703752 140.944592,-2.703481 140.944323,-2.703481</coordinates></LinearRing></outerBoundaryIs></Polygon>
<Polygon><outerBoundaryIs><LinearRing><coordinates>140.644283,-2.705327 140.644161,-2.703634 140.643301,-2.703319 140.641547,-2.704059 140.640623,-2.705403 140.640509,-2.706410 140.640688,-2.706319 140.641048,-2.705597 140.641048,-2.705326 140.641318,-2.705326 140.641318,-2.705055 140.641587,-2.705055 140.642036,-2.704403 140.643286,-2.704664 140.644283,-2.705327</coordinates></LinearRing></outerBoundaryIs></Polygon>
<Polygon><outerBoundaryIs><LinearRing><coordinates>140.629457,-2.702883 140.629457,-2.703154 140.629996,-2.703154 140.629996,-2.702883 140.629457,-2.702883</coordinates></LinearRing></outerBoundaryIs></Polygon>
<Polygon><outerBoundaryIs><LinearRing><coordinates>140.634818,-2.702805 140.632018,-2.703030 140.630731,-2.702926 140.630535,-2.703154 140.630638,-2.703322 140.633152,-2.703532 140.634381,-2.703953 140.633729,-2.705017 140.631716,-2.705698 140.631613,-2.705866 140.632798,-2.705710 140.634973,-2.704908 140.636479,-2.704632 140.636860,-2.703919 140.635243,-2.703301 140.634818,-2.702805</coordinates></LinearRing></outerBoundaryIs></Polygon>
<Polygon><outerBoundaryIs><LinearRing><coordinates>140.629457,-2.702883 140.629457,-2.702612 140.629188,-2.702612 140.629188,-2.702883 140.629457,-2.702883</coordinates></LinearRing></outerBoundaryIs></Polygon>
<Polygon><outerBoundaryIs><LinearRing><coordinates>140.824091,-2.703469 140.823364,-2.702522 140.821934,-2.702384 140.822079,-2.702566 140.823402,-2.703349 140.824091,-2.703469</coordinates></LinearRing></outerBoundaryIs></Polygon>
<Polygon><outerBoundaryIs><LinearRing><coordinates>140.954836,-2.708632 140.953843,-2.708538 140.953395,-2.707611 140.954204,-2.707183 140.954297,-2.707005 140.953307,-2.706237 140.953511,-2.704852 140.952410,-2.704399 140.951754,-2.702786 140.951241,-2.701931 140.950793,-2.701583 140.950883,-2.702034 140.951423,-2.703125 140.951207,-2.704083 140.950793,-2.704294 140.950931,-2.704734 140.951472,-2.705238 140.951797,-2.706951 140.952303,-2.708030 140.953618,-2.709255 140.953356,-2.711235 140.952809,-2.711744 140.952550,-2.712839 140.951741,-2.713223 140.952000,-2.715550 140.953114,-2.715817 140.953618,-2.716363 140.954038,-2.716754 140.954446,-2.717197 140.955245,-2.717166 140.956044,-2.717719 140.956863,-2.717979 140.957122,-2.718803 140.957931,-2.719557 140.957672,-2.722327 140.957392,-2.722588 140.957132,-2.722869 140.956054,-2.723874 140.957038,-2.726234 140.957520,-2.727151 140.956593,-2.727591 140.956852,-2.728562 140.957413,-2.728828 140.956747,-2.729144 140.956269,-2.732160 140.953147,-2.734098 140.952621,-2.735218 140.951768,-2.736144 140.950392,-2.736582 140.950651,-2.739406 140.951456,-2.740935 140.951490,-2.741789 140.951330,-2.742247 140.952750,-2.742377 140.954722,-2.743716 140.956015,-2.744788 140.958097,-2.745208 140.959440,-2.746176 140.958681,-2.747240 140.955217,-2.747013 140.954453,-2.746698 140.953757,-2.746584 140.954550,-2.747510 140.958065,-2.747794 140.960182,-2.747494 140.961533,-2.745917 140.963054,-2.746545 140.963192,-2.748211 140.963349,-2.748098 140.963731,-2.747562 140.964113,-2.748098 140.964820,-2.748608 140.964270,-2.748753 140.964143,-2.748897 140.964063,-2.750244 140.965221,-2.750779 140.966023,-2.751217 140.966824,-2.750779 140.967648,-2.750523 140.968925,-2.750062 140.969250,-2.748443 140.968371,-2.748083 140.967377,-2.748626 140.966709,-2.748586 140.965499,-2.747925 140.964667,-2.747541 140.964038,-2.745492 140.962780,-2.745101 140.962256,-2.744815 140.961257,-2.744559 140.959975,-2.745460 140.958565,-2.744689 140.956849,-2.744288 140.955561,-2.743941 140.955085,-2.742389 140.953075,-2.742119 140.952821,-2.741290 140.952536,-2.740763 140.951845,-2.739250 140.951244,-2.737291 140.952361,-2.736944 140.953466,-2.735700 140.953884,-2.734784 140.956310,-2.733287 140.957389,-2.732074 140.957816,-2.731690 140.958198,-2.730447 140.958482,-2.729920 140.958839,-2.725337 140.957843,-2.724877 140.958718,-2.723617 140.959007,-2.719603 140.959428,-2.718424 140.958415,-2.717110 140.957333,-2.716611 140.956596,-2.714995 140.953556,-2.714637 140.953670,-2.712712 140.955222,-2.711580 140.955503,-2.710586 140.954963,-2.709588 140.954836,-2.708632</coordinates></LinearRing></outerBoundaryIs><innerBoundaryIs><LinearRing><coordinates>140.954540,-2.716287 140.954383,-2.715017 140.955865,-2.715271 140.956341,-2.716084 140.956184,-2.716493 140.954540,-2.716287</coordinates></LinearRing></innerBoundaryIs><innerBoundaryIs><LinearRing><coordinates>140.964979,-2.749445 140.965948,-2.749211 140.966158,-2.749567 140.964979,-2.749445</coordinates></LinearRing></innerBoundaryIs></Polygon>
<Polygon><outerBoundaryIs><LinearRing><coordinates>140.950793,-2.701583 140.950793,-2.701041 140.950254,-2.701041 140.950435,-2.701401 140.950793,-2.701583</coordinates></LinearRing></outerBoundaryIs></Polygon>
<Polygon><outerBoundaryIs><LinearRing><coordinates>140.950254,-2.701041 140.950254,-2.700770 140.949984,-2.700770 140.949984,-2.701041 140.950254,-2.701041</coordinates></LinearRing></outerBoundaryIs></Polygon>
<Polygon><outerBoundaryIs><LinearRing><coordinates>140.914939,-2.705377 140.914512,-2.705760 140.913621,-2.707711 140.912670,-2.709470 140.912385,-2.710399 140.911850,-2.711899 140.912711,-2.715134 140.912639,-2.716350 140.907369,-2.716619 140.906993,-2.714992 140.906578,-2.714736 140.904638,-2.717237 140.904297,-2.719073 140.903892,-2.720209 140.902125,-2.721498 140.899126,-2.724268 140.897630,-2.724959 140.895171,-2.724430 140.892920,-2.726440 140.891299,-2.726919 140.890758,-2.726310 140.890829,-2.725109 140.893472,-2.722063 140.893768,-2.720070 140.893197,-2.719013 140.891975,-2.718449 140.890646,-2.719382 140.889544,-2.719316 140.888903,-2.717912 140.888963,-2.716896 140.888915,-2.716083 140.888989,-2.714849 140.890009,-2.713379 140.891216,-2.711209 140.893953,-2.709946 140.896465,-2.707672 140.898097,-2.707416 140.898621,-2.706976 140.897721,-2.706561 140.896763,-2.706618 140.895745,-2.706062 140.895402,-2.703961 140.897863,-2.701750 140.897795,-2.700608 140.896508,-2.700686 140.893352,-2.703289 140.892706,-2.704705 140.892079,-2.705865 140.889380,-2.705703 140.887685,-2.706315 140.885951,-2.706586 140.882052,-2.707791 140.879939,-2.707664 140.878957,-2.707128 140.878289,-2.706872 140.875897,-2.708179 140.873424,-2.708864 140.873154,-2.709168 140.874631,-2.709851 140.875749,-2.710112 140.876249,-2.709570 140.877337,-2.709309 140.878675,-2.708486 140.883268,-2.708226 140.883797,-2.707944 140.884621,-2.707553 140.885414,-2.707131 140.886133,-2.706790 140.887506,-2.707741 140.889463,-2.707663 140.890223,-2.707693 140.890536,-2.710715 140.889997,-2.711740 140.889738,-2.712293 140.889436,-2.712865 140.888347,-2.713382 140.888390,-2.714461 140.885144,-2.714722 140.884885,-2.715520 140.888010,-2.715822 140.888379,-2.716679 140.887375,-2.717614 140.887850,-2.718517 140.888254,-2.719802 140.889198,-2.720415 140.889516,-2.721427 140.890391,-2.721770 140.892153,-2.720686 140.892615,-2.720425 140.892961,-2.721461 140.891613,-2.723126 140.891354,-2.723678 140.890103,-2.725223 140.889736,-2.726389 140.889116,-2.726683 140.888154,-2.727728 140.887569,-2.728005 140.887310,-2.728475 140.888388,-2.728818 140.889326,-2.729318 140.890381,-2.728757 140.891463,-2.727583 140.893510,-2.726932 140.894542,-2.726218 140.894968,-2.725311 140.897615,-2.726009 140.899112,-2.724855 140.900278,-2.724484 140.900779,-2.723940 140.902176,-2.722836 140.903480,-2.722888 140.905514,-2.722807 140.906171,-2.721722 140.905632,-2.720698 140.905373,-2.720032 140.905789,-2.719342 140.906311,-2.720454 140.907403,-2.720410 140.907789,-2.717977 140.910225,-2.717716 140.911293,-2.717435 140.912382,-2.717174 140.913719,-2.716463 140.913989,-2.713911 140.914291,-2.713045 140.914886,-2.709295 140.916147,-2.709345 140.916692,-2.708753 140.917220,-2.709877 140.918354,-2.709832 140.919231,-2.708880 140.920071,-2.708098 140.920500,-2.707632 140.920457,-2.706524 140.919872,-2.706060 140.918993,-2.707014 140.917888,-2.708043 140.916966,-2.707405 140.916387,-2.707144 140.915881,-2.707693 140.915348,-2.706862 140.914795,-2.706347 140.914939,-2.705377</coordinates></LinearRing></outerBoundaryIs><innerBoundaryIs><LinearRing><coordinates>140.892562,-2.719743 140.892175,-2.719442 140.892811,-2.719108 140.892562,-2.719743</coordinates></LinearRing></innerBoundaryIs><innerBoundaryIs><LinearRing><coordinates>140.894707,-2.707804 140.894340,-2.708788 140.892849,-2.709025 140.892563,-2.709441 140.891649,-2.709296 140.891283,-2.708108 140.891882,-2.707236 140.894000,-2.706713 140.894707,-2.707804</coordinates></LinearRing></innerBoundaryIs></Polygon>
<Polygon><outerBoundaryIs><LinearRing><coordinates>140.873154,-2.709168 140.872726,-2.709552 140.871421,-2.711021 140.870118,-2.711464 140.868174,-2.710651 140.867192,-2.710395 140.864130,-2.711750 140.862225,-2.712107 140.859120,-2.713804 140.857649,-2.714950 140.856364,-2.716396 140.853927,-2.717822 140.850823,-2.719021 140.849698,-2.719324 140.848404,-2.717867 140.848503,-2.716204 140.849898,-2.714951 140.851998,-2.714460 140.852863,-2.714148 140.854807,-2.711455 140.856176,-2.710580 140.856956,-2.709702 140.856762,-2.706420 140.857484,-2.705380 140.860087,-2.704972 140.860970,-2.704352 140.862217,-2.702381 140.861340,-2.700758 140.860484,-2.700492 140.860362,-2.702267 140.859258,-2.702512 140.858790,-2.703079 140.857571,-2.703962 140.856318,-2.704435 140.855484,-2.704681 140.855005,-2.706322 140.853399,-2.706795 140.853896,-2.709041 140.853226,-2.709333 140.852622,-2.710393 140.852843,-2.712577 140.851734,-2.713380 140.851170,-2.713626 140.850514,-2.714004 140.849797,-2.713405 140.849105,-2.712567 140.848474,-2.712812 140.847960,-2.713109 140.846612,-2.713409 140.846856,-2.714735 140.847160,-2.714989 140.846840,-2.715551 140.846047,-2.717421 140.845925,-2.718111 140.846254,-2.718204 140.846017,-2.718441 140.845925,-2.718111 140.844427,-2.718231 140.844163,-2.720055 140.843349,-2.720400 140.842099,-2.721138 140.841741,-2.722397 140.841192,-2.722839 140.840952,-2.724427 140.843048,-2.724165 140.844287,-2.722609 140.845986,-2.722120 140.846583,-2.722870 140.847230,-2.723111 140.847924,-2.722240 140.850740,-2.722774 140.851166,-2.721756 140.851466,-2.721244 140.851912,-2.720179 140.854563,-2.719791 140.855061,-2.719166 140.855745,-2.718615 140.856019,-2.717962 140.856542,-2.717541 140.857397,-2.717179 140.857657,-2.716266 140.857906,-2.717992 140.858337,-2.718233 140.858985,-2.717420 140.859554,-2.717179 140.859794,-2.716800 140.859254,-2.716365 140.858745,-2.715444 140.860031,-2.714409 140.861349,-2.713851 140.862747,-2.714026 140.863029,-2.713354 140.864459,-2.712943 140.866559,-2.713546 140.867395,-2.713052 140.868301,-2.713166 140.869379,-2.713031 140.871034,-2.713238 140.871403,-2.711940 140.871655,-2.713114 140.872442,-2.713355 140.872734,-2.712000 140.873033,-2.711487 140.873154,-2.709168</coordinates></LinearRing></outerBoundaryIs><innerBoundaryIs><LinearRing><coordinates>140.855092,-2.708895 140.854999,-2.709226 140.854763,-2.708988 140.855092,-2.708895 140.855187,-2.708707 140.855770,-2.708420 140.856502,-2.708793 140.855092,-2.708895</coordinates></LinearRing></innerBoundaryIs><innerBoundaryIs><LinearRing><coordinates>140.846383,-2.720983 140.846856,-2.720749 140.847003,-2.721093 140.846383,-2.720983</coordinates></LinearRing></innerBoundaryIs></Polygon>
<Polygon><outerBoundaryIs><LinearRing><coordinates>140.949984,-2.700770 140.949984,-2.700499 140.949715,-2.700499 140.949715,-2.700770 140.949984,-2.700770</coordinates></LinearRing></outerBoundaryIs></Polygon>
<Polygon><outerBoundaryIs><LinearRing><coordinates>140.949715,-2.700499 140.949715,-2.700228 140.949445,-2.700228 140.949445,-2.700499 140.949715,-2.700499</coordinates></LinearRing></outerBoundaryIs></Polygon>
<Polygon><outerBoundaryIs><LinearRing><coordinates>140.959419,-2.707548 140.959562,-2.707676 140.961236,-2.707975 140.962210,-2.710110 140.962627,-2.710387 140.963695,-2.709184 140.967085,-2.708653 140.967406,-2.710039 140.969295,-2.710387 140.969790,-2.709302 140.970586,-2.708935 140.969999,-2.707850 140.969026,-2.706976 140.968705,-2.706271 140.968090,-2.705719 140.966294,-2.705826 140.965215,-2.705761 140.964284,-2.705817 140.963753,-2.707544 140.962606,-2.707947 140.961449,-2.707133 140.960894,-2.706878 140.960593,-2.705252 140.961416,-2.703728 140.961703,-2.700411 140.960270,-2.700100 140.959831,-2.701998 140.959479,-2.702985 140.956656,-2.703364 140.956222,-2.704779 140.954774,-2.705448 140.954567,-2.707005 140.954979,-2.706877 140.957377,-2.704178 140.959668,-2.703220 140.960535,-2.703999 140.960073,-2.706484 140.959419,-2.707548</coordinates></LinearRing></outerBoundaryIs></Polygon>
<Polygon><outerBoundaryIs><LinearRing><coordinates>140.949445,-2.700228 140.949445,-2.699957 140.949175,-2.699957 140.949175,-2.700228 140.949445,-2.700228</coordinates></LinearRing></outerBoundaryIs></Polygon>
<Polygon><outerBoundaryIs><LinearRing><coordinates>140.676091,-2.711029 140.676511,-2.710908 140.676751,-2.710607 140.677200,-2.710246 140.677559,-2.709794 140.678351,-2.709157 140.678073,-2.706903 140.677291,-2.706571 140.677031,-2.705071 140.676411,-2.704009 140.675197,-2.704161 140.674626,-2.701390 140.674327,-2.700607 140.674207,-2.699643 140.673857,-2.699925 140.673548,-2.701633 140.674356,-2.703016 140.674783,-2.704035 140.676242,-2.705728 140.676482,-2.706300 140.677593,-2.708173 140.677479,-2.709092 140.676211,-2.710607 140.676091,-2.711029</coordinates></LinearRing></outerBoundaryIs></Polygon>
<Polygon><outerBoundaryIs><LinearRing><coordinates>140.628919,-2.699359 140.628650,-2.699359 140.628649,-2.699630 140.628919,-2.699630 140.628919,-2.699359</coordinates></LinearRing></outerBoundaryIs></Polygon>
<Polygon><outerBoundaryIs><LinearRing><coordinates>140.821935,-2.699403 140.821768,-2.699506 140.821309,-2.700858 140.821642,-2.701932 140.821934,-2.702113 140.821935,-2.699403</coordinates></LinearRing></outerBoundaryIs></Polygon>
<Polygon><outerBoundaryIs><LinearRing><coordinates>140.944323,-2.703481 140.944198,-2.703335 140.943665,-2.702873 140.943601,-2.702067 140.944314,-2.701235 140.946210,-2.701041 140.946080,-2.700900 140.945548,-2.700404 140.945024,-2.699289 140.943654,-2.699604 140.944197,-2.700636 140.943914,-2.700900 140.943410,-2.701447 140.942136,-2.701752 140.941767,-2.702537 140.941487,-2.702798 140.941228,-2.703338 140.944323,-2.703481</coordinates></LinearRing></outerBoundaryIs></Polygon>
<Polygon><outerBoundaryIs><LinearRing><coordinates>140.674207,-2.699643 140.674678,-2.699574 140.675756,-2.698496 140.675825,-2.698017 140.674912,-2.698725 140.674207,-2.699643</coordinates></LinearRing></outerBoundaryIs></Polygon>
<Polygon><outerBoundaryIs><LinearRing><coordinates>140.915208,-2.705106 140.917032,-2.704981 140.918073,-2.703675 140.919660,-2.704613 140.921268,-2.704412 140.921543,-2.701268 140.922367,-2.700919 140.922607,-2.700377 140.920510,-2.699774 140.920211,-2.698720 140.917905,-2.698057 140.918125,-2.699334 140.920050,-2.700695 140.920720,-2.701841 140.919993,-2.703233 140.917338,-2.703621 140.915493,-2.704748 140.915208,-2.705106</coordinates></LinearRing></outerBoundaryIs></Polygon>
<Polygon><outerBoundaryIs><LinearRing><coordinates>140.861024,-2.697510 140.860754,-2.697510 140.860889,-2.697857 140.861024,-2.697510</coordinates></LinearRing></outerBoundaryIs></Polygon>
<Polygon><outerBoundaryIs><LinearRing><coordinates>140.918174,-2.697244 140.917905,-2.697244 140.917905,-2.697786 140.918174,-2.697786 140.918174,-2.697244</coordinates></LinearRing></outerBoundaryIs></Polygon>
<Polygon><outerBoundaryIs><LinearRing><coordinates>140.628919,-2.699359 140.629081,-2.699250 140.629297,-2.698925 140.629620,-2.698708 140.629901,-2.698285 140.631110,-2.697844 140.631454,-2.696530 140.630184,-2.696269 140.629890,-2.697082 140.627949,-2.697298 140.626942,-2.697732 140.626763,-2.698003 140.628765,-2.698172 140.628919,-2.699359</coordinates></LinearRing></outerBoundaryIs></Polygon>
<Polygon><outerBoundaryIs><LinearRing><coordinates>140.822744,-2.695878 140.822475,-2.695878 140.822474,-2.696150 140.822744,-2.696150 140.822744,-2.695878</coordinates></LinearRing></outerBoundaryIs></Polygon>
<Polygon><outerBoundaryIs><LinearRing><coordinates>140.860484,-2.700492 140.860153,-2.700091 140.858519,-2.699608 140.857936,-2.698584 140.858646,-2.697397 140.859857,-2.697273 140.860485,-2.697510 140.860274,-2.696401 140.859066,-2.695758 140.858167,-2.697158 140.857649,-2.697640 140.857148,-2.698184 140.855777,-2.698620 140.855741,-2.699521 140.856301,-2.699819 140.857283,-2.700285 140.857811,-2.701962 140.859805,-2.702042 140.859546,-2.700893 140.859007,-2.700391 140.859742,-2.700336 140.860484,-2.700492</coordinates></LinearRing></outerBoundaryIs></Polygon>
<Polygon><outerBoundaryIs><LinearRing><coordinates>140.949278,-2.698705 140.949612,-2.697685 140.949818,-2.695850 140.949445,-2.695619 140.949330,-2.697130 140.948796,-2.699402 140.949175,-2.699686 140.949278,-2.698705</coordinates></LinearRing></outerBoundaryIs></Polygon>
<Polygon><outerBoundaryIs><LinearRing><coordinates>140.946477,-2.695830 140.944070,-2.695499 140.940549,-2.696509 140.938662,-2.695619 140.938818,-2.696501 140.941674,-2.696794 140.942568,-2.696278 140.944018,-2.696826 140.945010,-2.696580 140.945457,-2.696038 140.946049,-2.696442 140.946137,-2.697308 140.945574,-2.698295 140.946088,-2.698724 140.946332,-2.699291 140.946627,-2.699537 140.946903,-2.700176 140.947288,-2.700499 140.947053,-2.698603 140.947235,-2.697128 140.946477,-2.695830</coordinates></LinearRing></outerBoundaryIs></Polygon>
<Polygon><outerBoundaryIs><LinearRing><coordinates>140.938393,-2.695077 140.938393,-2.695348 140.938662,-2.695348 140.938662,-2.695077 140.938393,-2.695077</coordinates></LinearRing></outerBoundaryIs></Polygon>
<Polygon><outerBoundaryIs><LinearRing><coordinates>140.822744,-2.695878 140.823477,-2.695689 140.824092,-2.694794 140.823359,-2.694983 140.822744,-2.695878</coordinates></LinearRing></outerBoundaryIs></Polygon>
<Polygon><outerBoundaryIs><LinearRing><coordinates>140.938393,-2.695077 140.938393,-2.694806 140.938123,-2.694806 140.938123,-2.695077 140.938393,-2.695077</coordinates></LinearRing></outerBoundaryIs></Polygon>
<Polygon><outerBoundaryIs><LinearRing><coordinates>140.804413,-2.694520 140.804921,-2.695470 140.806192,-2.695713 140.807366,-2.696220 140.808506,-2.695931 140.808834,-2.694662 140.807918,-2.694521 140.806560,-2.695137 140.804413,-2.694520</coordinates></LinearRing></outerBoundaryIs></Polygon>
<Polygon><outerBoundaryIs><LinearRing><coordinates>140.938123,-2.694806 140.938123,-2.694534 140.937853,-2.694534 140.937853,-2.694805 140.938123,-2.694806</coordinates></LinearRing></outerBoundaryIs></Polygon>
<Polygon><outerBoundaryIs><LinearRing><coordinates>140.804413,-2.694520 140.804413,-2.694249 140.804144,-2.694249 140.804144,-2.694520 140.804413,-2.694520</coordinates></LinearRing></outerBoundaryIs></Polygon>
<Polygon><outerBoundaryIs><LinearRing><coordinates>140.937853,-2.694534 140.937853,-2.694263 140.937584,-2.694263 140.937584,-2.694534 140.937853,-2.694534</coordinates></LinearRing></outerBoundaryIs></Polygon>
<Polygon><outerBoundaryIs><LinearRing><coordinates>140.804144,-2.694249 140.804144,-2.693978 140.803335,-2.693978 140.803335,-2.694249 140.804144,-2.694249</coordinates></LinearRing></outerBoundaryIs></Polygon>
<Polygon><outerBoundaryIs><LinearRing><coordinates>140.944593,-2.694264 140.943515,-2.693993 140.944147,-2.694913 140.944593,-2.694264</coordinates></LinearRing></outerBoundaryIs></Polygon>
<Polygon><outerBoundaryIs><LinearRing><coordinates>140.865607,-2.694800 140.864646,-2.694410 140.864411,-2.694104 140.863903,-2.693868 140.863602,-2.694952 140.863298,-2.695189 140.862339,-2.696575 140.861528,-2.697204 140.861293,-2.697510 140.862179,-2.697348 140.864114,-2.695738 140.865482,-2.694945 140.865607,-2.694800</coordinates></LinearRing></outerBoundaryIs></Polygon>
<Polygon><outerBoundaryIs><LinearRing><coordinates>140.824092,-2.694794 140.824739,-2.694345 140.824901,-2.693710 140.824254,-2.694159 140.824092,-2.694794</coordinates></LinearRing></outerBoundaryIs></Polygon>
<Polygon><outerBoundaryIs><LinearRing><coordinates>140.937584,-2.694263 140.937138,-2.693613 140.936506,-2.693450 140.936952,-2.694100 140.937584,-2.694263</coordinates></LinearRing></outerBoundaryIs></Polygon>
<Polygon><outerBoundaryIs><LinearRing><coordinates>140.824901,-2.693710 140.825171,-2.693710 140.825171,-2.693168 140.824901,-2.693168 140.824901,-2.693710</coordinates></LinearRing></outerBoundaryIs></Polygon>
<Polygon><outerBoundaryIs><LinearRing><coordinates>140.835415,-2.692898 140.835415,-2.692627 140.834875,-2.692627 140.834875,-2.692898 140.835415,-2.692898</coordinates></LinearRing></outerBoundaryIs></Polygon>
<Polygon><outerBoundaryIs><LinearRing><coordinates>140.835415,-2.692898 140.835688,-2.693254 140.837395,-2.693559 140.838110,-2.692628 140.837461,-2.692788 140.835415,-2.692898</coordinates></LinearRing></outerBoundaryIs></Polygon>
<Polygon><outerBoundaryIs><LinearRing><coordinates>140.873265,-2.692765 140.870895,-2.692521 140.870619,-2.693620 140.871725,-2.694388 140.872616,-2.694529 140.873045,-2.693876 140.873265,-2.692765</coordinates></LinearRing></outerBoundaryIs><innerBoundaryIs><LinearRing><coordinates>140.871209,-2.693623 140.871445,-2.693385 140.871538,-2.693716 140.871209,-2.693623</coordinates></LinearRing></innerBoundaryIs></Polygon>
<Polygon><outerBoundaryIs><LinearRing><coordinates>140.838110,-2.692628 140.838380,-2.692628 140.838380,-2.692357 140.838110,-2.692356 140.838110,-2.692628</coordinates></LinearRing></outerBoundaryIs></Polygon>
<Polygon><outerBoundaryIs><LinearRing><coordinates>140.803335,-2.693978 140.803232,-2.693810 140.801559,-2.693244 140.801051,-2.692413 140.800909,-2.691809 140.799994,-2.691954 140.799773,-2.692941 140.801068,-2.693275 140.801684,-2.694359 140.802955,-2.694138 140.803335,-2.693978</coordinates></LinearRing></outerBoundaryIs></Polygon>
<Polygon><outerBoundaryIs><LinearRing><coordinates>140.798753,-2.691537 140.798603,-2.691658 140.797284,-2.693314 140.796865,-2.693435 140.796865,-2.693706 140.796326,-2.693706 140.795787,-2.693706 140.795787,-2.693434 140.794556,-2.693552 140.794052,-2.693858 140.792715,-2.694232 140.792986,-2.696077 140.794004,-2.696534 140.795095,-2.695721 140.795939,-2.695485 140.796174,-2.694908 140.797556,-2.694672 140.797791,-2.694095 140.798365,-2.693859 140.798753,-2.691537</coordinates></LinearRing></outerBoundaryIs><innerBoundaryIs><LinearRing><coordinates>140.794628,-2.695181 140.794870,-2.694716 140.794978,-2.695332 140.794628,-2.695181</coordinates></LinearRing></innerBoundaryIs></Polygon>
<Polygon><outerBoundaryIs><LinearRing><coordinates>140.839728,-2.692357 140.839728,-2.691543 140.838831,-2.691995 140.838650,-2.692357 140.839728,-2.692357</coordinates></LinearRing></outerBoundaryIs></Polygon>
<Polygon><outerBoundaryIs><LinearRing><coordinates>140.809536,-2.691268 140.809425,-2.693055 140.808996,-2.693708 140.809359,-2.694323 140.810212,-2.694622 140.810444,-2.693115 140.809905,-2.692794 140.809705,-2.691369 140.809536,-2.691268</coordinates></LinearRing></outerBoundaryIs></Polygon>
<Polygon><outerBoundaryIs><LinearRing><coordinates>140.799561,-2.690453 140.799203,-2.690635 140.799022,-2.690995 140.799561,-2.690995 140.799561,-2.690453</coordinates></LinearRing></outerBoundaryIs></Polygon>
<Polygon><outerBoundaryIs><LinearRing><coordinates>140.799561,-2.690453 140.799831,-2.690453 140.799831,-2.690182 140.799561,-2.690182 140.799561,-2.690453</coordinates></LinearRing></outerBoundaryIs></Polygon>
<Polygon><outerBoundaryIs><LinearRing><coordinates>140.847815,-2.690189 140.847456,-2.690372 140.847007,-2.691273 140.847815,-2.691273 140.847815,-2.690189</coordinates></LinearRing></outerBoundaryIs></Polygon>
<Polygon><outerBoundaryIs><LinearRing><coordinates>140.944593,-2.694264 140.945007,-2.694138 140.945985,-2.692568 140.947052,-2.691970 140.949288,-2.692441 140.949445,-2.693993 140.950384,-2.693310 140.951785,-2.693041 140.951720,-2.691386 140.950653,-2.690880 140.950164,-2.690349 140.949644,-2.690067 140.948237,-2.691152 140.946949,-2.691100 140.946597,-2.689982 140.944365,-2.690071 140.944593,-2.694264</coordinates></LinearRing></outerBoundaryIs></Polygon>
<Polygon><outerBoundaryIs><LinearRing><coordinates>140.841885,-2.689104 140.838650,-2.689103 140.838767,-2.689256 140.841420,-2.689710 140.841885,-2.689104</coordinates></LinearRing></outerBoundaryIs></Polygon>
<Polygon><outerBoundaryIs><LinearRing><coordinates>140.837841,-2.689103 140.837841,-2.688832 140.836763,-2.688832 140.836763,-2.689103 140.837841,-2.689103</coordinates></LinearRing></outerBoundaryIs></Polygon>
<Polygon><outerBoundaryIs><LinearRing><coordinates>140.842424,-2.689104 140.842424,-2.688833 140.842154,-2.688833 140.842154,-2.689104 140.842424,-2.689104</coordinates></LinearRing></outerBoundaryIs></Polygon>
<Polygon><outerBoundaryIs><LinearRing><coordinates>140.870999,-2.689107 140.870999,-2.688836 140.870729,-2.688836 140.870729,-2.689107 140.870999,-2.689107</coordinates></LinearRing></outerBoundaryIs></Polygon>
<Polygon><outerBoundaryIs><LinearRing><coordinates>140.826003,-2.689253 140.826250,-2.688289 140.825441,-2.688288 140.825441,-2.689644 140.826003,-2.689253</coordinates></LinearRing></outerBoundaryIs></Polygon>
<Polygon><outerBoundaryIs><LinearRing><coordinates>140.847815,-2.690189 140.848245,-2.689971 140.848445,-2.688475 140.848085,-2.688291 140.847975,-2.689536 140.847815,-2.690189</coordinates></LinearRing></outerBoundaryIs></Polygon>
<Polygon><outerBoundaryIs><LinearRing><coordinates>140.823821,-2.705638 140.823387,-2.705131 140.821540,-2.703594 140.819460,-2.702388 140.817932,-2.700530 140.818286,-2.696274 140.818937,-2.694721 140.819550,-2.692673 140.821292,-2.691164 140.821937,-2.690412 140.822806,-2.689924 140.824502,-2.690062 140.825171,-2.689915 140.824693,-2.688732 140.823674,-2.688439 140.822895,-2.688137 140.821845,-2.687896 140.820266,-2.688829 140.819690,-2.689552 140.819390,-2.690607 140.818616,-2.691230 140.818312,-2.690848 140.817532,-2.690606 140.817233,-2.691823 140.818348,-2.693730 140.817872,-2.695405 140.817472,-2.695727 140.816963,-2.697054 140.817931,-2.698711 140.816292,-2.698998 140.816427,-2.700093 140.815777,-2.700335 140.815161,-2.699562 140.814556,-2.699281 140.814267,-2.700683 140.815954,-2.701169 140.816393,-2.701721 140.817232,-2.701962 140.817471,-2.702263 140.818849,-2.702505 140.819089,-2.703077 140.820486,-2.703479 140.822076,-2.704647 140.822323,-2.705517 140.823821,-2.705638</coordinates></LinearRing></outerBoundaryIs></Polygon>
<Polygon><outerBoundaryIs><LinearRing><coordinates>140.881782,-2.687753 140.881782,-2.688024 140.882052,-2.688024 140.882052,-2.687753 140.881782,-2.687753</coordinates></LinearRing></outerBoundaryIs></Polygon>
<Polygon><outerBoundaryIs><LinearRing><coordinates>140.896070,-2.687212 140.896070,-2.686941 140.895800,-2.686941 140.895800,-2.687212 140.896070,-2.687212</coordinates></LinearRing></outerBoundaryIs></Polygon>
<Polygon><outerBoundaryIs><LinearRing><coordinates>140.831910,-2.689916 140.832200,-2.689665 140.832712,-2.689068 140.832567,-2.687257 140.831405,-2.686808 140.830321,-2.687416 140.829377,-2.689917 140.829090,-2.690874 140.828214,-2.691999 140.826104,-2.692480 140.825979,-2.692626 140.826933,-2.692751 140.827452,-2.693043 140.828103,-2.693294 140.828993,-2.692255 140.832166,-2.692512 140.833184,-2.693083 140.834002,-2.693017 140.834336,-2.692627 140.832954,-2.692391 140.831723,-2.691904 140.831254,-2.690944 140.831910,-2.689916 140.830989,-2.689671 140.831369,-2.688447 140.831765,-2.689008 140.831910,-2.689916</coordinates></LinearRing></outerBoundaryIs><innerBoundaryIs><LinearRing><coordinates>140.829359,-2.690459 140.830016,-2.690073 140.830293,-2.691000 140.829359,-2.690459</coordinates></LinearRing></innerBoundaryIs></Polygon>
<Polygon><outerBoundaryIs><LinearRing><coordinates>140.921949,-2.692636 140.921539,-2.692766 140.920106,-2.693358 140.918670,-2.693301 140.918314,-2.691370 140.920185,-2.688638 140.919591,-2.687509 140.918800,-2.686772 140.917333,-2.686830 140.916956,-2.689602 140.915748,-2.691280 140.917054,-2.691456 140.916684,-2.692492 140.916355,-2.693564 140.915623,-2.693608 140.915605,-2.693313 140.915748,-2.691280 140.915604,-2.691405 140.915201,-2.691876 140.914815,-2.694382 140.917847,-2.694693 140.918458,-2.695406 140.918174,-2.697244 140.918865,-2.697126 140.919536,-2.695999 140.919931,-2.694573 140.921244,-2.693554 140.921949,-2.692636</coordinates></LinearRing></outerBoundaryIs></Polygon>
<Polygon><outerBoundaryIs><LinearRing><coordinates>140.881782,-2.687753 140.881672,-2.687322 140.880899,-2.686785 140.879451,-2.686558 140.877939,-2.687196 140.877628,-2.688554 140.878374,-2.690973 140.877427,-2.692434 140.876660,-2.692632 140.876660,-2.692903 140.877468,-2.692903 140.877468,-2.693445 140.876390,-2.693445 140.876531,-2.694395 140.876215,-2.696218 140.874027,-2.696568 140.872755,-2.698194 140.870980,-2.699661 140.869520,-2.701447 140.867604,-2.702860 140.867641,-2.703803 140.869862,-2.704159 140.872171,-2.704973 140.872621,-2.704955 140.875258,-2.704401 140.876400,-2.704446 140.878136,-2.705785 140.878726,-2.706066 140.879251,-2.706045 140.881013,-2.703629 140.882755,-2.702007 140.885219,-2.700550 140.888669,-2.697439 140.890242,-2.696418 140.894670,-2.696595 140.897007,-2.696289 140.900557,-2.696026 140.901638,-2.695450 140.903266,-2.692665 140.903747,-2.691138 140.905961,-2.690202 140.907629,-2.689175 140.909124,-2.688465 140.909279,-2.688298 140.907825,-2.688440 140.906433,-2.689231 140.905650,-2.689806 140.904561,-2.689670 140.903329,-2.689824 140.900155,-2.689309 140.899770,-2.692422 140.900787,-2.692549 140.901838,-2.692418 140.901890,-2.692839 140.901590,-2.694235 140.900260,-2.695905 140.898091,-2.695634 140.896595,-2.695821 140.896118,-2.694682 140.894571,-2.694923 140.894296,-2.695580 140.893510,-2.696045 140.891097,-2.695691 140.891336,-2.695194 140.892984,-2.694953 140.893417,-2.694409 140.894871,-2.693869 140.895724,-2.693365 140.898003,-2.693031 140.898346,-2.692212 140.898870,-2.691790 140.899101,-2.689923 140.898765,-2.689652 140.898510,-2.691567 140.896858,-2.692727 140.892895,-2.693840 140.891359,-2.692761 140.890947,-2.692633 140.890855,-2.692964 140.890619,-2.692726 140.890947,-2.692633 140.890623,-2.692255 140.889011,-2.693159 140.886759,-2.693572 140.886364,-2.693717 140.886484,-2.694139 140.888778,-2.694428 140.888999,-2.696214 140.887562,-2.697091 140.886963,-2.697844 140.886214,-2.698446 140.885097,-2.700044 140.884550,-2.700112 140.884087,-2.699531 140.882739,-2.699237 140.883519,-2.697904 140.884148,-2.697038 140.883999,-2.695831 140.884867,-2.695193 140.885938,-2.694539 140.886095,-2.693988 140.885683,-2.694116 140.882728,-2.695731 140.882463,-2.696029 140.880910,-2.697246 140.880197,-2.698049 140.879767,-2.700366 140.879154,-2.701847 140.875637,-2.702248 140.874533,-2.701645 140.874031,-2.701080 140.874133,-2.699369 140.875867,-2.697118 140.877742,-2.696766 140.879894,-2.695089 140.881470,-2.695514 140.882431,-2.695456 140.882590,-2.694259 140.881783,-2.694796 140.881036,-2.694307 140.881252,-2.693339 140.881622,-2.693877 140.882590,-2.693988 140.882368,-2.691293 140.882572,-2.688746 140.882052,-2.688295 140.881918,-2.689398 140.880586,-2.690431 140.880821,-2.691701 140.881360,-2.692120 140.881102,-2.692852 140.880277,-2.692512 140.880428,-2.691482 140.879174,-2.690509 140.879393,-2.689019 140.877891,-2.688400 140.878970,-2.687212 140.880491,-2.686987 140.881360,-2.687635 140.881782,-2.687753</coordinates></LinearRing></outerBoundaryIs><innerBoundaryIs><LinearRing><coordinates>140.871986,-2.699843 140.872675,-2.699318 140.873372,-2.699511 140.873154,-2.699951 140.871986,-2.699843</coordinates></LinearRing></innerBoundaryIs><innerBoundaryIs><LinearRing><coordinates>140.870766,-2.702595 140.871427,-2.701738 140.871687,-2.701040 140.873097,-2.701995 140.872186,-2.702230 140.872076,-2.702933 140.870766,-2.702595</coordinates></LinearRing></innerBoundaryIs><innerBoundaryIs><LinearRing><coordinates>140.873321,-2.702535 140.873591,-2.702125 140.874763,-2.702527 140.874066,-2.702765 140.873963,-2.702933 140.873321,-2.702535</coordinates></LinearRing></innerBoundaryIs><innerBoundaryIs><LinearRing><coordinates>140.880600,-2.702017 140.880825,-2.700760 140.881419,-2.700574 140.881695,-2.701465 140.881086,-2.701842 140.880972,-2.702934 140.880239,-2.702827 140.880600,-2.702017</coordinates></LinearRing></innerBoundaryIs><innerBoundaryIs><LinearRing><coordinates>140.879021,-2.702983 140.879354,-2.704289 140.878975,-2.704129 140.877847,-2.703907 140.877357,-2.703586 140.876598,-2.703301 140.878371,-2.702552 140.879021,-2.702983</coordinates></LinearRing></innerBoundaryIs></Polygon>
<Polygon><outerBoundaryIs><LinearRing><coordinates>140.883669,-2.686398 140.883804,-2.686745 140.883939,-2.686398 140.883669,-2.686398</coordinates></LinearRing></outerBoundaryIs></Polygon>
<Polygon><outerBoundaryIs><LinearRing><coordinates>140.809536,-2.691268 140.810087,-2.689326 140.809190,-2.688604 140.810225,-2.688166 140.810465,-2.686374 140.809028,-2.686554 140.808728,-2.686930 140.808840,-2.688990 140.809253,-2.691064 140.809536,-2.691268</coordinates></LinearRing></outerBoundaryIs></Polygon>
<Polygon><outerBoundaryIs><LinearRing><coordinates>140.771257,-2.687737 140.769545,-2.687522 140.769370,-2.686110 140.768365,-2.686392 140.767904,-2.687165 140.769313,-2.688259 140.770999,-2.688669 140.771257,-2.687737</coordinates></LinearRing></outerBoundaryIs></Polygon>
<Polygon><outerBoundaryIs><LinearRing><coordinates>140.797406,-2.686386 140.797406,-2.686115 140.796866,-2.686115 140.796866,-2.686386 140.797406,-2.686386</coordinates></LinearRing></outerBoundaryIs></Polygon>
<Polygon><outerBoundaryIs><LinearRing><coordinates>140.973168,-2.686132 140.972837,-2.687487 140.974107,-2.687774 140.974786,-2.687487 140.974268,-2.686733 140.973168,-2.686132</coordinates></LinearRing></outerBoundaryIs></Polygon>
<Polygon><outerBoundaryIs><LinearRing><coordinates>140.883939,-2.686398 140.884799,-2.686289 140.885017,-2.685856 140.883939,-2.685856 140.883939,-2.686398</coordinates></LinearRing></outerBoundaryIs></Polygon>
<Polygon><outerBoundaryIs><LinearRing><coordinates>140.973168,-2.686132 140.973168,-2.685861 140.972899,-2.685861 140.972899,-2.686132 140.973168,-2.686132</coordinates></LinearRing></outerBoundaryIs></Polygon>
<Polygon><outerBoundaryIs><LinearRing><coordinates>140.891760,-2.688086 140.891218,-2.687158 140.890052,-2.686219 140.888795,-2.685686 140.887983,-2.685788 140.887713,-2.686127 140.888610,-2.686774 140.887982,-2.686940 140.888342,-2.687392 140.890363,-2.688626 140.891760,-2.688086</coordinates></LinearRing></outerBoundaryIs></Polygon>
<Polygon><outerBoundaryIs><LinearRing><coordinates>140.895800,-2.686941 140.895573,-2.686051 140.894722,-2.685585 140.894910,-2.686323 140.895800,-2.686941</coordinates></LinearRing></outerBoundaryIs></Polygon>
<Polygon><outerBoundaryIs><LinearRing><coordinates>140.894722,-2.685585 140.894722,-2.685314 140.894452,-2.685314 140.894452,-2.685585 140.894722,-2.685585</coordinates></LinearRing></outerBoundaryIs></Polygon>
<Polygon><outerBoundaryIs><LinearRing><coordinates>140.865607,-2.694800 140.866394,-2.694574 140.867308,-2.693315 140.867696,-2.690200 140.868995,-2.689432 140.869793,-2.689532 140.870190,-2.689378 140.870090,-2.689208 140.868746,-2.688972 140.870090,-2.688735 140.870560,-2.688395 140.870999,-2.688294 140.870279,-2.687020 140.871434,-2.686019 140.874136,-2.687226 140.875853,-2.686753 140.876391,-2.686126 140.874704,-2.686289 140.874026,-2.686249 140.872446,-2.685138 140.870676,-2.685244 140.869794,-2.685726 140.868891,-2.686007 140.867940,-2.687076 140.867637,-2.688708 140.867352,-2.689506 140.867098,-2.691148 140.866330,-2.691837 140.867069,-2.693205 140.866273,-2.693572 140.865607,-2.694800</coordinates></LinearRing></outerBoundaryIs></Polygon>
<Polygon><outerBoundaryIs><LinearRing><coordinates>140.680681,-2.685277 140.680681,-2.685006 140.680411,-2.685006 140.680411,-2.685277 140.680681,-2.685277</coordinates></LinearRing></outerBoundaryIs></Polygon>
<Polygon><outerBoundaryIs><LinearRing><coordinates>140.808189,-2.685033 140.808189,-2.685846 140.808458,-2.685846 140.808458,-2.685033 140.808189,-2.685033</coordinates></LinearRing></outerBoundaryIs></Polygon>
<Polygon><outerBoundaryIs><LinearRing><coordinates>140.680411,-2.685006 140.680411,-2.684735 140.680142,-2.684735 140.680142,-2.685006 140.680411,-2.685006</coordinates></LinearRing></outerBoundaryIs></Polygon>
<Polygon><outerBoundaryIs><LinearRing><coordinates>140.852668,-2.684768 140.852249,-2.684888 140.850964,-2.685648 140.848264,-2.686043 140.848085,-2.687478 140.849718,-2.687158 140.850644,-2.686527 140.851646,-2.686200 140.852893,-2.687051 140.853609,-2.686230 140.852800,-2.685448 140.852668,-2.684768</coordinates></LinearRing></outerBoundaryIs></Polygon>
<Polygon><outerBoundaryIs><LinearRing><coordinates>140.680142,-2.684735 140.680142,-2.684464 140.679872,-2.684464 140.679872,-2.684735 140.680142,-2.684735</coordinates></LinearRing></outerBoundaryIs></Polygon>
<Polygon><outerBoundaryIs><LinearRing><coordinates>140.675825,-2.698017 140.676240,-2.697891 140.677568,-2.696787 140.679338,-2.695762 140.679947,-2.694389 140.680352,-2.694039 140.682700,-2.694229 140.684722,-2.694067 140.685549,-2.694134 140.686734,-2.693808 140.687832,-2.693557 140.688352,-2.693266 140.688972,-2.692988 140.689430,-2.692453 140.690529,-2.692202 140.690778,-2.691526 140.689430,-2.691118 140.687688,-2.690023 140.684140,-2.689724 140.683780,-2.686945 140.682962,-2.686236 140.682713,-2.685945 140.682376,-2.685653 140.681904,-2.684590 140.681759,-2.684464 140.681642,-2.684888 140.680681,-2.685277 140.681554,-2.686297 140.683231,-2.687750 140.682981,-2.688676 140.682692,-2.689198 140.682439,-2.690041 140.681456,-2.689489 140.680265,-2.690011 140.679806,-2.691544 140.679102,-2.692365 140.678233,-2.693118 140.677439,-2.694043 140.676497,-2.694119 140.676166,-2.693012 140.675615,-2.693297 140.675162,-2.693825 140.674873,-2.694076 140.674574,-2.694748 140.673025,-2.696555 140.672182,-2.697286 140.671926,-2.699246 140.671117,-2.699946 140.671560,-2.701109 140.672709,-2.701625 140.672746,-2.702082 140.672557,-2.704441 140.673108,-2.705084 140.674027,-2.705881 140.674580,-2.707128 140.675327,-2.707776 140.674094,-2.708843 140.673935,-2.710757 140.674560,-2.710568 140.675671,-2.707529 140.674890,-2.706275 140.673522,-2.704397 140.673270,-2.701625 140.672495,-2.700953 140.672381,-2.699527 140.673029,-2.697363 140.673524,-2.696786 140.673959,-2.696410 140.674677,-2.695572 140.675921,-2.694875 140.678750,-2.694097 140.679220,-2.694356 140.678916,-2.694619 140.678244,-2.695697 140.676574,-2.697143 140.675825,-2.698017</coordinates></LinearRing></outerBoundaryIs><innerBoundaryIs><LinearRing><coordinates>140.687151,-2.690451 140.688626,-2.691826 140.686723,-2.693510 140.679201,-2.693808 140.680460,-2.691676 140.681621,-2.691371 140.682566,-2.691512 140.682836,-2.691513 140.682836,-2.690970 140.683106,-2.690970 140.683246,-2.690840 140.683995,-2.690027 140.687151,-2.690451</coordinates></LinearRing></innerBoundaryIs></Polygon>
<Polygon><outerBoundaryIs><LinearRing><coordinates>140.877249,-2.685362 140.877469,-2.684500 140.877039,-2.684719 140.876930,-2.685584 140.877249,-2.685362</coordinates></LinearRing></outerBoundaryIs></Polygon>
<Polygon><outerBoundaryIs><LinearRing><coordinates>140.883669,-2.686398 140.883559,-2.685966 140.882775,-2.685671 140.882427,-2.684736 140.881513,-2.684500 140.881582,-2.684979 140.882929,-2.686329 140.883669,-2.686398</coordinates></LinearRing></outerBoundaryIs></Polygon>
<Polygon><outerBoundaryIs><LinearRing><coordinates>140.894183,-2.684501 140.894183,-2.685043 140.894452,-2.685043 140.894452,-2.684501 140.894183,-2.684501</coordinates></LinearRing></outerBoundaryIs></Polygon>
<Polygon><outerBoundaryIs><LinearRing><coordinates>140.960768,-2.684776 140.961037,-2.684776 140.961037,-2.684505 140.960768,-2.684505 140.960768,-2.684776</coordinates></LinearRing></outerBoundaryIs></Polygon>
<Polygon><outerBoundaryIs><LinearRing><coordinates>140.968585,-2.684776 140.968586,-2.684505 140.968316,-2.684505 140.968316,-2.684776 140.968585,-2.684776</coordinates></LinearRing></outerBoundaryIs></Polygon>
<Polygon><outerBoundaryIs><LinearRing><coordinates>140.808189,-2.685033 140.808189,-2.684219 140.807919,-2.684219 140.807919,-2.685033 140.808189,-2.685033</coordinates></LinearRing></outerBoundaryIs></Polygon>
<Polygon><outerBoundaryIs><LinearRing><coordinates>140.881513,-2.684500 140.881513,-2.684229 140.881243,-2.684229 140.881243,-2.684500 140.881513,-2.684500</coordinates></LinearRing></outerBoundaryIs></Polygon>
<Polygon><outerBoundaryIs><LinearRing><coordinates>140.968046,-2.684505 140.968046,-2.684234 140.967777,-2.684234 140.967777,-2.684505 140.968046,-2.684505</coordinates></LinearRing></outerBoundaryIs></Polygon>
<Polygon><outerBoundaryIs><LinearRing><coordinates>140.973977,-2.684234 140.973977,-2.685048 140.974247,-2.685048 140.974247,-2.684234 140.973977,-2.684234</coordinates></LinearRing></outerBoundaryIs></Polygon>
<Polygon><outerBoundaryIs><LinearRing><coordinates>140.842803,-2.688028 140.842364,-2.686060 140.842914,-2.685259 140.843772,-2.685038 140.843704,-2.684294 140.842631,-2.684155 140.841146,-2.685642 140.841008,-2.686457 140.842356,-2.687817 140.842424,-2.688291 140.842803,-2.688028</coordinates></LinearRing></outerBoundaryIs></Polygon>
<Polygon><outerBoundaryIs><LinearRing><coordinates>140.960768,-2.684776 140.959874,-2.685061 140.959259,-2.686824 140.959301,-2.687894 140.958481,-2.688283 140.958785,-2.690057 140.962525,-2.689797 140.967480,-2.689426 140.968646,-2.690047 140.968993,-2.688945 140.969801,-2.688193 140.970095,-2.686029 140.972360,-2.685861 140.972249,-2.685700 140.971348,-2.685468 140.970362,-2.684951 140.971012,-2.683963 140.969781,-2.684081 140.968855,-2.684776 140.968980,-2.684922 140.970006,-2.685382 140.967155,-2.688918 140.962542,-2.689303 140.960404,-2.688815 140.960210,-2.686379 140.960643,-2.685193 140.960768,-2.684776</coordinates></LinearRing></outerBoundaryIs></Polygon>
<Polygon><outerBoundaryIs><LinearRing><coordinates>140.887983,-2.683687 140.886483,-2.683805 140.885524,-2.684184 140.885287,-2.685585 140.885743,-2.685230 140.886323,-2.684475 140.887865,-2.683840 140.887983,-2.683687</coordinates></LinearRing></outerBoundaryIs></Polygon>
<Polygon><outerBoundaryIs><LinearRing><coordinates>140.943515,-2.693993 140.943381,-2.691795 140.942142,-2.691239 140.941233,-2.689780 140.939865,-2.689529 140.937975,-2.689115 140.935842,-2.687340 140.934596,-2.687089 140.933001,-2.687984 140.931947,-2.687392 140.929513,-2.687089 140.929659,-2.688917 140.930720,-2.689238 140.931239,-2.689638 140.929561,-2.689502 140.929103,-2.688967 140.928426,-2.688380 140.925308,-2.687902 140.924846,-2.687362 140.927666,-2.687037 140.928004,-2.686201 140.927188,-2.685493 140.925848,-2.684649 140.924645,-2.683690 140.925037,-2.685539 140.923978,-2.687499 140.924417,-2.688657 140.927483,-2.689138 140.928569,-2.689639 140.929354,-2.690069 140.930153,-2.690437 140.930200,-2.691227 140.927679,-2.691769 140.924775,-2.691324 140.922245,-2.692302 140.921949,-2.692636 140.923449,-2.692518 140.924539,-2.691705 140.926414,-2.692212 140.927505,-2.693025 140.928301,-2.692789 140.928925,-2.691976 140.932345,-2.692212 140.934589,-2.693110 140.936084,-2.693332 140.936506,-2.693450 140.936160,-2.693047 140.933681,-2.692368 140.931259,-2.691016 140.931530,-2.690262 140.934061,-2.688458 140.935686,-2.688327 140.936401,-2.688947 140.937313,-2.690011 140.938518,-2.690343 140.940600,-2.690662 140.941863,-2.691756 140.943370,-2.693867 140.943515,-2.693993</coordinates></LinearRing></outerBoundaryIs></Polygon>
<Polygon><outerBoundaryIs><LinearRing><coordinates>140.966968,-2.683692 140.967149,-2.684052 140.967507,-2.684234 140.967507,-2.683692 140.966968,-2.683692</coordinates></LinearRing></outerBoundaryIs></Polygon>
<Polygon><outerBoundaryIs><LinearRing><coordinates>140.887983,-2.683687 140.889600,-2.683687 140.889600,-2.683416 140.887983,-2.683416 140.887983,-2.683687</coordinates></LinearRing></outerBoundaryIs></Polygon>
<Polygon><outerBoundaryIs><LinearRing><coordinates>140.890139,-2.683145 140.889870,-2.683145 140.889870,-2.683416 140.890139,-2.683416 140.890139,-2.683145</coordinates></LinearRing></outerBoundaryIs></Polygon>
<Polygon><outerBoundaryIs><LinearRing><coordinates>140.924645,-2.683690 140.924645,-2.683148 140.924375,-2.683148 140.924375,-2.683690 140.924645,-2.683690</coordinates></LinearRing></outerBoundaryIs></Polygon>
<Polygon><outerBoundaryIs><LinearRing><coordinates>140.960498,-2.683150 140.960498,-2.683692 140.960768,-2.683692 140.960768,-2.683150 140.960498,-2.683150</coordinates></LinearRing></outerBoundaryIs></Polygon>
<Polygon><outerBoundaryIs><LinearRing><coordinates>140.845929,-2.682598 140.845155,-2.683136 140.844741,-2.683961 140.845120,-2.684225 140.845280,-2.684114 140.845813,-2.683337 140.845929,-2.682598</coordinates></LinearRing></outerBoundaryIs></Polygon>
<Polygon><outerBoundaryIs><LinearRing><coordinates>140.960498,-2.683150 140.960498,-2.682607 140.959959,-2.682607 140.960140,-2.682967 140.960498,-2.683150</coordinates></LinearRing></outerBoundaryIs></Polygon>
<Polygon><outerBoundaryIs><LinearRing><coordinates>140.973977,-2.684234 140.973805,-2.682852 140.972899,-2.682337 140.972989,-2.683059 140.973347,-2.683241 140.973798,-2.684143 140.973977,-2.684234</coordinates></LinearRing></outerBoundaryIs></Polygon>
<Polygon><outerBoundaryIs><LinearRing><coordinates>140.914671,-2.684774 140.914034,-2.684600 140.913468,-2.682499 140.911991,-2.682218 140.911224,-2.683255 140.910203,-2.683534 140.909973,-2.684116 140.908855,-2.685431 140.908625,-2.686519 140.910057,-2.687091 140.909279,-2.688298 140.909984,-2.688084 140.912006,-2.685253 140.914546,-2.684919 140.914671,-2.684774</coordinates></LinearRing></outerBoundaryIs></Polygon>
<Polygon><outerBoundaryIs><LinearRing><coordinates>140.894183,-2.684501 140.894065,-2.683806 140.893622,-2.683067 140.892496,-2.682193 140.892026,-2.682061 140.894041,-2.684373 140.894183,-2.684501</coordinates></LinearRing></outerBoundaryIs></Polygon>
<Polygon><outerBoundaryIs><LinearRing><coordinates>140.966968,-2.683692 140.966813,-2.682773 140.966212,-2.681947 140.964542,-2.682336 140.964659,-2.682489 140.965787,-2.682805 140.966968,-2.683692</coordinates></LinearRing></outerBoundaryIs></Polygon>
<Polygon><outerBoundaryIs><LinearRing><coordinates>140.769371,-2.681773 140.769371,-2.682044 140.769640,-2.682044 140.769640,-2.681773 140.769371,-2.681773</coordinates></LinearRing></outerBoundaryIs></Polygon>
<Polygon><outerBoundaryIs><LinearRing><coordinates>140.989882,-2.704295 140.989750,-2.703886 140.988590,-2.702441 140.987087,-2.700989 140.986784,-2.700362 140.985967,-2.699150 140.985992,-2.697925 140.985965,-2.696598 140.982921,-2.696224 140.982217,-2.695487 140.981387,-2.695216 140.980345,-2.694125 140.981144,-2.691349 140.981118,-2.690044 140.980205,-2.689163 140.980865,-2.687876 140.980846,-2.686945 140.980864,-2.686039 140.980303,-2.683532 140.979768,-2.683015 140.980303,-2.681971 140.978465,-2.681662 140.977713,-2.686311 140.978158,-2.687621 140.978152,-2.687913 140.976638,-2.687882 140.976169,-2.685466 140.974516,-2.685319 140.975395,-2.686502 140.975482,-2.687095 140.975325,-2.687216 140.975325,-2.687487 140.975055,-2.687487 140.974856,-2.688034 140.974932,-2.688988 140.972786,-2.689382 140.972702,-2.690432 140.973375,-2.691950 140.976009,-2.691699 140.978513,-2.690945 140.980019,-2.690824 140.979513,-2.692513 140.977626,-2.692859 140.977918,-2.694038 140.978684,-2.695766 140.978974,-2.696017 140.979649,-2.697101 140.980052,-2.696850 140.980342,-2.696511 140.983775,-2.697141 140.984154,-2.700873 140.986185,-2.701337 140.986627,-2.703773 140.986916,-2.704024 140.987062,-2.701999 140.987868,-2.702525 140.989882,-2.704295</coordinates></LinearRing></outerBoundaryIs><innerBoundaryIs><LinearRing><coordinates>140.980106,-2.694537 140.979907,-2.695349 140.979725,-2.695223 140.979142,-2.694323 140.979817,-2.693341 140.980106,-2.694537</coordinates></LinearRing></innerBoundaryIs><innerBoundaryIs><LinearRing><coordinates>140.979771,-2.690059 140.979236,-2.690337 140.978692,-2.690602 140.978560,-2.690741 140.974654,-2.690587 140.975698,-2.688140 140.978389,-2.688195 140.978697,-2.687897 140.978961,-2.687620 140.979506,-2.687355 140.979835,-2.685999 140.979771,-2.690059</coordinates></LinearRing></innerBoundaryIs></Polygon>
<Polygon><outerBoundaryIs><LinearRing><coordinates>140.766136,-2.681772 140.766675,-2.681772 140.766675,-2.681501 140.766136,-2.681501 140.766136,-2.681772</coordinates></LinearRing></outerBoundaryIs></Polygon>
<Polygon><outerBoundaryIs><LinearRing><coordinates>140.808271,-2.681799 140.806572,-2.681508 140.807453,-2.682696 140.807767,-2.683830 140.807919,-2.683948 140.808271,-2.681799</coordinates></LinearRing></outerBoundaryIs></Polygon>
<Polygon><outerBoundaryIs><LinearRing><coordinates>140.924375,-2.683148 140.924155,-2.682285 140.923517,-2.681842 140.923297,-2.681521 140.922488,-2.681521 140.922613,-2.681667 140.924375,-2.683148</coordinates></LinearRing></outerBoundaryIs></Polygon>
<Polygon><outerBoundaryIs><LinearRing><coordinates>140.766136,-2.681772 140.764475,-2.681498 140.764072,-2.682950 140.762346,-2.683433 140.761705,-2.683822 140.760627,-2.684266 140.761040,-2.685394 140.762783,-2.684907 140.763677,-2.684365 140.764400,-2.684601 140.765731,-2.685683 140.766553,-2.685805 140.767451,-2.684636 140.768802,-2.685180 140.769218,-2.685721 140.769370,-2.685839 140.769519,-2.685431 140.769098,-2.684670 140.765087,-2.684299 140.764663,-2.683123 140.765886,-2.682064 140.766136,-2.681772</coordinates></LinearRing></outerBoundaryIs></Polygon>
<Polygon><outerBoundaryIs><LinearRing><coordinates>140.892026,-2.682061 140.891936,-2.681610 140.891218,-2.681248 140.891383,-2.681895 140.892026,-2.682061</coordinates></LinearRing></outerBoundaryIs></Polygon>
<Polygon><outerBoundaryIs><LinearRing><coordinates>140.922219,-2.681521 140.922219,-2.681250 140.921949,-2.681250 140.921949,-2.681521 140.922219,-2.681521</coordinates></LinearRing></outerBoundaryIs></Polygon>
<Polygon><outerBoundaryIs><LinearRing><coordinates>140.852668,-2.684768 140.853892,-2.684643 140.855132,-2.683946 140.854934,-2.681456 140.852971,-2.681118 140.852005,-2.681660 140.850243,-2.682057 140.850493,-2.682360 140.853257,-2.682077 140.853862,-2.683140 140.852668,-2.684768</coordinates></LinearRing></outerBoundaryIs></Polygon>
<Polygon><outerBoundaryIs><LinearRing><coordinates>140.769371,-2.681773 140.769133,-2.680914 140.766933,-2.680570 140.766675,-2.681501 140.768445,-2.681620 140.769371,-2.681773</coordinates></LinearRing></outerBoundaryIs></Polygon>
<Polygon><outerBoundaryIs><LinearRing><coordinates>140.962385,-2.679897 140.962568,-2.680611 140.963304,-2.681683 140.963464,-2.681794 140.963329,-2.680058 140.962385,-2.679897</coordinates></LinearRing></outerBoundaryIs></Polygon>
<Polygon><outerBoundaryIs><LinearRing><coordinates>140.920332,-2.679623 140.920871,-2.680705 140.921410,-2.680979 140.921116,-2.679826 140.920332,-2.679623</coordinates></LinearRing></outerBoundaryIs></Polygon>
<Polygon><outerBoundaryIs><LinearRing><coordinates>140.962385,-2.679897 140.962385,-2.679625 140.962116,-2.679625 140.962116,-2.679897 140.962385,-2.679897</coordinates></LinearRing></outerBoundaryIs></Polygon>
<Polygon><outerBoundaryIs><LinearRing><coordinates>140.770989,-2.679333 140.770989,-2.679605 140.771258,-2.679605 140.771258,-2.679333 140.770989,-2.679333</coordinates></LinearRing></outerBoundaryIs></Polygon>
<Polygon><outerBoundaryIs><LinearRing><coordinates>140.798755,-2.678254 140.798755,-2.678796 140.799024,-2.678796 140.799024,-2.678254 140.798755,-2.678254</coordinates></LinearRing></outerBoundaryIs></Polygon>
<Polygon><outerBoundaryIs><LinearRing><coordinates>140.976406,-2.679775 140.977629,-2.679503 140.977873,-2.678527 140.976414,-2.678147 140.975395,-2.678734 140.974813,-2.680727 140.972856,-2.679600 140.970370,-2.679855 140.970081,-2.682690 140.971551,-2.682879 140.971426,-2.682191 140.970805,-2.681311 140.971346,-2.680092 140.972664,-2.679986 140.973591,-2.680570 140.972899,-2.681794 140.975472,-2.681672 140.975717,-2.681375 140.976011,-2.681129 140.976406,-2.679775</coordinates></LinearRing></outerBoundaryIs></Polygon>
<Polygon><outerBoundaryIs><LinearRing><coordinates>140.890139,-2.683145 140.890292,-2.683027 140.890796,-2.681548 140.890145,-2.681043 140.890306,-2.679950 140.891757,-2.677995 140.891068,-2.678115 140.889534,-2.679097 140.889211,-2.681610 140.890020,-2.682724 140.890139,-2.683145</coordinates></LinearRing></outerBoundaryIs></Polygon>
<Polygon><outerBoundaryIs><LinearRing><coordinates>140.778924,-2.677555 140.779251,-2.677302 140.778833,-2.676977 140.777611,-2.677224 140.778806,-2.677708 140.778924,-2.677555</coordinates></LinearRing></outerBoundaryIs></Polygon>
<Polygon><outerBoundaryIs><LinearRing><coordinates>140.956994,-2.677185 140.956903,-2.677005 140.956185,-2.676643 140.956185,-2.677185 140.956994,-2.677185</coordinates></LinearRing></outerBoundaryIs></Polygon>
<Polygon><outerBoundaryIs><LinearRing><coordinates>140.900292,-2.676529 140.899989,-2.677870 140.898891,-2.678121 140.898102,-2.678683 140.896879,-2.678808 140.896999,-2.679230 140.897339,-2.679812 140.895050,-2.680335 140.892146,-2.679501 140.891360,-2.680206 140.891218,-2.680706 140.891647,-2.680595 140.892475,-2.680053 140.893195,-2.680360 140.893668,-2.681630 140.894882,-2.681408 140.895102,-2.680817 140.898794,-2.680587 140.899685,-2.680004 140.900273,-2.679782 140.901165,-2.679087 140.902160,-2.679462 140.902650,-2.679783 140.903618,-2.679893 140.903284,-2.678777 140.902955,-2.678392 140.902426,-2.677935 140.903633,-2.677837 140.905236,-2.677996 140.905062,-2.676659 140.903484,-2.676787 140.900292,-2.676529</coordinates></LinearRing></outerBoundaryIs></Polygon>
<Polygon><outerBoundaryIs><LinearRing><coordinates>140.770989,-2.679333 140.770663,-2.678187 140.768413,-2.677857 140.767221,-2.677514 140.765816,-2.678546 140.764097,-2.678331 140.763052,-2.676471 140.762632,-2.676350 140.762748,-2.678519 140.763820,-2.679221 140.764972,-2.679655 140.764678,-2.680973 140.766296,-2.680848 140.767223,-2.679463 140.768452,-2.679222 140.769007,-2.678859 140.770297,-2.678569 140.770670,-2.679112 140.770989,-2.679333</coordinates></LinearRing></outerBoundaryIs></Polygon>
<Polygon><outerBoundaryIs><LinearRing><coordinates>140.891757,-2.677995 140.893404,-2.676670 140.893644,-2.676368 140.891904,-2.676547 140.891757,-2.677995</coordinates></LinearRing></outerBoundaryIs></Polygon>
<Polygon><outerBoundaryIs><LinearRing><coordinates>140.920332,-2.679623 140.919793,-2.676370 140.919466,-2.676597 140.919144,-2.677943 140.920150,-2.679497 140.920332,-2.679623</coordinates></LinearRing></outerBoundaryIs></Polygon>
<Polygon><outerBoundaryIs><LinearRing><coordinates>140.762632,-2.676350 140.762633,-2.676079 140.762363,-2.676079 140.762363,-2.676350 140.762632,-2.676350</coordinates></LinearRing></outerBoundaryIs></Polygon>
<Polygon><outerBoundaryIs><LinearRing><coordinates>140.959959,-2.676101 140.959640,-2.676323 140.959032,-2.677209 140.958072,-2.677457 140.958141,-2.678472 140.959336,-2.678610 140.959489,-2.677255 140.959891,-2.676846 140.959959,-2.676101</coordinates></LinearRing></outerBoundaryIs></Polygon>
<Polygon><outerBoundaryIs><LinearRing><coordinates>140.959959,-2.676101 140.960229,-2.676101 140.960229,-2.675559 140.959959,-2.675559 140.959959,-2.676101</coordinates></LinearRing></outerBoundaryIs></Polygon>
<Polygon><outerBoundaryIs><LinearRing><coordinates>140.959959,-2.682607 140.959275,-2.681398 140.959026,-2.680316 140.959959,-2.678812 140.959071,-2.679067 140.958672,-2.681372 140.955636,-2.681120 140.953879,-2.679776 140.953444,-2.676773 140.951034,-2.676470 140.949997,-2.675167 140.948672,-2.675425 140.948248,-2.677878 140.947765,-2.679140 140.948551,-2.679773 140.948398,-2.681013 140.949624,-2.681914 140.951112,-2.681642 140.951554,-2.680589 140.951949,-2.681608 140.951238,-2.682823 140.951065,-2.684220 140.952022,-2.684625 140.952939,-2.685167 140.953369,-2.684926 140.953609,-2.684083 140.953909,-2.683842 140.954238,-2.683055 140.954702,-2.682997 140.955916,-2.683149 140.957263,-2.682980 140.958790,-2.683171 140.959540,-2.682728 140.959959,-2.682607</coordinates></LinearRing></outerBoundaryIs></Polygon>
<Polygon><outerBoundaryIs><LinearRing><coordinates>140.867226,-2.677450 140.867034,-2.677616 140.865904,-2.680163 140.863815,-2.678990 140.860945,-2.678204 140.859679,-2.677494 140.857985,-2.675516 140.856941,-2.675155 140.854125,-2.675930 140.852670,-2.675280 140.852456,-2.676032 140.850576,-2.675796 140.850123,-2.676684 140.851177,-2.677131 140.851507,-2.679410 140.852280,-2.679738 140.853189,-2.680275 140.854298,-2.680551 140.854997,-2.679673 140.856224,-2.679827 140.856850,-2.679457 140.858359,-2.680733 140.859678,-2.680223 140.860811,-2.680661 140.862926,-2.680397 140.863721,-2.682295 140.864678,-2.682175 140.865297,-2.683201 140.865882,-2.683534 140.866537,-2.682450 140.867106,-2.681667 140.867226,-2.677450</coordinates></LinearRing></outerBoundaryIs></Polygon>
<Polygon><outerBoundaryIs><LinearRing><coordinates>140.793513,-2.677708 140.794851,-2.675954 140.794981,-2.675542 140.794613,-2.675143 140.792766,-2.675069 140.791886,-2.679299 140.792694,-2.679207 140.793171,-2.678690 140.793252,-2.680761 140.792424,-2.683937 140.793675,-2.685966 140.796597,-2.686115 140.796467,-2.685974 140.794409,-2.685319 140.793233,-2.683174 140.793772,-2.681105 140.794070,-2.679847 140.793513,-2.677708</coordinates></LinearRing></outerBoundaryIs></Polygon>
<Polygon><outerBoundaryIs><LinearRing><coordinates>140.852670,-2.675280 140.852670,-2.675009 140.852400,-2.675009 140.852400,-2.675280 140.852670,-2.675280</coordinates></LinearRing></outerBoundaryIs></Polygon>
<Polygon><outerBoundaryIs><LinearRing><coordinates>140.961577,-2.675288 140.961577,-2.675017 140.960768,-2.675017 140.960768,-2.675288 140.961577,-2.675288</coordinates></LinearRing></outerBoundaryIs></Polygon>
<Polygon><outerBoundaryIs><LinearRing><coordinates>140.795790,-2.675000 140.795790,-2.674729 140.795520,-2.674729 140.795520,-2.675000 140.795790,-2.675000</coordinates></LinearRing></outerBoundaryIs></Polygon>
<Polygon><outerBoundaryIs><LinearRing><coordinates>140.895946,-2.676223 140.895801,-2.674742 140.895435,-2.675037 140.895733,-2.677452 140.896070,-2.677724 140.895946,-2.676223</coordinates></LinearRing></outerBoundaryIs></Polygon>
<Polygon><outerBoundaryIs><LinearRing><coordinates>140.957803,-2.674746 140.955916,-2.674746 140.955916,-2.675017 140.957803,-2.675017 140.957803,-2.674746</coordinates></LinearRing></outerBoundaryIs></Polygon>
<Polygon><outerBoundaryIs><LinearRing><coordinates>140.955377,-2.674203 140.955377,-2.674746 140.955646,-2.674746 140.955646,-2.674203 140.955377,-2.674203</coordinates></LinearRing></outerBoundaryIs></Polygon>
<Polygon><outerBoundaryIs><LinearRing><coordinates>140.897688,-2.673658 140.897806,-2.674624 140.898110,-2.675131 140.898386,-2.676127 140.900624,-2.676487 140.900923,-2.676098 140.899329,-2.675897 140.898250,-2.674110 140.897688,-2.673658</coordinates></LinearRing></outerBoundaryIs></Polygon>
<Polygon><outerBoundaryIs><LinearRing><coordinates>140.845929,-2.682598 140.846096,-2.682495 140.846325,-2.680616 140.847146,-2.680246 140.847983,-2.680533 140.848394,-2.681204 140.848895,-2.681514 140.849022,-2.681100 140.850116,-2.680844 140.850370,-2.680346 140.849022,-2.680031 140.847868,-2.679220 140.846508,-2.679963 140.846013,-2.679406 140.846102,-2.677899 140.846881,-2.676778 140.847192,-2.676097 140.847126,-2.674985 140.845518,-2.674609 140.845043,-2.674074 140.843987,-2.673586 140.842996,-2.674127 140.842568,-2.674608 140.841848,-2.675255 140.842300,-2.678673 140.841759,-2.679159 140.841489,-2.679913 140.842298,-2.680286 140.842680,-2.680716 140.843163,-2.681150 140.845263,-2.681642 140.845517,-2.681928 140.845802,-2.682184 140.845929,-2.682598</coordinates></LinearRing></outerBoundaryIs><innerBoundaryIs><LinearRing><coordinates>140.844851,-2.679074 140.844501,-2.678923 140.844744,-2.678458 140.844851,-2.679074</coordinates></LinearRing></innerBoundaryIs><innerBoundaryIs><LinearRing><coordinates>140.844852,-2.677990 140.843925,-2.677831 140.844597,-2.677071 140.844852,-2.677990</coordinates></LinearRing></innerBoundaryIs></Polygon>
<Polygon><outerBoundaryIs><LinearRing><coordinates>140.765329,-2.674182 140.765329,-2.673368 140.765059,-2.673368 140.765059,-2.674182 140.765329,-2.674182</coordinates></LinearRing></outerBoundaryIs></Polygon>
<Polygon><outerBoundaryIs><LinearRing><coordinates>140.897688,-2.673658 140.897688,-2.673387 140.897419,-2.673387 140.897419,-2.673658 140.897688,-2.673658</coordinates></LinearRing></outerBoundaryIs></Polygon>
<Polygon><outerBoundaryIs><LinearRing><coordinates>140.903619,-2.673658 140.901033,-2.673547 140.900384,-2.673387 140.900565,-2.673747 140.901281,-2.674111 140.901553,-2.674651 140.902628,-2.674834 140.902901,-2.674291 140.903528,-2.674109 140.903619,-2.673658</coordinates></LinearRing></outerBoundaryIs></Polygon>
<Polygon><outerBoundaryIs><LinearRing><coordinates>140.903619,-2.673658 140.904578,-2.673411 140.904967,-2.672845 140.903792,-2.672979 140.903619,-2.673658</coordinates></LinearRing></outerBoundaryIs></Polygon>
<Polygon><outerBoundaryIs><LinearRing><coordinates>140.957803,-2.674746 140.958494,-2.674628 140.958729,-2.674322 140.959572,-2.674085 140.960944,-2.673543 140.962935,-2.673899 140.963232,-2.675920 140.962779,-2.675987 140.962116,-2.675559 140.961736,-2.676262 140.961148,-2.676483 140.960872,-2.677562 140.960229,-2.678541 140.960699,-2.678472 140.961176,-2.677998 140.961778,-2.678610 140.961915,-2.679285 140.962116,-2.679354 140.962802,-2.678418 140.963065,-2.677519 140.963611,-2.677063 140.964265,-2.675997 140.963977,-2.673155 140.959970,-2.672725 140.959298,-2.673538 140.957989,-2.674109 140.957803,-2.674746</coordinates></LinearRing></outerBoundaryIs></Polygon>
<Polygon><outerBoundaryIs><LinearRing><coordinates>140.867226,-2.677450 140.867675,-2.677089 140.868426,-2.676147 140.868694,-2.676788 140.869936,-2.677029 140.869753,-2.675543 140.867944,-2.675023 140.867637,-2.672901 140.867227,-2.672570 140.867346,-2.673534 140.867704,-2.675768 140.867226,-2.677450</coordinates></LinearRing></outerBoundaryIs></Polygon>
<Polygon><outerBoundaryIs><LinearRing><coordinates>140.893644,-2.676368 140.894001,-2.676091 140.894548,-2.672856 140.894184,-2.672573 140.894079,-2.673009 140.893298,-2.673993 140.893010,-2.675024 140.893644,-2.676368</coordinates></LinearRing></outerBoundaryIs></Polygon>
<Polygon><outerBoundaryIs><LinearRing><coordinates>140.767091,-2.675011 140.767326,-2.672904 140.765861,-2.672445 140.765598,-2.672826 140.765748,-2.672947 140.765988,-2.673248 140.766572,-2.673719 140.766282,-2.675720 140.765846,-2.675171 140.765059,-2.674724 140.765318,-2.675741 140.766551,-2.676461 140.767091,-2.675011</coordinates></LinearRing></outerBoundaryIs></Polygon>
<Polygon><outerBoundaryIs><LinearRing><coordinates>140.905236,-2.672574 140.905236,-2.672303 140.904967,-2.672303 140.904967,-2.672574 140.905236,-2.672574</coordinates></LinearRing></outerBoundaryIs></Polygon>
<Polygon><outerBoundaryIs><LinearRing><coordinates>140.729476,-2.672277 140.729895,-2.672064 140.730016,-2.671464 140.729597,-2.671676 140.729476,-2.672277</coordinates></LinearRing></outerBoundaryIs></Polygon>
<Polygon><outerBoundaryIs><LinearRing><coordinates>140.867227,-2.672570 140.867227,-2.671486 140.866957,-2.671486 140.866957,-2.672570 140.867227,-2.672570</coordinates></LinearRing></outerBoundaryIs></Polygon>
<Polygon><outerBoundaryIs><LinearRing><coordinates>140.730016,-2.671464 140.730285,-2.671464 140.730285,-2.671193 140.730016,-2.671192 140.730016,-2.671464</coordinates></LinearRing></outerBoundaryIs></Polygon>
<Polygon><outerBoundaryIs><LinearRing><coordinates>140.898767,-2.671218 140.899067,-2.672303 140.900114,-2.673116 140.899951,-2.672477 140.899211,-2.671333 140.898767,-2.671218</coordinates></LinearRing></outerBoundaryIs></Polygon>
<Polygon><outerBoundaryIs><LinearRing><coordinates>140.955377,-2.674203 140.955237,-2.673313 140.954568,-2.672848 140.953877,-2.672730 140.953246,-2.671179 140.952951,-2.670950 140.953068,-2.673814 140.953372,-2.674321 140.954102,-2.676333 140.955916,-2.676643 140.955710,-2.676308 140.954760,-2.675719 140.954281,-2.674644 140.954703,-2.673399 140.954940,-2.674100 140.955377,-2.674203</coordinates></LinearRing></outerBoundaryIs></Polygon>
<Polygon><outerBoundaryIs><LinearRing><coordinates>140.730285,-2.671193 140.730704,-2.670980 140.730824,-2.670379 140.730406,-2.670592 140.730285,-2.671193</coordinates></LinearRing></outerBoundaryIs></Polygon>
<Polygon><outerBoundaryIs><LinearRing><coordinates>140.730824,-2.670379 140.731094,-2.670379 140.731094,-2.669837 140.730825,-2.669837 140.730824,-2.670379</coordinates></LinearRing></outerBoundaryIs></Polygon>
<Polygon><outerBoundaryIs><LinearRing><coordinates>140.729476,-2.672277 140.728129,-2.673360 140.726811,-2.673195 140.726214,-2.672445 140.727470,-2.669716 140.727590,-2.669023 140.726903,-2.669417 140.726659,-2.670527 140.725825,-2.671857 140.725580,-2.672424 140.724490,-2.673808 140.722445,-2.673598 140.721536,-2.672940 140.720972,-2.672694 140.720458,-2.672398 140.718593,-2.672151 140.718301,-2.673672 140.720186,-2.673480 140.720433,-2.673778 140.721517,-2.674251 140.721804,-2.674918 140.723358,-2.674759 140.724088,-2.675643 140.725266,-2.674965 140.725555,-2.674296 140.725849,-2.674050 140.726159,-2.673676 140.727322,-2.673795 140.727981,-2.674593 140.728584,-2.674839 140.729059,-2.673213 140.729354,-2.672967 140.729476,-2.672277</coordinates></LinearRing></outerBoundaryIs></Polygon>
<Polygon><outerBoundaryIs><LinearRing><coordinates>140.762363,-2.676079 140.761140,-2.674598 140.759808,-2.672458 140.759004,-2.670923 140.759544,-2.669447 140.759669,-2.669030 140.757201,-2.669283 140.756848,-2.669772 140.757387,-2.670239 140.757636,-2.671615 140.759457,-2.673193 140.760433,-2.674761 140.761734,-2.675888 140.762363,-2.676079</coordinates></LinearRing></outerBoundaryIs></Polygon>
<Polygon><outerBoundaryIs><LinearRing><coordinates>140.759669,-2.669030 140.759938,-2.669030 140.759938,-2.668759 140.759669,-2.668759 140.759669,-2.669030</coordinates></LinearRing></outerBoundaryIs></Polygon>
<Polygon><outerBoundaryIs><LinearRing><coordinates>140.955673,-2.671545 140.956041,-2.670149 140.954532,-2.669198 140.952681,-2.668782 140.952827,-2.669354 140.954851,-2.669877 140.955420,-2.670755 140.955107,-2.672035 140.955673,-2.671545</coordinates></LinearRing></outerBoundaryIs></Polygon>
<Polygon><outerBoundaryIs><LinearRing><coordinates>140.791744,-2.686657 140.791620,-2.685969 140.791011,-2.685441 140.792121,-2.685106 140.792262,-2.683347 140.791606,-2.682778 140.791351,-2.680818 140.790387,-2.680211 140.789983,-2.679482 140.789469,-2.676642 140.788197,-2.675540 140.787589,-2.674443 140.787521,-2.673591 140.788906,-2.673172 140.788657,-2.671872 140.788338,-2.671297 140.788694,-2.669723 140.789196,-2.669974 140.789646,-2.670988 140.790879,-2.671960 140.792109,-2.672512 140.792522,-2.673892 140.794038,-2.673769 140.795790,-2.673916 140.795023,-2.673052 140.791753,-2.671256 140.790104,-2.668408 140.788759,-2.667922 140.787339,-2.668577 140.786995,-2.669214 140.786498,-2.671889 140.785835,-2.674137 140.786099,-2.678594 140.785078,-2.678963 140.783506,-2.676784 140.782275,-2.676710 140.780569,-2.677800 140.780525,-2.678543 140.781228,-2.680383 140.782097,-2.681361 140.783531,-2.680834 140.785245,-2.680118 140.786481,-2.680564 140.788031,-2.681045 140.789773,-2.682611 140.790500,-2.683958 140.790548,-2.684759 140.790419,-2.686921 140.791268,-2.687877 140.793219,-2.688778 140.792880,-2.690839 140.791781,-2.690905 140.790269,-2.690579 140.788837,-2.690310 140.787208,-2.688476 140.785806,-2.688098 140.784397,-2.688183 140.781478,-2.687790 140.780840,-2.686609 140.780753,-2.685134 140.781323,-2.682995 140.780621,-2.682205 140.777585,-2.681918 140.775260,-2.681606 140.774109,-2.682137 140.773820,-2.685233 140.772063,-2.686811 140.771526,-2.687737 140.771991,-2.687597 140.772915,-2.686519 140.775134,-2.686227 140.775426,-2.684555 140.774187,-2.683482 140.775105,-2.682181 140.776442,-2.681920 140.777667,-2.682794 140.779562,-2.682641 140.780588,-2.683020 140.780510,-2.683994 140.779654,-2.684378 140.779823,-2.686509 140.778886,-2.686793 140.779042,-2.688755 140.780025,-2.688676 140.780547,-2.688969 140.781198,-2.689220 140.782164,-2.688678 140.782761,-2.688427 140.783242,-2.689512 140.783587,-2.689763 140.784051,-2.689220 140.786726,-2.688947 140.787341,-2.688996 140.787925,-2.691584 140.788532,-2.691932 140.790359,-2.690907 140.791782,-2.692569 140.793371,-2.692441 140.794026,-2.687708 140.793217,-2.687345 140.792967,-2.686782 140.791744,-2.686657 140.791556,-2.687319 140.791099,-2.686842 140.791744,-2.686657</coordinates></LinearRing></outerBoundaryIs><innerBoundaryIs><LinearRing><coordinates>140.782962,-2.679693 140.782580,-2.680691 140.782191,-2.680377 140.782493,-2.679215 140.782962,-2.679693</coordinates></LinearRing></innerBoundaryIs></Polygon>
<Polygon><outerBoundaryIs><LinearRing><coordinates>140.952177,-2.670102 140.950772,-2.669012 140.950407,-2.667273 140.950255,-2.666884 140.949609,-2.667367 140.949898,-2.669056 140.950410,-2.669439 140.950909,-2.670292 140.952412,-2.670408 140.952177,-2.670102</coordinates></LinearRing></outerBoundaryIs></Polygon>
<Polygon><outerBoundaryIs><LinearRing><coordinates>140.952951,-2.666884 140.952681,-2.666884 140.952681,-2.667155 140.952951,-2.667155 140.952951,-2.666884</coordinates></LinearRing></outerBoundaryIs></Polygon>
<Polygon><outerBoundaryIs><LinearRing><coordinates>140.798755,-2.678254 140.798994,-2.676417 140.800461,-2.676959 140.800783,-2.675885 140.804105,-2.675618 140.803206,-2.676396 140.802943,-2.678129 140.801036,-2.679193 140.800911,-2.679881 140.804376,-2.677853 140.805095,-2.678656 140.805383,-2.679876 140.805763,-2.680966 140.806175,-2.680838 140.806590,-2.679047 140.808799,-2.678633 140.809204,-2.677314 140.809950,-2.677570 140.810257,-2.678571 140.811927,-2.679174 140.812389,-2.677179 140.813503,-2.675418 140.814073,-2.675715 140.814287,-2.679341 140.814139,-2.681835 140.815811,-2.682227 140.816212,-2.683535 140.816688,-2.683280 140.817033,-2.681790 140.819089,-2.680346 140.820542,-2.681367 140.821002,-2.680840 140.821376,-2.679224 140.822604,-2.679150 140.822891,-2.680085 140.825605,-2.682385 140.825378,-2.686204 140.825980,-2.686391 140.826110,-2.683539 140.826421,-2.682347 140.826934,-2.681372 140.826037,-2.681086 140.825010,-2.680540 140.824268,-2.678181 140.823880,-2.677443 140.821105,-2.676910 140.820255,-2.674208 140.818850,-2.673542 140.817850,-2.672169 140.817436,-2.667387 140.815255,-2.666865 140.810948,-2.667036 140.808870,-2.668637 140.807958,-2.669229 140.804753,-2.669101 140.801882,-2.669857 140.800213,-2.670546 140.798626,-2.675584 140.798356,-2.677882 140.798755,-2.678254</coordinates></LinearRing></outerBoundaryIs></Polygon>
<Polygon><outerBoundaryIs><LinearRing><coordinates>140.902002,-2.669050 140.902541,-2.669050 140.901032,-2.666691 140.900654,-2.666339 140.900771,-2.667576 140.901580,-2.668673 140.899424,-2.668660 140.898497,-2.667965 140.898757,-2.669398 140.901932,-2.669717 140.902271,-2.669321 140.902002,-2.669321 140.902002,-2.669050 140.901673,-2.668957 140.901910,-2.668719 140.902002,-2.669050</coordinates></LinearRing></outerBoundaryIs></Polygon>
<Polygon><outerBoundaryIs><LinearRing><coordinates>140.898917,-2.667573 140.900115,-2.666067 140.899666,-2.666159 140.898588,-2.666697 140.898497,-2.667694 140.898917,-2.667573</coordinates></LinearRing></outerBoundaryIs></Polygon>
<Polygon><outerBoundaryIs><LinearRing><coordinates>140.866957,-2.671486 140.866838,-2.668625 140.866535,-2.668107 140.866699,-2.666783 140.864574,-2.666486 140.863762,-2.667505 140.863064,-2.667191 140.863603,-2.666757 140.863843,-2.666324 140.863184,-2.665793 140.862791,-2.666146 140.862694,-2.667768 140.863392,-2.668149 140.865895,-2.667999 140.866815,-2.671358 140.866957,-2.671486</coordinates></LinearRing></outerBoundaryIs></Polygon>
<Polygon><outerBoundaryIs><LinearRing><coordinates>140.896070,-2.687212 140.896242,-2.687437 140.898198,-2.688242 140.898613,-2.689263 140.898765,-2.689381 140.898899,-2.688966 140.901059,-2.689011 140.902132,-2.687888 140.904340,-2.687578 140.905367,-2.685448 140.905653,-2.684890 140.905632,-2.683832 140.905953,-2.683205 140.906478,-2.682743 140.907767,-2.684093 140.909061,-2.684364 140.909411,-2.683280 140.910749,-2.681295 140.910205,-2.679158 140.910248,-2.677055 140.909678,-2.676504 140.910226,-2.676237 140.911029,-2.675689 140.911574,-2.675424 140.912128,-2.675136 140.913726,-2.675169 140.913995,-2.674036 140.913423,-2.672921 140.912345,-2.671879 140.912399,-2.669199 140.911838,-2.668104 140.911536,-2.666548 140.910491,-2.666207 140.910359,-2.665255 140.910216,-2.665383 140.909962,-2.666754 140.909661,-2.667596 140.908060,-2.668094 140.907149,-2.668733 140.907711,-2.669774 140.908059,-2.671582 140.905139,-2.674888 140.904438,-2.675518 140.902129,-2.675379 140.901732,-2.675827 140.903763,-2.675952 140.904730,-2.676495 140.906094,-2.674833 140.906439,-2.674055 140.908062,-2.672883 140.908866,-2.671073 140.909405,-2.670102 140.909099,-2.669632 140.908347,-2.668980 140.909270,-2.668574 140.909964,-2.669176 140.910282,-2.671273 140.910962,-2.672499 140.910337,-2.673908 140.908057,-2.674326 140.907726,-2.675072 140.905652,-2.676868 140.905506,-2.677996 140.905635,-2.678137 140.906445,-2.678891 140.906713,-2.680305 140.907038,-2.681553 140.904992,-2.682881 140.903524,-2.686387 140.900217,-2.687885 140.899420,-2.687480 140.898636,-2.686258 140.897558,-2.684682 140.898356,-2.684090 140.902149,-2.682030 140.903618,-2.680436 140.902934,-2.680561 140.901876,-2.681394 140.901317,-2.681645 140.900528,-2.682207 140.898563,-2.683024 140.898102,-2.683563 140.895925,-2.683813 140.895676,-2.684598 140.896854,-2.686111 140.898373,-2.687068 140.898346,-2.687403 140.896070,-2.687212</coordinates></LinearRing></outerBoundaryIs><innerBoundaryIs><LinearRing><coordinates>140.908267,-2.679313 140.908396,-2.679894 140.908225,-2.680661 140.908471,-2.681249 140.907693,-2.681126 140.907173,-2.678994 140.907652,-2.678886 140.908267,-2.679313</coordinates></LinearRing></innerBoundaryIs><innerBoundaryIs><LinearRing><coordinates>140.908650,-2.677634 140.908292,-2.677816 140.908201,-2.677996 140.907302,-2.677882 140.907531,-2.677112 140.908656,-2.676550 140.908650,-2.677634</coordinates></LinearRing></innerBoundaryIs></Polygon>
<Polygon><outerBoundaryIs><LinearRing><coordinates>140.910628,-2.664713 140.910359,-2.664713 140.910359,-2.664984 140.910628,-2.664984 140.910628,-2.664713</coordinates></LinearRing></outerBoundaryIs></Polygon>
<Polygon><outerBoundaryIs><LinearRing><coordinates>140.952951,-2.666884 140.953284,-2.666677 140.953858,-2.665741 140.953409,-2.664290 140.953221,-2.664173 140.953110,-2.666231 140.952951,-2.666884</coordinates></LinearRing></outerBoundaryIs></Polygon>
<Polygon><outerBoundaryIs><LinearRing><coordinates>140.914671,-2.684774 140.915182,-2.684615 140.918130,-2.683004 140.918842,-2.682033 140.918280,-2.679389 140.916783,-2.677233 140.917109,-2.671740 140.915469,-2.669072 140.915676,-2.665583 140.915278,-2.664088 140.914672,-2.663900 140.914843,-2.667044 140.914728,-2.669956 140.915358,-2.670543 140.914542,-2.670931 140.914801,-2.671631 140.915350,-2.672434 140.915610,-2.674071 140.915899,-2.674903 140.915841,-2.676370 140.915900,-2.677861 140.915840,-2.679378 140.916168,-2.680078 140.918035,-2.680003 140.917504,-2.681941 140.916749,-2.681122 140.914541,-2.681034 140.914800,-2.681932 140.915336,-2.683469 140.915350,-2.683830 140.914671,-2.684774</coordinates></LinearRing></outerBoundaryIs></Polygon>
<Polygon><outerBoundaryIs><LinearRing><coordinates>140.850104,-2.667287 140.848695,-2.666200 140.846427,-2.663738 140.845672,-2.663768 140.844663,-2.665493 140.840390,-2.669405 140.837087,-2.669723 140.834367,-2.670439 140.833467,-2.670918 140.833131,-2.672786 140.833940,-2.674323 140.834546,-2.675615 140.834458,-2.677825 140.833063,-2.681038 140.833133,-2.682800 140.835748,-2.688640 140.835954,-2.688832 140.835835,-2.687597 140.835446,-2.686228 140.834996,-2.685458 140.834757,-2.684537 140.835551,-2.683897 140.835805,-2.682718 140.836065,-2.682205 140.837175,-2.684044 140.838738,-2.683440 140.839299,-2.682101 140.839580,-2.680959 140.838594,-2.680165 140.837426,-2.680311 140.836866,-2.679608 140.836967,-2.678791 140.836587,-2.677794 140.836656,-2.677236 140.837723,-2.676784 140.839296,-2.675519 140.840149,-2.675158 140.840405,-2.673393 140.841044,-2.672301 140.844937,-2.671812 140.845242,-2.670984 140.844684,-2.670535 140.845238,-2.670089 140.845512,-2.669435 140.845961,-2.669074 140.846384,-2.667586 140.847630,-2.667297 140.848002,-2.668608 140.849316,-2.668894 140.849755,-2.669446 140.850663,-2.669707 140.850903,-2.669982 140.848477,-2.670249 140.848237,-2.670769 140.849621,-2.671070 140.849490,-2.672126 140.848477,-2.672418 140.847833,-2.673226 140.848002,-2.674600 140.851202,-2.674858 140.852130,-2.675009 140.852001,-2.674868 140.851721,-2.674607 140.851332,-2.674185 140.850772,-2.673663 140.850343,-2.673197 140.850397,-2.671826 140.851462,-2.670270 140.852353,-2.668882 140.850104,-2.667287</coordinates></LinearRing></outerBoundaryIs></Polygon>
<Polygon><outerBoundaryIs><LinearRing><coordinates>140.914672,-2.663900 140.914399,-2.663544 140.911108,-2.664088 140.910628,-2.664713 140.911859,-2.664595 140.912363,-2.664289 140.914672,-2.663900</coordinates></LinearRing></outerBoundaryIs></Polygon>
<Polygon><outerBoundaryIs><LinearRing><coordinates>140.952412,-2.663360 140.952412,-2.663631 140.952681,-2.663631 140.952681,-2.663360 140.952412,-2.663360</coordinates></LinearRing></outerBoundaryIs></Polygon>
<Polygon><outerBoundaryIs><LinearRing><coordinates>140.952412,-2.663360 140.952412,-2.663089 140.952142,-2.663089 140.952142,-2.663360 140.952412,-2.663360</coordinates></LinearRing></outerBoundaryIs></Polygon>
<Polygon><outerBoundaryIs><LinearRing><coordinates>140.951603,-2.662546 140.951603,-2.662275 140.951334,-2.662275 140.951334,-2.662546 140.951603,-2.662546</coordinates></LinearRing></outerBoundaryIs></Polygon>
<Polygon><outerBoundaryIs><LinearRing><coordinates>140.923298,-2.662274 140.923037,-2.661893 140.921643,-2.662208 140.921411,-2.662545 140.922337,-2.662392 140.923298,-2.662274</coordinates></LinearRing></outerBoundaryIs></Polygon>
<Polygon><outerBoundaryIs><LinearRing><coordinates>140.949863,-2.666194 140.949297,-2.664858 140.949559,-2.662277 140.948907,-2.661733 140.949101,-2.662625 140.948811,-2.666257 140.949986,-2.666613 140.949863,-2.666194</coordinates></LinearRing></outerBoundaryIs></Polygon>
<Polygon><outerBoundaryIs><LinearRing><coordinates>140.679872,-2.684464 140.679611,-2.682863 140.680082,-2.680622 140.680935,-2.680495 140.681900,-2.680893 140.682029,-2.682567 140.682437,-2.682214 140.682694,-2.680628 140.679453,-2.679646 140.678362,-2.678868 140.678474,-2.677468 140.678112,-2.676476 140.677863,-2.675372 140.676599,-2.675082 140.676174,-2.674124 140.676357,-2.671840 140.675496,-2.669781 140.674683,-2.668316 140.674361,-2.667238 140.674071,-2.666445 140.673807,-2.663260 140.673409,-2.661420 140.673232,-2.661513 140.672812,-2.662315 140.671903,-2.661904 140.671605,-2.661335 140.671252,-2.661148 140.671377,-2.661836 140.672035,-2.662770 140.672568,-2.665228 140.671665,-2.666507 140.672454,-2.667529 140.672790,-2.667821 140.673391,-2.669176 140.674070,-2.669969 140.674510,-2.670350 140.674651,-2.672128 140.674556,-2.673315 140.675147,-2.675933 140.676165,-2.676390 140.676784,-2.677269 140.677033,-2.678916 140.678293,-2.680007 140.678650,-2.680814 140.679378,-2.681141 140.679146,-2.684042 140.679872,-2.684464</coordinates></LinearRing></outerBoundaryIs></Polygon>
<Polygon><outerBoundaryIs><LinearRing><coordinates>140.673678,-2.661149 140.673678,-2.660877 140.673409,-2.660877 140.673409,-2.661148 140.673678,-2.661149</coordinates></LinearRing></outerBoundaryIs></Polygon>
<Polygon><outerBoundaryIs><LinearRing><coordinates>140.911976,-2.660918 140.911707,-2.660918 140.911707,-2.661189 140.911976,-2.661189 140.911976,-2.660918</coordinates></LinearRing></outerBoundaryIs></Polygon>
<Polygon><outerBoundaryIs><LinearRing><coordinates>140.911437,-2.661189 140.909832,-2.660807 140.909435,-2.661344 140.909281,-2.661460 140.909371,-2.661640 140.911119,-2.661822 140.911437,-2.661189</coordinates></LinearRing></outerBoundaryIs></Polygon>
<Polygon><outerBoundaryIs><LinearRing><coordinates>140.911976,-2.660918 140.912246,-2.660918 140.912246,-2.660647 140.911976,-2.660647 140.911976,-2.660918</coordinates></LinearRing></outerBoundaryIs></Polygon>
<Polygon><outerBoundaryIs><LinearRing><coordinates>140.951151,-2.660926 140.950795,-2.660649 140.950977,-2.661727 140.951334,-2.662004 140.951151,-2.660926</coordinates></LinearRing></outerBoundaryIs></Polygon>
<Polygon><outerBoundaryIs><LinearRing><coordinates>140.912516,-2.660376 140.912516,-2.660104 140.912246,-2.660104 140.912246,-2.660376 140.912516,-2.660376</coordinates></LinearRing></outerBoundaryIs></Polygon>
<Polygon><outerBoundaryIs><LinearRing><coordinates>140.758592,-2.658728 140.758737,-2.659396 140.758986,-2.661043 140.759309,-2.661323 140.757658,-2.662752 140.757907,-2.664025 140.759694,-2.666074 140.759938,-2.668488 140.760151,-2.668290 140.760065,-2.666092 140.758709,-2.663514 140.758734,-2.662882 140.760064,-2.660938 140.759199,-2.659294 140.758592,-2.658728</coordinates></LinearRing></outerBoundaryIs></Polygon>
<Polygon><outerBoundaryIs><LinearRing><coordinates>140.739184,-2.658182 140.739184,-2.657911 140.738914,-2.657911 140.738914,-2.658182 140.739184,-2.658182</coordinates></LinearRing></outerBoundaryIs></Polygon>
<Polygon><outerBoundaryIs><LinearRing><coordinates>140.912516,-2.657394 140.911868,-2.657843 140.911597,-2.658924 140.912516,-2.659562 140.912516,-2.657394</coordinates></LinearRing></outerBoundaryIs></Polygon>
<Polygon><outerBoundaryIs><LinearRing><coordinates>140.919794,-2.657394 140.919449,-2.657530 140.919794,-2.657665 140.919794,-2.657394</coordinates></LinearRing></outerBoundaryIs></Polygon>
<Polygon><outerBoundaryIs><LinearRing><coordinates>140.947661,-2.659982 140.948008,-2.658563 140.949227,-2.657716 140.949447,-2.657396 140.948488,-2.657516 140.947608,-2.657856 140.946810,-2.659762 140.946994,-2.661255 140.948638,-2.661462 140.947661,-2.659982</coordinates></LinearRing></outerBoundaryIs></Polygon>
<Polygon><outerBoundaryIs><LinearRing><coordinates>140.917545,-2.657334 140.917309,-2.657572 140.917638,-2.657665 140.917545,-2.657334</coordinates></LinearRing></outerBoundaryIs></Polygon>
<Polygon><outerBoundaryIs><LinearRing><coordinates>140.758592,-2.658728 140.757888,-2.657810 140.756975,-2.657102 140.757106,-2.657574 140.757901,-2.658610 140.758592,-2.658728</coordinates></LinearRing></outerBoundaryIs></Polygon>
<Polygon><outerBoundaryIs><LinearRing><coordinates>140.756706,-2.656559 140.756706,-2.656830 140.756975,-2.656830 140.756975,-2.656559 140.756706,-2.656559</coordinates></LinearRing></outerBoundaryIs></Polygon>
<Polygon><outerBoundaryIs><LinearRing><coordinates>140.909281,-2.656580 140.909122,-2.656691 140.908901,-2.657011 140.907106,-2.657250 140.907321,-2.658214 140.907124,-2.659020 140.907843,-2.658658 140.909176,-2.657415 140.909281,-2.656580</coordinates></LinearRing></outerBoundaryIs></Polygon>
<Polygon><outerBoundaryIs><LinearRing><coordinates>140.756706,-2.656559 140.756706,-2.656288 140.756436,-2.656288 140.756436,-2.656559 140.756706,-2.656559</coordinates></LinearRing></outerBoundaryIs></Polygon>
<Polygon><outerBoundaryIs><LinearRing><coordinates>140.756436,-2.656288 140.756225,-2.655867 140.755628,-2.655746 140.755839,-2.656167 140.756436,-2.656288</coordinates></LinearRing></outerBoundaryIs></Polygon>
<Polygon><outerBoundaryIs><LinearRing><coordinates>140.755628,-2.655746 140.755628,-2.655475 140.755358,-2.655475 140.755358,-2.655746 140.755628,-2.655746</coordinates></LinearRing></outerBoundaryIs></Polygon>
<Polygon><outerBoundaryIs><LinearRing><coordinates>140.912516,-2.657394 140.912785,-2.657394 140.912786,-2.654954 140.912516,-2.654954 140.912516,-2.657394</coordinates></LinearRing></outerBoundaryIs></Polygon>
<Polygon><outerBoundaryIs><LinearRing><coordinates>140.909281,-2.656580 140.909551,-2.656580 140.909551,-2.654682 140.909281,-2.654682 140.909281,-2.656580</coordinates></LinearRing></outerBoundaryIs></Polygon>
<Polygon><outerBoundaryIs><LinearRing><coordinates>140.944864,-2.654956 140.945134,-2.654956 140.945134,-2.654685 140.944864,-2.654685 140.944864,-2.654956</coordinates></LinearRing></outerBoundaryIs></Polygon>
<Polygon><outerBoundaryIs><LinearRing><coordinates>140.945134,-2.654685 140.945403,-2.654685 140.945403,-2.654413 140.945134,-2.654413 140.945134,-2.654685</coordinates></LinearRing></outerBoundaryIs></Polygon>
<Polygon><outerBoundaryIs><LinearRing><coordinates>140.755358,-2.655475 140.754432,-2.654237 140.754280,-2.654119 140.754425,-2.655315 140.755358,-2.655475</coordinates></LinearRing></outerBoundaryIs></Polygon>
<Polygon><outerBoundaryIs><LinearRing><coordinates>140.923297,-2.681521 140.923704,-2.681654 140.924553,-2.681946 140.925606,-2.681925 140.926664,-2.682473 140.927662,-2.682739 140.928014,-2.681649 140.929574,-2.681681 140.930438,-2.681383 140.932313,-2.681077 140.932595,-2.681660 140.933209,-2.682860 140.934515,-2.684122 140.936102,-2.684089 140.939290,-2.684155 140.939604,-2.683808 140.938927,-2.683154 140.938474,-2.682680 140.937434,-2.681084 140.936725,-2.680399 140.936374,-2.680017 140.938086,-2.680052 140.938525,-2.678647 140.937717,-2.677865 140.937453,-2.676749 140.938261,-2.675967 140.938656,-2.674746 140.939065,-2.672838 140.938191,-2.672412 140.936089,-2.672455 140.934593,-2.670888 140.935862,-2.670274 140.936908,-2.670817 140.938531,-2.671082 140.939042,-2.671617 140.939538,-2.671896 140.939874,-2.670648 140.938526,-2.668648 140.937992,-2.667829 140.937448,-2.667021 140.937184,-2.665661 140.936639,-2.665395 140.936364,-2.664543 140.934388,-2.664584 140.934773,-2.663451 140.934733,-2.661442 140.933163,-2.660676 140.934488,-2.660244 140.934752,-2.659783 140.933631,-2.659417 140.932085,-2.658616 140.930439,-2.658346 140.930071,-2.657203 140.926457,-2.657277 140.926131,-2.658622 140.925836,-2.658313 140.923965,-2.658352 140.923436,-2.657256 140.922619,-2.656857 140.921819,-2.656443 140.921004,-2.656177 140.921142,-2.654141 140.920967,-2.654304 140.919794,-2.656852 140.920297,-2.656982 140.920064,-2.657936 140.922146,-2.657694 140.924137,-2.659229 140.926585,-2.660009 140.927616,-2.662670 140.928555,-2.662708 140.931188,-2.662603 140.931912,-2.663661 140.932483,-2.666069 140.932863,-2.666482 140.935483,-2.667965 140.936097,-2.669133 140.934732,-2.670162 140.933433,-2.670778 140.932987,-2.671627 140.934713,-2.674581 140.936097,-2.675870 140.935375,-2.677857 140.933940,-2.677596 140.931380,-2.676539 140.929164,-2.676450 140.928284,-2.677270 140.928000,-2.679957 140.926339,-2.680394 140.925085,-2.679799 140.924253,-2.678583 140.924235,-2.678130 140.924516,-2.675969 140.924827,-2.672379 140.928010,-2.670031 140.927704,-2.669028 140.924330,-2.664339 140.923839,-2.662778 140.923298,-2.662274 140.923119,-2.662636 140.923029,-2.663358 140.923357,-2.663451 140.923121,-2.663689 140.923029,-2.663358 140.922669,-2.663178 140.921502,-2.662996 140.921142,-2.662816 140.920518,-2.663914 140.919112,-2.664528 140.918805,-2.667276 140.918298,-2.668632 140.918176,-2.669051 140.919606,-2.668863 140.919933,-2.666353 140.921286,-2.665944 140.921541,-2.665093 140.921877,-2.665484 140.924472,-2.665275 140.923962,-2.666195 140.923483,-2.667274 140.923156,-2.667301 140.922187,-2.666757 140.921624,-2.667527 140.921232,-2.668834 140.919130,-2.669468 140.918176,-2.669593 140.918562,-2.670155 140.920873,-2.671390 140.921488,-2.672863 140.920918,-2.674395 140.919903,-2.675939 140.919793,-2.676370 140.920480,-2.675972 140.921825,-2.673805 140.922075,-2.672159 140.922219,-2.672033 140.922372,-2.671644 140.922619,-2.669893 140.925291,-2.669437 140.925938,-2.667849 140.926198,-2.668484 140.925876,-2.670018 140.923900,-2.670539 140.923429,-2.671694 140.922219,-2.672033 140.922096,-2.676358 140.920751,-2.677180 140.920991,-2.677876 140.921815,-2.678540 140.922110,-2.680919 140.923177,-2.681371 140.923297,-2.681521</coordinates></LinearRing></outerBoundaryIs><innerBoundaryIs><LinearRing><coordinates>140.930577,-2.660648 140.930905,-2.660741 140.930669,-2.660978 140.930577,-2.660648 140.930248,-2.660555 140.930485,-2.660317 140.930577,-2.660648</coordinates></LinearRing></innerBoundaryIs><innerBoundaryIs><LinearRing><coordinates>140.925455,-2.667154 140.925104,-2.667003 140.925347,-2.666538 140.925455,-2.667154</coordinates></LinearRing></innerBoundaryIs></Polygon>
<Polygon><outerBoundaryIs><LinearRing><coordinates>140.921142,-2.654141 140.921412,-2.654141 140.921412,-2.653870 140.921142,-2.653870 140.921142,-2.654141</coordinates></LinearRing></outerBoundaryIs></Polygon>
<Polygon><outerBoundaryIs><LinearRing><coordinates>140.909281,-2.654682 140.909061,-2.653820 140.908203,-2.653598 140.908643,-2.654239 140.909281,-2.654682</coordinates></LinearRing></outerBoundaryIs></Polygon>
<Polygon><outerBoundaryIs><LinearRing><coordinates>140.668289,-2.653286 140.668289,-2.654099 140.668559,-2.654099 140.668559,-2.653286 140.668289,-2.653286</coordinates></LinearRing></outerBoundaryIs></Polygon>
<Polygon><outerBoundaryIs><LinearRing><coordinates>140.944864,-2.654956 140.943625,-2.655779 140.942556,-2.655538 140.942438,-2.653329 140.942053,-2.653628 140.941522,-2.654933 140.941812,-2.656908 140.944725,-2.656427 140.944864,-2.654956</coordinates></LinearRing></outerBoundaryIs></Polygon>
<Polygon><outerBoundaryIs><LinearRing><coordinates>140.948099,-2.653329 140.947961,-2.654518 140.945891,-2.654107 140.945673,-2.654413 140.946198,-2.655097 140.949060,-2.655345 140.949295,-2.655651 140.949599,-2.655887 140.949986,-2.656853 140.950150,-2.656748 140.950668,-2.655934 140.951662,-2.656310 140.951962,-2.657385 140.951439,-2.658586 140.951334,-2.659022 140.952025,-2.658904 140.952444,-2.656422 140.951451,-2.655651 140.950788,-2.654021 140.949834,-2.653753 140.949330,-2.653447 140.948099,-2.653329</coordinates></LinearRing></outerBoundaryIs></Polygon>
<Polygon><outerBoundaryIs><LinearRing><coordinates>140.754280,-2.654119 140.754060,-2.653256 140.753741,-2.653035 140.753850,-2.653900 140.754280,-2.654119</coordinates></LinearRing></outerBoundaryIs></Polygon>
<Polygon><outerBoundaryIs><LinearRing><coordinates>140.948099,-2.653329 140.948099,-2.653058 140.947560,-2.653058 140.947560,-2.653329 140.948099,-2.653329</coordinates></LinearRing></outerBoundaryIs></Polygon>
<Polygon><outerBoundaryIs><LinearRing><coordinates>140.908203,-2.653598 140.907829,-2.653054 140.906521,-2.652302 140.905238,-2.651971 140.905625,-2.652666 140.906468,-2.652903 140.906728,-2.653842 140.908203,-2.653598</coordinates></LinearRing></outerBoundaryIs></Polygon>
<Polygon><outerBoundaryIs><LinearRing><coordinates>140.912786,-2.654954 140.913009,-2.654780 140.913741,-2.652982 140.913864,-2.651972 140.913465,-2.652293 140.912906,-2.654258 140.912786,-2.654954</coordinates></LinearRing></outerBoundaryIs></Polygon>
<Polygon><outerBoundaryIs><LinearRing><coordinates>140.942169,-2.651974 140.942169,-2.652787 140.942438,-2.652787 140.942652,-2.652678 140.942356,-2.652069 140.942169,-2.651974</coordinates></LinearRing></outerBoundaryIs></Polygon>
<Polygon><outerBoundaryIs><LinearRing><coordinates>140.909700,-2.659713 140.910778,-2.658360 140.911288,-2.656972 140.911857,-2.656189 140.912097,-2.655322 140.911440,-2.652415 140.910295,-2.651930 140.908473,-2.651700 140.908600,-2.651844 140.910407,-2.652542 140.911525,-2.654152 140.911593,-2.655292 140.910957,-2.656684 140.908869,-2.659690 140.908742,-2.660375 140.909700,-2.659713</coordinates></LinearRing></outerBoundaryIs></Polygon>
<Polygon><outerBoundaryIs><LinearRing><coordinates>140.899729,-2.654128 140.901920,-2.653514 140.902929,-2.652902 140.904799,-2.652583 140.904968,-2.651971 140.904709,-2.651669 140.903496,-2.652117 140.899785,-2.653200 140.898583,-2.654057 140.898648,-2.654868 140.900944,-2.655898 140.904120,-2.656316 140.906070,-2.658593 140.906585,-2.658749 140.906198,-2.657782 140.905355,-2.656462 140.905061,-2.655740 140.903730,-2.654939 140.901841,-2.654410 140.900318,-2.654636 140.899729,-2.654128</coordinates></LinearRing></outerBoundaryIs></Polygon>
<Polygon><outerBoundaryIs><LinearRing><coordinates>140.671252,-2.661148 140.671034,-2.659807 140.671701,-2.658937 140.672863,-2.658765 140.673555,-2.659302 140.673679,-2.660606 140.673823,-2.660481 140.674073,-2.659919 140.674363,-2.659397 140.674613,-2.658367 140.670910,-2.658666 140.670426,-2.658101 140.670050,-2.657114 140.670780,-2.655801 140.670032,-2.652347 140.669907,-2.650575 140.669758,-2.650696 140.669518,-2.651399 140.670157,-2.655397 140.669389,-2.656388 140.668708,-2.654762 140.668558,-2.654641 140.668170,-2.655704 140.668703,-2.656664 140.668952,-2.657769 140.669780,-2.658833 140.670030,-2.659396 140.670319,-2.659647 140.670738,-2.660591 140.671108,-2.661022 140.671252,-2.661148</coordinates></LinearRing></outerBoundaryIs></Polygon>
<Polygon><outerBoundaryIs><LinearRing><coordinates>140.912996,-2.650746 140.909668,-2.650258 140.908742,-2.650616 140.909061,-2.650962 140.913325,-2.651159 140.912996,-2.650746</coordinates></LinearRing></outerBoundaryIs></Polygon>
<Polygon><outerBoundaryIs><LinearRing><coordinates>140.668289,-2.653286 140.668172,-2.652590 140.667677,-2.651322 140.668021,-2.649219 140.667681,-2.649464 140.667369,-2.650942 140.667752,-2.652899 140.668289,-2.653286</coordinates></LinearRing></outerBoundaryIs></Polygon>
<Polygon><outerBoundaryIs><LinearRing><coordinates>140.668290,-2.648948 140.668290,-2.648677 140.668021,-2.648677 140.668021,-2.648948 140.668290,-2.648948</coordinates></LinearRing></outerBoundaryIs></Polygon>
<Polygon><outerBoundaryIs><LinearRing><coordinates>140.916560,-2.648719 140.916560,-2.648448 140.916290,-2.648448 140.916290,-2.648719 140.916560,-2.648719</coordinates></LinearRing></outerBoundaryIs></Polygon>
<Polygon><outerBoundaryIs><LinearRing><coordinates>140.942169,-2.651974 140.941688,-2.651323 140.939292,-2.651738 140.938378,-2.651169 140.937471,-2.648565 140.937317,-2.648449 140.937199,-2.650229 140.936390,-2.651326 140.936625,-2.652397 140.936939,-2.652641 140.936660,-2.654295 140.936334,-2.654548 140.935312,-2.655934 140.936559,-2.657914 140.937466,-2.657779 140.938020,-2.659140 140.938816,-2.658904 140.939321,-2.658055 140.939860,-2.657637 140.939488,-2.657012 140.938286,-2.656079 140.938782,-2.653718 140.939625,-2.653482 140.941747,-2.652092 140.942169,-2.651974</coordinates></LinearRing></outerBoundaryIs><innerBoundaryIs><LinearRing><coordinates>140.937257,-2.652423 140.937494,-2.652185 140.937586,-2.652515 140.937257,-2.652423</coordinates></LinearRing></innerBoundaryIs></Polygon>
<Polygon><outerBoundaryIs><LinearRing><coordinates>140.947560,-2.653058 140.947435,-2.652641 140.947114,-2.652063 140.944896,-2.651556 140.944201,-2.650744 140.943372,-2.650222 140.941134,-2.648626 140.940551,-2.648449 140.940935,-2.648932 140.942588,-2.650196 140.942828,-2.650498 140.944800,-2.652084 140.946092,-2.652365 140.947560,-2.653058</coordinates></LinearRing></outerBoundaryIs></Polygon>
<Polygon><outerBoundaryIs><LinearRing><coordinates>140.918986,-2.650617 140.918861,-2.650200 140.918302,-2.649407 140.917628,-2.648325 140.916560,-2.648719 140.916690,-2.648870 140.918572,-2.650491 140.918986,-2.650617</coordinates></LinearRing></outerBoundaryIs></Polygon>
<Polygon><outerBoundaryIs><LinearRing><coordinates>140.940012,-2.648178 140.940012,-2.648449 140.940282,-2.648449 140.940282,-2.648178 140.940012,-2.648178</coordinates></LinearRing></outerBoundaryIs></Polygon>
<Polygon><outerBoundaryIs><LinearRing><coordinates>140.940012,-2.648178 140.940012,-2.647907 140.939743,-2.647907 140.939743,-2.648178 140.940012,-2.648178</coordinates></LinearRing></outerBoundaryIs></Polygon>
<Polygon><outerBoundaryIs><LinearRing><coordinates>140.753741,-2.653035 140.753154,-2.652269 140.751594,-2.651058 140.751198,-2.649628 140.750829,-2.648682 140.749643,-2.648307 140.747641,-2.649600 140.746609,-2.649898 140.744595,-2.648676 140.745386,-2.647611 140.745243,-2.647096 140.742702,-2.647516 140.742303,-2.648035 140.741999,-2.648271 140.741660,-2.648712 140.741214,-2.651348 140.740955,-2.650710 140.740177,-2.650474 140.739876,-2.651558 140.739572,-2.652337 140.739300,-2.653631 140.738243,-2.654066 140.737988,-2.656317 140.738645,-2.656827 140.738767,-2.656350 140.739833,-2.657091 140.739613,-2.658072 140.739184,-2.658182 140.738879,-2.658961 140.738527,-2.660233 140.737414,-2.660469 140.737173,-2.661059 140.736100,-2.661859 140.734365,-2.662106 140.734487,-2.662937 140.733909,-2.663721 140.733673,-2.664840 140.733099,-2.665618 140.732864,-2.666467 140.732021,-2.667516 140.731764,-2.668443 140.731364,-2.668753 140.731094,-2.669837 140.731883,-2.669546 140.733218,-2.669142 140.733646,-2.667252 140.733935,-2.667002 140.735007,-2.664028 140.735710,-2.663208 140.736901,-2.662936 140.737569,-2.662157 140.738629,-2.661682 140.739058,-2.661310 140.739308,-2.661019 140.739599,-2.660766 140.740592,-2.657435 140.740040,-2.656191 140.738790,-2.655812 140.739141,-2.654747 140.740401,-2.654849 140.740657,-2.653157 140.741993,-2.652001 140.742275,-2.650447 140.742565,-2.649925 140.742890,-2.648841 140.744450,-2.649360 140.744701,-2.649654 140.745945,-2.650031 140.746534,-2.650719 140.748386,-2.650445 140.748948,-2.649178 140.749843,-2.650448 140.750654,-2.651863 140.751730,-2.652346 140.752249,-2.652638 140.753741,-2.653035</coordinates></LinearRing></outerBoundaryIs></Polygon>
<Polygon><outerBoundaryIs><LinearRing><coordinates>140.747003,-2.646527 140.745656,-2.646527 140.745655,-2.647611 140.746731,-2.647069 140.747003,-2.646527</coordinates></LinearRing></outerBoundaryIs></Polygon>
<Polygon><outerBoundaryIs><LinearRing><coordinates>140.669907,-2.650575 140.670052,-2.650450 140.670571,-2.649728 140.670178,-2.645696 140.669873,-2.645942 140.670177,-2.648409 140.669907,-2.650575</coordinates></LinearRing></outerBoundaryIs></Polygon>
<Polygon><outerBoundaryIs><LinearRing><coordinates>140.668291,-2.648406 140.668291,-2.645424 140.668022,-2.645424 140.668021,-2.648406 140.668291,-2.648406</coordinates></LinearRing></outerBoundaryIs></Polygon>
<Polygon><outerBoundaryIs><LinearRing><coordinates>140.898767,-2.671218 140.898846,-2.670353 140.899374,-2.670878 140.900316,-2.671016 140.900722,-2.671420 140.904312,-2.671559 140.904428,-2.671219 140.904298,-2.671078 140.900644,-2.670686 140.900255,-2.670264 140.898399,-2.669908 140.898044,-2.668407 140.898118,-2.666529 140.901192,-2.663082 140.901593,-2.661953 140.900778,-2.659958 140.899761,-2.658889 140.896908,-2.660141 140.894864,-2.659420 140.892211,-2.659136 140.891122,-2.659179 140.889702,-2.660274 140.888295,-2.660218 140.888721,-2.658996 140.891090,-2.658617 140.891417,-2.658263 140.893511,-2.658346 140.894245,-2.658317 140.895767,-2.657264 140.896969,-2.655393 140.897507,-2.654891 140.897011,-2.653467 140.896752,-2.652223 140.899288,-2.649860 140.900360,-2.649351 140.903108,-2.649461 140.904131,-2.648917 140.906187,-2.648588 140.906316,-2.648447 140.906498,-2.648087 140.906856,-2.647905 140.908199,-2.647264 140.910082,-2.648143 140.911027,-2.648902 140.912471,-2.649367 140.913667,-2.649029 140.913864,-2.648719 140.913735,-2.648578 140.912621,-2.648311 140.912088,-2.647733 140.910528,-2.647795 140.909961,-2.647493 140.908150,-2.646784 140.907559,-2.646142 140.906177,-2.645877 140.905158,-2.645335 140.904290,-2.646680 140.903779,-2.647769 140.902669,-2.648122 140.901600,-2.648862 140.900580,-2.648319 140.899577,-2.648279 140.899028,-2.649449 140.897835,-2.650083 140.896442,-2.650744 140.895673,-2.652382 140.895393,-2.652914 140.895134,-2.654009 140.894333,-2.655180 140.894294,-2.656167 140.895393,-2.656689 140.893844,-2.657520 140.893487,-2.657534 140.892739,-2.656721 140.891409,-2.656668 140.890151,-2.657538 140.888978,-2.657492 140.888514,-2.657923 140.887886,-2.658604 140.885698,-2.659461 140.884890,-2.660996 140.885149,-2.661327 140.886238,-2.661588 140.887135,-2.662066 140.887883,-2.661254 140.889343,-2.661719 140.890222,-2.662673 140.891359,-2.662412 140.891619,-2.662131 140.892158,-2.661628 140.891899,-2.661318 140.890820,-2.660806 140.891385,-2.660484 140.892702,-2.660536 140.894529,-2.660464 140.894864,-2.660776 140.895123,-2.661870 140.895783,-2.662485 140.895133,-2.663497 140.893785,-2.663820 140.894084,-2.665635 140.895402,-2.665688 140.896170,-2.664854 140.896481,-2.664842 140.896740,-2.665124 140.897549,-2.665507 140.897262,-2.665982 140.896481,-2.666710 140.896740,-2.668648 140.897269,-2.669653 140.896201,-2.669993 140.895167,-2.670543 140.891099,-2.670844 140.891018,-2.672897 140.891838,-2.673788 140.892167,-2.673527 140.892859,-2.672776 140.893505,-2.672432 140.894184,-2.672302 140.895018,-2.671216 140.897264,-2.670558 140.898380,-2.670794 140.898615,-2.671100 140.898767,-2.671218</coordinates></LinearRing></outerBoundaryIs><innerBoundaryIs><LinearRing><coordinates>140.900430,-2.663369 140.899723,-2.663776 140.898769,-2.664057 140.898228,-2.664712 140.897836,-2.664384 140.898086,-2.663185 140.900777,-2.662910 140.900430,-2.663369</coordinates></LinearRing></innerBoundaryIs><innerBoundaryIs><LinearRing><coordinates>140.899696,-2.660254 140.900519,-2.660603 140.900654,-2.662001 140.899456,-2.661037 140.898648,-2.660695 140.899063,-2.659880 140.899696,-2.660254</coordinates></LinearRing></innerBoundaryIs><innerBoundaryIs><LinearRing><coordinates>140.897959,-2.661730 140.897339,-2.661620 140.897812,-2.661386 140.897959,-2.661730</coordinates></LinearRing></innerBoundaryIs></Polygon>
<Polygon><outerBoundaryIs><LinearRing><coordinates>140.670448,-2.644883 140.670178,-2.644882 140.670178,-2.645154 140.670448,-2.645154 140.670448,-2.644883</coordinates></LinearRing></outerBoundaryIs></Polygon>
<Polygon><outerBoundaryIs><LinearRing><coordinates>140.915735,-2.647087 140.915325,-2.646437 140.915019,-2.644902 140.914673,-2.644652 140.914764,-2.646730 140.915122,-2.647183 140.915303,-2.647815 140.916021,-2.648177 140.915735,-2.647087</coordinates></LinearRing></outerBoundaryIs></Polygon>
<Polygon><outerBoundaryIs><LinearRing><coordinates>140.860489,-2.661184 140.860758,-2.661184 140.860758,-2.661455 140.862344,-2.660549 140.865494,-2.659975 140.866798,-2.660591 140.866946,-2.662452 140.866095,-2.663819 140.865216,-2.664312 140.864158,-2.664787 140.863993,-2.664980 140.865483,-2.664852 140.865967,-2.664307 140.867037,-2.663975 140.867421,-2.661087 140.867340,-2.659708 140.864319,-2.659430 140.863299,-2.659987 140.862511,-2.659940 140.861480,-2.660002 140.860563,-2.659501 140.859627,-2.658021 140.858200,-2.658106 140.857936,-2.657245 140.857191,-2.656989 140.856850,-2.658098 140.856576,-2.657205 140.855932,-2.656627 140.854858,-2.656131 140.854035,-2.655204 140.853072,-2.654338 140.851473,-2.654915 140.850927,-2.653720 140.845882,-2.653323 140.845536,-2.654819 140.845235,-2.655075 140.845283,-2.654269 140.845221,-2.653217 140.843562,-2.652921 140.843110,-2.653506 140.843953,-2.654264 140.842497,-2.654804 140.840724,-2.653558 140.840103,-2.652859 140.839052,-2.652922 140.838567,-2.652376 140.837704,-2.652107 140.836910,-2.651821 140.834362,-2.651554 140.832867,-2.650736 140.832021,-2.650480 140.831519,-2.652649 140.831164,-2.653979 140.829815,-2.654531 140.828742,-2.653944 140.827559,-2.654015 140.827205,-2.654888 140.827744,-2.655886 140.827999,-2.657118 140.827148,-2.657784 140.826666,-2.657241 140.824225,-2.656985 140.823265,-2.655905 140.821799,-2.655629 140.821545,-2.654110 140.823162,-2.653732 140.823417,-2.653446 140.825827,-2.652882 140.826113,-2.650735 140.826667,-2.649937 140.826923,-2.648559 140.827461,-2.648853 140.828333,-2.649109 140.828264,-2.647942 140.827730,-2.646955 140.827150,-2.645683 140.826383,-2.645329 140.825589,-2.644771 140.824964,-2.644515 140.824369,-2.645185 140.825944,-2.645383 140.826914,-2.646720 140.826577,-2.648206 140.824932,-2.652275 140.822434,-2.653408 140.821273,-2.653742 140.819085,-2.653468 140.818654,-2.654771 140.818437,-2.656028 140.819615,-2.655296 140.820720,-2.655900 140.821275,-2.656156 140.821556,-2.659478 140.822091,-2.659959 140.821551,-2.660445 140.821158,-2.661305 140.820196,-2.660222 140.819082,-2.659221 140.819151,-2.658054 140.818252,-2.657246 140.818437,-2.656028 140.818277,-2.656139 140.817859,-2.656747 140.817357,-2.658715 140.817627,-2.659823 140.817897,-2.659823 140.817897,-2.660094 140.819342,-2.660887 140.820918,-2.662662 140.822114,-2.662320 140.823390,-2.661175 140.823712,-2.658069 140.825010,-2.658486 140.825049,-2.659152 140.824509,-2.660665 140.826390,-2.662392 140.827950,-2.661660 140.828327,-2.656427 140.829625,-2.654967 140.831733,-2.654312 140.832597,-2.653191 140.833092,-2.652107 140.837020,-2.652441 140.837784,-2.653542 140.837385,-2.654415 140.836223,-2.655159 140.835689,-2.655759 140.837486,-2.655668 140.837846,-2.655488 140.837846,-2.655217 140.838115,-2.655217 140.838252,-2.654579 140.838730,-2.654878 140.838115,-2.655217 140.838115,-2.655488 140.837846,-2.655488 140.837548,-2.656654 140.836283,-2.656939 140.835799,-2.656191 140.835689,-2.655759 140.834765,-2.656620 140.834719,-2.657787 140.837219,-2.657448 140.837856,-2.656854 140.839983,-2.654546 140.842949,-2.655592 140.845283,-2.655685 140.848042,-2.654546 140.849308,-2.654807 140.850645,-2.655360 140.853003,-2.656021 140.856026,-2.658353 140.857860,-2.659223 140.858268,-2.661802 140.860489,-2.661997 140.860489,-2.661184 140.858949,-2.661377 140.859062,-2.660462 140.860009,-2.660581 140.860489,-2.661184</coordinates></LinearRing></outerBoundaryIs><innerBoundaryIs><LinearRing><coordinates>140.826273,-2.660903 140.826804,-2.659476 140.827322,-2.659359 140.827981,-2.659817 140.827761,-2.660256 140.827172,-2.660477 140.827062,-2.661451 140.826273,-2.660903</coordinates></LinearRing></innerBoundaryIs></Polygon>
<Polygon><outerBoundaryIs><LinearRing><coordinates>140.918986,-2.650617 140.919076,-2.650797 140.920035,-2.650979 140.921037,-2.650101 140.921233,-2.648539 140.921861,-2.647273 140.922042,-2.646192 140.921682,-2.646008 140.921575,-2.647184 140.920380,-2.646995 140.920694,-2.646370 140.921052,-2.646188 140.921143,-2.646008 140.920444,-2.646119 140.918986,-2.646573 140.917447,-2.646093 140.916441,-2.644629 140.915482,-2.644381 140.915730,-2.645278 140.916923,-2.646832 140.920049,-2.647366 140.920547,-2.649971 140.919675,-2.649841 140.919408,-2.650499 140.918986,-2.650617</coordinates></LinearRing></outerBoundaryIs></Polygon>
<Polygon><outerBoundaryIs><LinearRing><coordinates>140.918447,-2.644653 140.918447,-2.644382 140.917908,-2.644382 140.917908,-2.644653 140.918447,-2.644653</coordinates></LinearRing></outerBoundaryIs></Polygon>
<Polygon><outerBoundaryIs><LinearRing><coordinates>140.919256,-2.644653 140.919256,-2.644382 140.918986,-2.644382 140.918986,-2.644653 140.919256,-2.644653</coordinates></LinearRing></outerBoundaryIs></Polygon>
<Polygon><outerBoundaryIs><LinearRing><coordinates>140.917369,-2.644110 140.917369,-2.644382 140.917639,-2.644382 140.917639,-2.644111 140.917369,-2.644110</coordinates></LinearRing></outerBoundaryIs></Polygon>
<Polygon><outerBoundaryIs><LinearRing><coordinates>140.670448,-2.644883 140.670879,-2.644664 140.670987,-2.643798 140.670668,-2.644020 140.670448,-2.644883</coordinates></LinearRing></outerBoundaryIs></Polygon>
<Polygon><outerBoundaryIs><LinearRing><coordinates>140.924917,-2.643840 140.924848,-2.644584 140.924446,-2.644993 140.924378,-2.645466 140.924378,-2.645737 140.924647,-2.645737 140.925615,-2.645627 140.926265,-2.645467 140.925816,-2.644346 140.924917,-2.643840</coordinates></LinearRing></outerBoundaryIs></Polygon>
<Polygon><outerBoundaryIs><LinearRing><coordinates>140.924917,-2.643840 140.924917,-2.643298 140.924378,-2.643298 140.924559,-2.643658 140.924917,-2.643840</coordinates></LinearRing></outerBoundaryIs></Polygon>
<Polygon><outerBoundaryIs><LinearRing><coordinates>140.919321,-2.642558 140.918178,-2.641671 140.918458,-2.642768 140.919097,-2.643187 140.919526,-2.643297 140.919321,-2.642558</coordinates></LinearRing></outerBoundaryIs></Polygon>
<Polygon><outerBoundaryIs><LinearRing><coordinates>140.939743,-2.647907 140.939086,-2.647052 140.937534,-2.646413 140.936383,-2.646162 140.935043,-2.646975 140.933231,-2.647483 140.933545,-2.645349 140.933121,-2.644264 140.932886,-2.643416 140.932026,-2.643062 140.931269,-2.642603 140.930552,-2.642308 140.929675,-2.640833 140.927882,-2.641129 140.928650,-2.641993 140.932558,-2.644139 140.932861,-2.646423 140.933235,-2.648541 140.932734,-2.648991 140.932734,-2.649262 140.932464,-2.649262 140.931901,-2.649920 140.930409,-2.650040 140.928695,-2.649408 140.928006,-2.649658 140.925600,-2.651847 140.923911,-2.652233 140.921732,-2.653496 140.921412,-2.653870 140.922907,-2.653747 140.923987,-2.653125 140.925943,-2.653325 140.926523,-2.652841 140.927340,-2.650946 140.928327,-2.649752 140.930066,-2.651012 140.933068,-2.650687 140.933581,-2.649497 140.934743,-2.648572 140.935577,-2.648326 140.936630,-2.647488 140.937586,-2.647365 140.937740,-2.647164 140.939321,-2.647789 140.939743,-2.647907</coordinates></LinearRing></outerBoundaryIs></Polygon>
<Polygon><outerBoundaryIs><LinearRing><coordinates>140.673014,-2.642352 140.673534,-2.640952 140.672594,-2.640425 140.671855,-2.641353 140.670030,-2.641750 140.668569,-2.642613 140.667611,-2.642492 140.667363,-2.644622 140.668022,-2.645153 140.668199,-2.643415 140.669654,-2.642599 140.671104,-2.642482 140.671151,-2.643078 140.670987,-2.643527 140.671686,-2.643327 140.673014,-2.642352</coordinates></LinearRing></outerBoundaryIs></Polygon>
<Polygon><outerBoundaryIs><LinearRing><coordinates>140.764547,-2.642424 140.761336,-2.641931 140.760009,-2.640984 140.758656,-2.640440 140.758770,-2.641876 140.759424,-2.642443 140.759798,-2.642880 140.760307,-2.643321 140.761086,-2.644573 140.760827,-2.647807 140.761304,-2.650009 140.763207,-2.652323 140.762932,-2.655753 140.763708,-2.656853 140.766141,-2.657103 140.766265,-2.656958 140.767525,-2.655867 140.767974,-2.654857 140.767839,-2.653173 140.767919,-2.652178 140.768597,-2.650321 140.766991,-2.647733 140.765856,-2.644581 140.765459,-2.644237 140.765085,-2.643393 140.764547,-2.642424</coordinates></LinearRing></outerBoundaryIs><innerBoundaryIs><LinearRing><coordinates>140.761988,-2.648561 140.761312,-2.647004 140.761677,-2.646106 140.762134,-2.645345 140.762593,-2.643159 140.763507,-2.643452 140.763874,-2.645044 140.763373,-2.646325 140.764186,-2.646957 140.763564,-2.648546 140.763446,-2.648970 140.761988,-2.648561</coordinates></LinearRing></innerBoundaryIs><innerBoundaryIs><LinearRing><coordinates>140.764104,-2.655616 140.764456,-2.655288 140.764373,-2.653171 140.765203,-2.652906 140.765462,-2.651812 140.765952,-2.650883 140.764664,-2.649683 140.766724,-2.650272 140.766281,-2.653991 140.765253,-2.653950 140.765063,-2.655748 140.764104,-2.655616</coordinates></LinearRing></innerBoundaryIs></Polygon>
<Polygon><outerBoundaryIs><LinearRing><coordinates>140.924108,-2.640316 140.924108,-2.640587 140.924378,-2.640587 140.924378,-2.640316 140.924108,-2.640316</coordinates></LinearRing></outerBoundaryIs></Polygon>
<Polygon><outerBoundaryIs><LinearRing><coordinates>140.924108,-2.640316 140.924000,-2.639450 140.923569,-2.639231 140.923407,-2.639555 140.921861,-2.638780 140.921413,-2.638689 140.923072,-2.640626 140.923839,-2.640858 140.923839,-2.640316 140.924108,-2.640316</coordinates></LinearRing></outerBoundaryIs></Polygon>
<Polygon><outerBoundaryIs><LinearRing><coordinates>140.642684,-2.640266 140.643184,-2.640126 140.643822,-2.639296 140.643494,-2.637285 140.643344,-2.637405 140.643104,-2.638791 140.642684,-2.640266</coordinates></LinearRing></outerBoundaryIs></Polygon>
<Polygon><outerBoundaryIs><LinearRing><coordinates>140.921413,-2.637605 140.921261,-2.637486 140.920845,-2.636944 140.918895,-2.637257 140.918296,-2.637722 140.917878,-2.638749 140.916791,-2.638910 140.915784,-2.638299 140.914826,-2.639330 140.915061,-2.639926 140.915600,-2.640344 140.915245,-2.641349 140.913693,-2.641118 140.911832,-2.642530 140.911575,-2.645243 140.910512,-2.645680 140.910797,-2.646590 140.912071,-2.646779 140.912448,-2.646288 140.913171,-2.646849 140.913533,-2.647737 140.914134,-2.647906 140.914353,-2.647708 140.913984,-2.646900 140.912148,-2.645250 140.912062,-2.643803 140.913083,-2.642188 140.915481,-2.641543 140.916584,-2.642226 140.917084,-2.643855 140.917369,-2.644110 140.917516,-2.641752 140.917908,-2.641400 140.917572,-2.639940 140.918516,-2.638710 140.919992,-2.638127 140.921413,-2.638689 140.921413,-2.637605</coordinates></LinearRing></outerBoundaryIs></Polygon>
<Polygon><outerBoundaryIs><LinearRing><coordinates>140.859144,-2.635430 140.859034,-2.636133 140.858715,-2.636625 140.858494,-2.637217 140.858175,-2.637710 140.857811,-2.638689 140.858075,-2.639873 140.860109,-2.639415 140.860332,-2.637168 140.861211,-2.636837 140.861570,-2.635431 140.860913,-2.635855 140.860135,-2.636175 140.859144,-2.635430</coordinates></LinearRing></outerBoundaryIs></Polygon>
<Polygon><outerBoundaryIs><LinearRing><coordinates>140.824640,-2.635155 140.825094,-2.635817 140.826348,-2.636079 140.826796,-2.635426 140.825289,-2.635315 140.824640,-2.635155</coordinates></LinearRing></outerBoundaryIs></Polygon>
<Polygon><outerBoundaryIs><LinearRing><coordinates>140.861570,-2.635431 140.861839,-2.635431 140.861839,-2.635160 140.861570,-2.635160 140.861570,-2.635431</coordinates></LinearRing></outerBoundaryIs></Polygon>
<Polygon><outerBoundaryIs><LinearRing><coordinates>140.824640,-2.635155 140.824640,-2.634884 140.824370,-2.634884 140.824370,-2.635155 140.824640,-2.635155</coordinates></LinearRing></outerBoundaryIs></Polygon>
<Polygon><outerBoundaryIs><LinearRing><coordinates>140.823831,-2.634070 140.823831,-2.634341 140.824101,-2.634342 140.824101,-2.634070 140.823831,-2.634070</coordinates></LinearRing></outerBoundaryIs></Polygon>
<Polygon><outerBoundaryIs><LinearRing><coordinates>140.733798,-2.633783 140.732415,-2.634019 140.732180,-2.634325 140.733797,-2.634325 140.733798,-2.633783</coordinates></LinearRing></outerBoundaryIs></Polygon>
<Polygon><outerBoundaryIs><LinearRing><coordinates>140.823831,-2.634070 140.823831,-2.633799 140.823562,-2.633799 140.823562,-2.634070 140.823831,-2.634070</coordinates></LinearRing></outerBoundaryIs></Polygon>
<Polygon><outerBoundaryIs><LinearRing><coordinates>140.733798,-2.633783 140.734337,-2.633783 140.734337,-2.633512 140.734067,-2.633512 140.733798,-2.633512 140.733798,-2.633783</coordinates></LinearRing></outerBoundaryIs></Polygon>
<Polygon><outerBoundaryIs><LinearRing><coordinates>140.823562,-2.633528 140.823562,-2.633257 140.823292,-2.633257 140.823292,-2.633528 140.823562,-2.633528</coordinates></LinearRing></outerBoundaryIs></Polygon>
<Polygon><outerBoundaryIs><LinearRing><coordinates>140.734337,-2.633512 140.735685,-2.633513 140.735685,-2.632970 140.735035,-2.633131 140.734337,-2.633241 140.734337,-2.633512</coordinates></LinearRing></outerBoundaryIs></Polygon>
<Polygon><outerBoundaryIs><LinearRing><coordinates>140.642684,-2.640266 140.642067,-2.640746 140.641728,-2.641578 140.641490,-2.637608 140.642368,-2.635362 140.643395,-2.634565 140.643881,-2.635334 140.643494,-2.637014 140.643973,-2.636682 140.644413,-2.634956 140.644733,-2.634192 140.644843,-2.632948 140.644161,-2.633116 140.643226,-2.632676 140.643101,-2.633635 140.641833,-2.635175 140.641483,-2.636345 140.641040,-2.637143 140.641213,-2.639317 140.641171,-2.639841 140.640017,-2.641920 140.640268,-2.645072 140.639201,-2.646791 140.637955,-2.647168 140.636643,-2.647652 140.636088,-2.648543 140.635556,-2.649004 140.635279,-2.649627 140.634896,-2.649958 140.634469,-2.653693 140.633351,-2.655277 140.629866,-2.655569 140.629616,-2.655860 140.629182,-2.656236 140.628807,-2.656673 140.628248,-2.656924 140.627459,-2.657486 140.625584,-2.657829 140.625302,-2.659383 140.624992,-2.660810 140.623969,-2.661696 140.623684,-2.662539 140.624584,-2.662886 140.625281,-2.662073 140.626080,-2.661382 140.626756,-2.659127 140.627998,-2.658570 140.628881,-2.658075 140.630424,-2.657487 140.631159,-2.657075 140.631766,-2.656367 140.632022,-2.656945 140.632905,-2.657196 140.633495,-2.656509 140.633929,-2.656132 140.635276,-2.654247 140.635537,-2.651963 140.636357,-2.651254 140.636617,-2.650102 140.637166,-2.649627 140.637415,-2.649065 140.637975,-2.648814 140.638322,-2.648033 140.639323,-2.647730 140.641361,-2.645934 140.641756,-2.642906 140.642559,-2.641767 140.642684,-2.640266</coordinates></LinearRing></outerBoundaryIs></Polygon>
<Polygon><outerBoundaryIs><LinearRing><coordinates>140.870466,-2.632450 140.870613,-2.633556 140.872772,-2.634061 140.874795,-2.634606 140.875175,-2.635846 140.875594,-2.636622 140.876617,-2.636940 140.877552,-2.637993 140.878710,-2.638527 140.879600,-2.639529 140.880869,-2.640670 140.885164,-2.640983 140.885957,-2.641540 140.888003,-2.641816 140.890001,-2.642354 140.891720,-2.642610 140.892157,-2.641350 140.891199,-2.639969 140.889462,-2.639643 140.888979,-2.639099 140.888796,-2.637331 140.888548,-2.637546 140.888689,-2.639307 140.890298,-2.641264 140.889773,-2.641718 140.886551,-2.641215 140.884538,-2.640085 140.882461,-2.640253 140.881081,-2.640142 140.878427,-2.637727 140.877055,-2.636735 140.875645,-2.634903 140.875033,-2.634372 140.872194,-2.633512 140.870880,-2.632575 140.870466,-2.632450</coordinates></LinearRing></outerBoundaryIs></Polygon>
<Polygon><outerBoundaryIs><LinearRing><coordinates>140.826797,-2.632173 140.826797,-2.632444 140.827336,-2.632444 140.827336,-2.632173 140.826797,-2.632173</coordinates></LinearRing></outerBoundaryIs></Polygon>
<Polygon><outerBoundaryIs><LinearRing><coordinates>140.870466,-2.632450 140.870466,-2.632179 140.870196,-2.632178 140.870196,-2.632450 140.870466,-2.632450</coordinates></LinearRing></outerBoundaryIs></Polygon>
<Polygon><outerBoundaryIs><LinearRing><coordinates>140.642687,-2.631863 140.642687,-2.632134 140.642956,-2.632134 140.642956,-2.631863 140.642687,-2.631863</coordinates></LinearRing></outerBoundaryIs></Polygon>
<Polygon><outerBoundaryIs><LinearRing><coordinates>140.721795,-2.632568 140.720859,-2.631883 140.720538,-2.632271 140.719903,-2.632548 140.719482,-2.633057 140.717916,-2.634028 140.718081,-2.635660 140.719927,-2.636072 140.720854,-2.636606 140.721640,-2.635656 140.721482,-2.634098 140.721726,-2.632844 140.723137,-2.633658 140.723971,-2.633904 140.724813,-2.634389 140.727811,-2.634718 140.728137,-2.634324 140.725564,-2.634161 140.723158,-2.633096 140.721795,-2.632568</coordinates></LinearRing></outerBoundaryIs><innerBoundaryIs><LinearRing><coordinates>140.719138,-2.635010 140.719347,-2.633865 140.720380,-2.633541 140.720646,-2.634401 140.720319,-2.635136 140.719138,-2.635010</coordinates></LinearRing></innerBoundaryIs></Polygon>
<Polygon><outerBoundaryIs><LinearRing><coordinates>140.823292,-2.632715 140.823292,-2.631902 140.823023,-2.631902 140.823023,-2.632715 140.823292,-2.632715</coordinates></LinearRing></outerBoundaryIs></Polygon>
<Polygon><outerBoundaryIs><LinearRing><coordinates>140.923687,-2.632754 140.923148,-2.632336 140.922761,-2.631641 140.922560,-2.631710 140.922423,-2.632927 140.922021,-2.633336 140.921952,-2.633809 140.922878,-2.634505 140.923420,-2.634741 140.923687,-2.632754</coordinates></LinearRing></outerBoundaryIs></Polygon>
<Polygon><outerBoundaryIs><LinearRing><coordinates>140.861839,-2.635160 140.862793,-2.635034 140.863160,-2.634606 140.863030,-2.632976 140.863188,-2.631364 140.863009,-2.631456 140.862470,-2.632533 140.862288,-2.633984 140.861930,-2.634708 140.861839,-2.635160</coordinates></LinearRing></outerBoundaryIs></Polygon>
<Polygon><outerBoundaryIs><LinearRing><coordinates>140.895805,-2.631639 140.895535,-2.631639 140.895535,-2.631097 140.894997,-2.631260 140.894332,-2.632326 140.893637,-2.633312 140.893234,-2.633662 140.892859,-2.634098 140.892233,-2.634641 140.889608,-2.635643 140.888796,-2.637060 140.889232,-2.636957 140.890807,-2.636213 140.891211,-2.635554 140.892736,-2.635330 140.893684,-2.634904 140.894261,-2.633200 140.895693,-2.632709 140.895805,-2.631639</coordinates></LinearRing></outerBoundaryIs></Polygon>
<Polygon><outerBoundaryIs><LinearRing><coordinates>140.895805,-2.631639 140.896389,-2.631886 140.897287,-2.631683 140.898184,-2.631885 140.899059,-2.632459 140.899599,-2.633909 140.901518,-2.633310 140.902021,-2.632578 140.903512,-2.632342 140.903622,-2.630826 140.903472,-2.630947 140.902633,-2.632001 140.900874,-2.632573 140.899189,-2.631217 140.895805,-2.631097 140.895805,-2.631639</coordinates></LinearRing></outerBoundaryIs></Polygon>
<Polygon><outerBoundaryIs><LinearRing><coordinates>140.817362,-2.630816 140.817632,-2.630816 140.817632,-2.630545 140.817362,-2.630545 140.817362,-2.630816</coordinates></LinearRing></outerBoundaryIs></Polygon>
<Polygon><outerBoundaryIs><LinearRing><coordinates>140.866423,-2.630552 140.865793,-2.631546 140.865651,-2.632692 140.868723,-2.633076 140.869927,-2.632178 140.869665,-2.631798 140.868261,-2.632114 140.867300,-2.631709 140.866582,-2.630662 140.866423,-2.630552</coordinates></LinearRing></outerBoundaryIs></Polygon>
<Polygon><outerBoundaryIs><LinearRing><coordinates>140.818440,-2.630274 140.817901,-2.630274 140.817901,-2.630545 140.818440,-2.630545 140.818440,-2.630274</coordinates></LinearRing></outerBoundaryIs></Polygon>
<Polygon><outerBoundaryIs><LinearRing><coordinates>140.866423,-2.630552 140.866423,-2.630280 140.866153,-2.630280 140.866153,-2.630552 140.866423,-2.630552</coordinates></LinearRing></outerBoundaryIs></Polygon>
<Polygon><outerBoundaryIs><LinearRing><coordinates>140.923031,-2.630285 140.922761,-2.630285 140.922761,-2.630556 140.923031,-2.630556 140.923031,-2.630285</coordinates></LinearRing></outerBoundaryIs></Polygon>
<Polygon><outerBoundaryIs><LinearRing><coordinates>140.720291,-2.631250 140.719234,-2.630594 140.715524,-2.630132 140.715199,-2.630526 140.716436,-2.630637 140.717356,-2.631354 140.718298,-2.631567 140.719402,-2.631318 140.720590,-2.631612 140.720291,-2.631250</coordinates></LinearRing></outerBoundaryIs></Polygon>
<Polygon><outerBoundaryIs><LinearRing><coordinates>140.818440,-2.630274 140.818710,-2.630274 140.818710,-2.630003 140.818441,-2.630003 140.818440,-2.630274</coordinates></LinearRing></outerBoundaryIs></Polygon>
<Polygon><outerBoundaryIs><LinearRing><coordinates>140.923031,-2.630285 140.923300,-2.630285 140.923300,-2.630014 140.923031,-2.630014 140.923031,-2.630285</coordinates></LinearRing></outerBoundaryIs></Polygon>
<Polygon><outerBoundaryIs><LinearRing><coordinates>140.863188,-2.631364 140.864622,-2.631227 140.865883,-2.630280 140.865652,-2.629979 140.864071,-2.630214 140.863188,-2.631364</coordinates></LinearRing></outerBoundaryIs></Polygon>
<Polygon><outerBoundaryIs><LinearRing><coordinates>140.642687,-2.631863 140.642242,-2.630725 140.642418,-2.629965 140.641787,-2.630255 140.640669,-2.629869 140.640430,-2.631099 140.640969,-2.631421 140.641170,-2.631761 140.642687,-2.631863</coordinates></LinearRing></outerBoundaryIs></Polygon>
<Polygon><outerBoundaryIs><LinearRing><coordinates>140.644844,-2.629424 140.644844,-2.629695 140.645113,-2.629695 140.645114,-2.629424 140.644844,-2.629424</coordinates></LinearRing></outerBoundaryIs></Polygon>
<Polygon><outerBoundaryIs><LinearRing><coordinates>140.747003,-2.646527 140.747586,-2.646023 140.749196,-2.643438 140.749825,-2.641774 140.750170,-2.641151 140.753746,-2.638900 140.757293,-2.639187 140.758934,-2.636326 140.759728,-2.636390 140.761229,-2.638493 140.763056,-2.640077 140.765963,-2.640421 140.767036,-2.638700 140.768445,-2.638273 140.770211,-2.637526 140.772650,-2.635427 140.773009,-2.634095 140.772180,-2.632601 140.771336,-2.630699 140.769626,-2.630385 140.767426,-2.629572 140.766350,-2.629659 140.765751,-2.632309 140.765381,-2.633321 140.764315,-2.634244 140.763419,-2.634172 140.763055,-2.632559 140.762674,-2.631514 140.759410,-2.631212 140.758035,-2.629607 140.757520,-2.629451 140.757669,-2.630113 140.757954,-2.631761 140.759467,-2.633662 140.760754,-2.633789 140.760846,-2.633458 140.761082,-2.633696 140.760754,-2.633789 140.760625,-2.635026 140.759075,-2.633936 140.757682,-2.633853 140.757376,-2.635000 140.757083,-2.636892 140.756484,-2.637565 140.755556,-2.636731 140.756298,-2.635358 140.755943,-2.634481 140.754965,-2.635015 140.754278,-2.635332 140.753669,-2.636459 140.754680,-2.637368 140.754426,-2.637726 140.752368,-2.638002 140.751780,-2.639291 140.750829,-2.639959 140.749475,-2.640583 140.748494,-2.643146 140.748210,-2.643402 140.747901,-2.644733 140.747131,-2.645842 140.747003,-2.646527</coordinates></LinearRing></outerBoundaryIs><innerBoundaryIs><LinearRing><coordinates>140.763324,-2.638523 140.762289,-2.638058 140.761956,-2.637459 140.761707,-2.636083 140.760898,-2.635720 140.762246,-2.635812 140.763183,-2.636158 140.764130,-2.636082 140.764652,-2.636375 140.765490,-2.636629 140.765191,-2.637168 140.764941,-2.638544 140.764527,-2.639211 140.763324,-2.638523</coordinates></LinearRing></innerBoundaryIs><innerBoundaryIs><LinearRing><coordinates>140.766552,-2.635278 140.766274,-2.635010 140.766689,-2.634609 140.767086,-2.633381 140.768079,-2.632726 140.767556,-2.630675 140.769499,-2.631517 140.768973,-2.632026 140.768709,-2.632844 140.768224,-2.634268 140.768708,-2.634736 140.769104,-2.635151 140.770033,-2.636049 140.768433,-2.636363 140.768301,-2.636501 140.766816,-2.636097 140.766552,-2.635278</coordinates></LinearRing></innerBoundaryIs></Polygon>
<Polygon><outerBoundaryIs><LinearRing><coordinates>140.824369,-2.645185 140.823685,-2.645060 140.823435,-2.644134 140.823975,-2.643162 140.824224,-2.642523 140.821798,-2.642077 140.821279,-2.641786 140.820222,-2.641311 140.818797,-2.639648 140.819123,-2.639366 140.819373,-2.638374 140.818403,-2.637938 140.816983,-2.638053 140.816697,-2.637719 140.815329,-2.637468 140.814541,-2.636905 140.812903,-2.636654 140.812046,-2.636337 140.811576,-2.635278 140.810383,-2.635006 140.809315,-2.634406 140.808070,-2.634507 140.807384,-2.633706 140.806704,-2.633400 140.806081,-2.633050 140.803984,-2.633219 140.802737,-2.632759 140.802411,-2.632024 140.802122,-2.631773 140.801872,-2.631211 140.801438,-2.630834 140.801064,-2.630397 140.799841,-2.629458 140.800052,-2.630131 140.802591,-2.633612 140.806216,-2.633930 140.807689,-2.634715 140.810676,-2.635822 140.813446,-2.637959 140.817483,-2.639540 140.820735,-2.643146 140.821134,-2.643829 140.821134,-2.644371 140.821254,-2.644522 140.822579,-2.645332 140.824057,-2.645577 140.824369,-2.645185</coordinates></LinearRing></outerBoundaryIs></Polygon>
<Polygon><outerBoundaryIs><LinearRing><coordinates>140.923300,-2.630014 140.924373,-2.629831 140.924648,-2.629472 140.923521,-2.629576 140.923300,-2.630014</coordinates></LinearRing></outerBoundaryIs></Polygon>
<Polygon><outerBoundaryIs><LinearRing><coordinates>140.818710,-2.630003 140.819434,-2.630366 140.821046,-2.630184 140.821406,-2.630004 140.821303,-2.629836 140.819663,-2.629281 140.819032,-2.629478 140.818710,-2.630003</coordinates></LinearRing></outerBoundaryIs></Polygon>
<Polygon><outerBoundaryIs><LinearRing><coordinates>140.799841,-2.629458 140.799841,-2.629187 140.799571,-2.629187 140.799571,-2.629458 140.799841,-2.629458</coordinates></LinearRing></outerBoundaryIs></Polygon>
<Polygon><outerBoundaryIs><LinearRing><coordinates>140.883944,-2.629740 140.883876,-2.629267 140.883073,-2.629129 140.882528,-2.629671 140.881856,-2.629809 140.881449,-2.630213 140.880979,-2.630282 140.881089,-2.630442 140.881628,-2.630817 140.881144,-2.631186 140.880709,-2.630553 140.880315,-2.630895 140.880808,-2.632116 140.882742,-2.633639 140.884097,-2.633749 140.886896,-2.632564 140.888796,-2.632722 140.888140,-2.631694 140.888808,-2.631771 140.889706,-2.632468 140.888796,-2.632722 140.888992,-2.632943 140.891222,-2.632810 140.891619,-2.631456 140.885419,-2.630968 140.883944,-2.629740 140.883617,-2.630596 140.885497,-2.631744 140.885078,-2.632081 140.885200,-2.633073 140.883058,-2.633341 140.882609,-2.630944 140.883455,-2.629881 140.883944,-2.629740</coordinates></LinearRing></outerBoundaryIs><innerBoundaryIs><LinearRing><coordinates>140.889774,-2.632051 140.890538,-2.631544 140.890683,-2.632180 140.889774,-2.632051</coordinates></LinearRing></innerBoundaryIs></Polygon>
<Polygon><outerBoundaryIs><LinearRing><coordinates>140.710886,-2.628899 140.710347,-2.628627 140.710467,-2.629228 140.711065,-2.629532 140.711336,-2.630072 140.712052,-2.630436 140.712324,-2.630977 140.714610,-2.631159 140.714929,-2.630526 140.712773,-2.630526 140.712773,-2.630254 140.712141,-2.630091 140.711695,-2.629441 140.711155,-2.629170 140.710886,-2.629170 140.710886,-2.628899</coordinates></LinearRing></outerBoundaryIs></Polygon>
<Polygon><outerBoundaryIs><LinearRing><coordinates>140.703608,-2.628355 140.704552,-2.629762 140.706729,-2.629330 140.706843,-2.628898 140.706573,-2.628898 140.706303,-2.628897 140.706063,-2.629274 140.704616,-2.628856 140.704042,-2.628461 140.703608,-2.628355</coordinates></LinearRing></outerBoundaryIs></Polygon>
<Polygon><outerBoundaryIs><LinearRing><coordinates>140.703608,-2.628355 140.703608,-2.628084 140.703339,-2.628084 140.703338,-2.628355 140.703608,-2.628355</coordinates></LinearRing></outerBoundaryIs></Polygon>
<Polygon><outerBoundaryIs><LinearRing><coordinates>140.903889,-2.629311 140.904262,-2.628262 140.903622,-2.628115 140.903622,-2.629471 140.903889,-2.629311</coordinates></LinearRing></outerBoundaryIs></Polygon>
<Polygon><outerBoundaryIs><LinearRing><coordinates>140.923031,-2.628117 140.922070,-2.628235 140.920724,-2.628767 140.920605,-2.629472 140.922477,-2.628762 140.923031,-2.628117</coordinates></LinearRing></outerBoundaryIs></Polygon>
<Polygon><outerBoundaryIs><LinearRing><coordinates>140.894188,-2.627844 140.892761,-2.628022 140.892450,-2.630143 140.894187,-2.630283 140.894416,-2.629685 140.894188,-2.627844</coordinates></LinearRing></outerBoundaryIs><innerBoundaryIs><LinearRing><coordinates>140.893261,-2.629583 140.893692,-2.629095 140.894188,-2.629741 140.893261,-2.629583</coordinates></LinearRing></innerBoundaryIs></Polygon>
<Polygon><outerBoundaryIs><LinearRing><coordinates>140.703339,-2.628084 140.703339,-2.627812 140.702799,-2.627812 140.702799,-2.628083 140.703339,-2.628084</coordinates></LinearRing></outerBoundaryIs></Polygon>
<Polygon><outerBoundaryIs><LinearRing><coordinates>140.818441,-2.628377 140.817878,-2.627720 140.814484,-2.627437 140.813473,-2.629715 140.814151,-2.630939 140.815768,-2.631308 140.817028,-2.631206 140.817362,-2.630816 140.814951,-2.630664 140.814270,-2.629404 140.815282,-2.627981 140.817003,-2.627878 140.818029,-2.628249 140.818441,-2.628377</coordinates></LinearRing></outerBoundaryIs></Polygon>
<Polygon><outerBoundaryIs><LinearRing><coordinates>140.702799,-2.627812 140.702579,-2.627492 140.701721,-2.627270 140.701939,-2.627703 140.702799,-2.627812</coordinates></LinearRing></outerBoundaryIs></Polygon>
<Polygon><outerBoundaryIs><LinearRing><coordinates>140.904162,-2.627302 140.903622,-2.627302 140.903622,-2.627573 140.904162,-2.627573 140.904162,-2.627302</coordinates></LinearRing></outerBoundaryIs></Polygon>
<Polygon><outerBoundaryIs><LinearRing><coordinates>140.923031,-2.628117 140.923449,-2.627904 140.923570,-2.627303 140.923151,-2.627516 140.923031,-2.628117</coordinates></LinearRing></outerBoundaryIs></Polygon>
<Polygon><outerBoundaryIs><LinearRing><coordinates>140.925996,-2.627303 140.926240,-2.628303 140.925729,-2.629048 140.925028,-2.629312 140.924918,-2.629472 140.925844,-2.630167 140.926661,-2.630404 140.926922,-2.628022 140.925996,-2.627303</coordinates></LinearRing></outerBoundaryIs></Polygon>
<Polygon><outerBoundaryIs><LinearRing><coordinates>140.912856,-2.628500 140.912518,-2.627031 140.912371,-2.627154 140.912064,-2.627865 140.911219,-2.628571 140.909360,-2.628226 140.907468,-2.629315 140.907004,-2.628238 140.906857,-2.628115 140.905896,-2.628505 140.905661,-2.629596 140.906599,-2.631160 140.908069,-2.630942 140.909415,-2.629848 140.909940,-2.630166 140.911052,-2.630403 140.911287,-2.630980 140.911967,-2.631216 140.912366,-2.629318 140.912856,-2.628500</coordinates></LinearRing></outerBoundaryIs></Polygon>
<Polygon><outerBoundaryIs><LinearRing><coordinates>140.904162,-2.627302 140.905509,-2.627302 140.905509,-2.627844 140.906857,-2.627844 140.906390,-2.627164 140.904424,-2.626920 140.904162,-2.627302</coordinates></LinearRing></outerBoundaryIs></Polygon>
<Polygon><outerBoundaryIs><LinearRing><coordinates>140.902005,-2.627573 140.901728,-2.627249 140.898301,-2.626905 140.897962,-2.627301 140.897962,-2.627573 140.902005,-2.627573</coordinates></LinearRing></outerBoundaryIs></Polygon>
<Polygon><outerBoundaryIs><LinearRing><coordinates>140.844858,-2.626754 140.845014,-2.628298 140.846959,-2.629171 140.849849,-2.628538 140.850104,-2.628040 140.848612,-2.627588 140.847823,-2.627296 140.846735,-2.627966 140.844858,-2.626754</coordinates></LinearRing></outerBoundaryIs></Polygon>
<Polygon><outerBoundaryIs><LinearRing><coordinates>140.890414,-2.626759 140.890144,-2.626759 140.890144,-2.627030 140.890414,-2.627030 140.890414,-2.626759</coordinates></LinearRing></outerBoundaryIs></Polygon>
<Polygon><outerBoundaryIs><LinearRing><coordinates>140.925996,-2.627303 140.925996,-2.626761 140.925727,-2.626761 140.925727,-2.627303 140.925996,-2.627303</coordinates></LinearRing></outerBoundaryIs></Polygon>
<Polygon><outerBoundaryIs><LinearRing><coordinates>140.757520,-2.629451 140.757210,-2.629115 140.753700,-2.628691 140.750113,-2.626598 140.749703,-2.626467 140.749859,-2.626866 140.749739,-2.627682 140.750664,-2.627941 140.751977,-2.628518 140.753359,-2.629026 140.753999,-2.630102 140.756289,-2.629569 140.757520,-2.629451</coordinates></LinearRing></outerBoundaryIs></Polygon>
<Polygon><outerBoundaryIs><LinearRing><coordinates>140.843510,-2.626483 140.843510,-2.626754 140.844588,-2.626754 140.844588,-2.626483 140.843510,-2.626483</coordinates></LinearRing></outerBoundaryIs></Polygon>
<Polygon><outerBoundaryIs><LinearRing><coordinates>140.848632,-2.626483 140.848362,-2.626483 140.848362,-2.626754 140.848632,-2.626754 140.848632,-2.626483</coordinates></LinearRing></outerBoundaryIs></Polygon>
<Polygon><outerBoundaryIs><LinearRing><coordinates>140.889066,-2.626487 140.888797,-2.626487 140.888797,-2.626759 140.889066,-2.626759 140.889066,-2.626487</coordinates></LinearRing></outerBoundaryIs></Polygon>
<Polygon><outerBoundaryIs><LinearRing><coordinates>140.890414,-2.626759 140.890683,-2.626759 140.890684,-2.626488 140.890414,-2.626488 140.890414,-2.626759</coordinates></LinearRing></outerBoundaryIs></Polygon>
<Polygon><outerBoundaryIs><LinearRing><coordinates>140.919796,-2.629201 140.920199,-2.628921 140.920568,-2.627474 140.920399,-2.626715 140.919527,-2.626490 140.919526,-2.629201 140.919796,-2.629201</coordinates></LinearRing></outerBoundaryIs></Polygon>
<Polygon><outerBoundaryIs><LinearRing><coordinates>140.644306,-2.626170 140.644575,-2.626171 140.644575,-2.625899 140.644306,-2.625899 140.644306,-2.626170</coordinates></LinearRing></outerBoundaryIs></Polygon>
<Polygon><outerBoundaryIs><LinearRing><coordinates>140.799571,-2.629187 140.799312,-2.628251 140.796551,-2.626154 140.795259,-2.625933 140.795579,-2.626307 140.797569,-2.627462 140.799571,-2.629187</coordinates></LinearRing></outerBoundaryIs></Polygon>
<Polygon><outerBoundaryIs><LinearRing><coordinates>140.843510,-2.626483 140.843390,-2.626332 140.840935,-2.626091 140.839736,-2.625940 140.840104,-2.626339 140.843510,-2.626483</coordinates></LinearRing></outerBoundaryIs></Polygon>
<Polygon><outerBoundaryIs><LinearRing><coordinates>140.912788,-2.626218 140.912788,-2.625947 140.912518,-2.625947 140.912518,-2.626218 140.912788,-2.626218</coordinates></LinearRing></outerBoundaryIs></Polygon>
<Polygon><outerBoundaryIs><LinearRing><coordinates>140.922491,-2.636520 140.923173,-2.636648 140.924673,-2.637190 140.926983,-2.637552 140.927735,-2.638228 140.927882,-2.640587 140.928297,-2.640265 140.928539,-2.638042 140.927511,-2.636647 140.927041,-2.636402 140.925929,-2.637077 140.924783,-2.636907 140.923329,-2.635726 140.922339,-2.635318 140.921683,-2.634352 140.921538,-2.634477 140.920818,-2.635318 140.920188,-2.635267 140.918129,-2.634394 140.917784,-2.631819 140.918598,-2.629876 140.917135,-2.627800 140.916561,-2.627303 140.916471,-2.628025 140.916113,-2.628207 140.915879,-2.629020 140.915254,-2.628233 140.915841,-2.627934 140.916022,-2.627574 140.914515,-2.627463 140.913876,-2.627045 140.913596,-2.625947 140.912935,-2.626500 140.913479,-2.627793 140.914013,-2.628239 140.914352,-2.629778 140.916157,-2.629593 140.916696,-2.629649 140.917473,-2.629569 140.917794,-2.630427 140.917258,-2.630875 140.917183,-2.631610 140.917521,-2.633135 140.916723,-2.635016 140.919751,-2.635357 140.921291,-2.636643 140.921413,-2.637605 140.922643,-2.638265 140.923569,-2.638960 140.923459,-2.638529 140.922601,-2.637223 140.922491,-2.636520 140.922163,-2.636427 140.922399,-2.636190 140.922491,-2.636520</coordinates></LinearRing></outerBoundaryIs></Polygon>
<Polygon><outerBoundaryIs><LinearRing><coordinates>140.644575,-2.625899 140.645115,-2.625900 140.645115,-2.625628 140.644575,-2.625628 140.644575,-2.625899</coordinates></LinearRing></outerBoundaryIs></Polygon>
<Polygon><outerBoundaryIs><LinearRing><coordinates>140.794720,-2.625662 140.794720,-2.625933 140.794989,-2.625933 140.794989,-2.625662 140.794720,-2.625662</coordinates></LinearRing></outerBoundaryIs></Polygon>
<Polygon><outerBoundaryIs><LinearRing><coordinates>140.839000,-2.626250 140.839197,-2.625940 140.837158,-2.625821 140.836232,-2.625668 140.836563,-2.626188 140.837804,-2.626588 140.839000,-2.626250</coordinates></LinearRing></outerBoundaryIs></Polygon>
<Polygon><outerBoundaryIs><LinearRing><coordinates>140.885397,-2.626089 140.884753,-2.625674 140.884641,-2.626388 140.883944,-2.626216 140.884099,-2.626855 140.885007,-2.627135 140.885397,-2.626089</coordinates></LinearRing></outerBoundaryIs></Polygon>
<Polygon><outerBoundaryIs><LinearRing><coordinates>140.889066,-2.626487 140.890026,-2.626240 140.890414,-2.625674 140.889455,-2.625922 140.889066,-2.626487</coordinates></LinearRing></outerBoundaryIs></Polygon>
<Polygon><outerBoundaryIs><LinearRing><coordinates>140.895805,-2.625946 140.895445,-2.625766 140.893379,-2.625675 140.893501,-2.626151 140.894212,-2.627187 140.896883,-2.627301 140.896883,-2.627030 140.895805,-2.627030 140.895805,-2.625946</coordinates></LinearRing></outerBoundaryIs></Polygon>
<Polygon><outerBoundaryIs><LinearRing><coordinates>140.920335,-2.625948 140.920335,-2.625677 140.919796,-2.625677 140.919796,-2.625948 140.920335,-2.625948</coordinates></LinearRing></outerBoundaryIs></Polygon>
<Polygon><outerBoundaryIs><LinearRing><coordinates>140.794720,-2.625662 140.794720,-2.625391 140.794450,-2.625391 140.794450,-2.625662 140.794720,-2.625662</coordinates></LinearRing></outerBoundaryIs></Polygon>
<Polygon><outerBoundaryIs><LinearRing><coordinates>140.878284,-2.625131 140.878284,-2.625402 140.878553,-2.625402 140.878553,-2.625131 140.878284,-2.625131</coordinates></LinearRing></outerBoundaryIs></Polygon>
<Polygon><outerBoundaryIs><LinearRing><coordinates>140.826797,-2.632173 140.826946,-2.631247 140.827978,-2.631533 140.827605,-2.632444 140.828000,-2.632590 140.829793,-2.633000 140.830507,-2.634013 140.830088,-2.634956 140.828144,-2.635155 140.828403,-2.635493 140.831235,-2.635072 140.831614,-2.634579 140.832070,-2.634225 140.832305,-2.633647 140.832879,-2.633411 140.833114,-2.632685 140.832425,-2.632327 140.831531,-2.632869 140.830245,-2.633105 140.829914,-2.632292 140.829057,-2.631225 140.829914,-2.630158 140.830149,-2.627954 140.830873,-2.627718 140.831497,-2.628532 140.831890,-2.628768 140.832423,-2.628073 140.832880,-2.627719 140.833115,-2.627324 140.832576,-2.626905 140.832341,-2.625244 140.832189,-2.624855 140.831645,-2.625325 140.830716,-2.626626 140.830287,-2.626998 140.829194,-2.627488 140.827942,-2.629672 140.826735,-2.630214 140.826349,-2.631084 140.826409,-2.631837 140.826797,-2.632173</coordinates></LinearRing></outerBoundaryIs></Polygon>
<Polygon><outerBoundaryIs><LinearRing><coordinates>140.835423,-2.625668 140.835304,-2.625518 140.834196,-2.625276 140.832728,-2.624855 140.833366,-2.625718 140.835137,-2.626055 140.835423,-2.625668</coordinates></LinearRing></outerBoundaryIs></Polygon>
<Polygon><outerBoundaryIs><LinearRing><coordinates>140.878284,-2.625131 140.878284,-2.624860 140.877745,-2.624860 140.877745,-2.625131 140.878284,-2.625131</coordinates></LinearRing></outerBoundaryIs></Polygon>
<Polygon><outerBoundaryIs><LinearRing><coordinates>140.749703,-2.626467 140.749578,-2.626322 140.749079,-2.625889 140.747064,-2.624984 140.743971,-2.624666 140.743001,-2.624744 140.743379,-2.625778 140.743628,-2.626983 140.741371,-2.630080 140.739418,-2.631599 140.735965,-2.632644 140.735685,-2.632970 140.739334,-2.632846 140.741201,-2.631470 140.741900,-2.631157 140.742571,-2.630080 140.744167,-2.628218 140.744456,-2.627967 140.744956,-2.627385 140.745597,-2.626829 140.745494,-2.625531 140.746796,-2.625426 140.747961,-2.625779 140.748750,-2.626342 140.749703,-2.626467</coordinates></LinearRing></outerBoundaryIs></Polygon>
<Polygon><outerBoundaryIs><LinearRing><coordinates>140.877745,-2.624860 140.877745,-2.624589 140.877475,-2.624589 140.877475,-2.624860 140.877745,-2.624860</coordinates></LinearRing></outerBoundaryIs></Polygon>
<Polygon><outerBoundaryIs><LinearRing><coordinates>140.644306,-2.626170 140.643348,-2.626328 140.643110,-2.625952 140.643498,-2.624273 140.642539,-2.624935 140.642157,-2.625414 140.642334,-2.626848 140.642219,-2.627773 140.642688,-2.629423 140.642854,-2.629320 140.643288,-2.628042 140.644266,-2.628649 140.644677,-2.629320 140.644844,-2.629424 140.644734,-2.628721 140.644052,-2.627207 140.644306,-2.626170</coordinates></LinearRing></outerBoundaryIs></Polygon>
<Polygon><outerBoundaryIs><LinearRing><coordinates>140.740087,-2.624161 140.739460,-2.624025 140.739460,-2.624296 140.740087,-2.624161</coordinates></LinearRing></outerBoundaryIs></Polygon>
<Polygon><outerBoundaryIs><LinearRing><coordinates>140.925727,-2.626761 140.925347,-2.626059 140.925028,-2.625837 140.923999,-2.624300 140.923031,-2.624050 140.923680,-2.625448 140.922644,-2.625697 140.921535,-2.625447 140.920605,-2.625677 140.921106,-2.626329 140.922910,-2.626061 140.923570,-2.627032 140.923725,-2.626917 140.924014,-2.625844 140.925302,-2.626646 140.925727,-2.626761</coordinates></LinearRing></outerBoundaryIs></Polygon>
<Polygon><outerBoundaryIs><LinearRing><coordinates>140.830801,-2.624320 140.830572,-2.623770 140.830141,-2.623989 140.830032,-2.624854 140.830801,-2.624320</coordinates></LinearRing></outerBoundaryIs></Polygon>
<Polygon><outerBoundaryIs><LinearRing><coordinates>140.912518,-2.624050 140.912788,-2.624050 140.912788,-2.623778 140.912518,-2.623778 140.912518,-2.624050</coordinates></LinearRing></outerBoundaryIs></Polygon>
<Polygon><outerBoundaryIs><LinearRing><coordinates>140.843780,-2.623501 140.843780,-2.623772 140.844319,-2.623772 140.844319,-2.623501 140.843780,-2.623501</coordinates></LinearRing></outerBoundaryIs></Polygon>
<Polygon><outerBoundaryIs><LinearRing><coordinates>140.923031,-2.623779 140.923031,-2.623508 140.922762,-2.623508 140.922762,-2.623779 140.923031,-2.623779</coordinates></LinearRing></outerBoundaryIs></Polygon>
<Polygon><outerBoundaryIs><LinearRing><coordinates>140.896345,-2.623777 140.896031,-2.623320 140.894712,-2.623617 140.893576,-2.624360 140.893379,-2.625132 140.895124,-2.624176 140.895805,-2.624048 140.895805,-2.623777 140.896345,-2.623777</coordinates></LinearRing></outerBoundaryIs></Polygon>
<Polygon><outerBoundaryIs><LinearRing><coordinates>140.895805,-2.625946 140.896105,-2.626187 140.896656,-2.626880 140.897748,-2.626593 140.898082,-2.625796 140.899313,-2.624925 140.899790,-2.624326 140.901773,-2.624078 140.902132,-2.626970 140.902544,-2.627302 140.902790,-2.626630 140.902368,-2.624288 140.901029,-2.623128 140.898646,-2.624465 140.897618,-2.624716 140.896345,-2.623777 140.896345,-2.624048 140.895805,-2.624048 140.895805,-2.625946</coordinates></LinearRing></outerBoundaryIs></Polygon>
<Polygon><outerBoundaryIs><LinearRing><coordinates>140.649661,-2.629526 140.650927,-2.628765 140.651431,-2.627917 140.652109,-2.626998 140.653614,-2.626379 140.653941,-2.624448 140.653781,-2.623361 140.652900,-2.623073 140.651333,-2.624023 140.651543,-2.625454 140.649853,-2.626736 140.649146,-2.628473 140.648466,-2.629001 140.648231,-2.629306 140.646689,-2.629941 140.646461,-2.630237 140.646582,-2.630395 140.647715,-2.630227 140.648260,-2.630650 140.647152,-2.631475 140.646308,-2.631982 140.646191,-2.632135 140.647809,-2.631859 140.649104,-2.630894 140.649661,-2.629526</coordinates></LinearRing></outerBoundaryIs></Polygon>
<Polygon><outerBoundaryIs><LinearRing><coordinates>140.645924,-2.622647 140.645924,-2.622918 140.646194,-2.622918 140.646194,-2.622647 140.645924,-2.622647</coordinates></LinearRing></outerBoundaryIs></Polygon>
<Polygon><outerBoundaryIs><LinearRing><coordinates>140.843780,-2.623501 140.843301,-2.622898 140.841624,-2.622687 140.841823,-2.622938 140.843780,-2.623501</coordinates></LinearRing></outerBoundaryIs></Polygon>
<Polygon><outerBoundaryIs><LinearRing><coordinates>140.841624,-2.622687 140.841406,-2.622254 140.840546,-2.622145 140.840766,-2.622465 140.841624,-2.622687</coordinates></LinearRing></outerBoundaryIs></Polygon>
<Polygon><outerBoundaryIs><LinearRing><coordinates>140.910092,-2.622152 140.910292,-2.622548 140.910988,-2.622785 140.911171,-2.622423 140.910810,-2.622243 140.910092,-2.622152</coordinates></LinearRing></outerBoundaryIs></Polygon>
<Polygon><outerBoundaryIs><LinearRing><coordinates>140.923031,-2.622966 140.923031,-2.621881 140.922762,-2.621881 140.922762,-2.622966 140.923031,-2.622966</coordinates></LinearRing></outerBoundaryIs></Polygon>
<Polygon><outerBoundaryIs><LinearRing><coordinates>140.912518,-2.624050 140.911288,-2.624168 140.910056,-2.625086 140.909299,-2.624627 140.907678,-2.624173 140.907135,-2.621583 140.904831,-2.621926 140.904701,-2.622693 140.906208,-2.622804 140.906930,-2.623277 140.907237,-2.624481 140.907843,-2.625267 140.909727,-2.625515 140.911011,-2.624973 140.912372,-2.624622 140.912518,-2.624050</coordinates></LinearRing></outerBoundaryIs></Polygon>
<Polygon><outerBoundaryIs><LinearRing><coordinates>140.818441,-2.628377 140.818968,-2.629040 140.819743,-2.628773 140.821281,-2.626840 140.823753,-2.625379 140.826774,-2.624512 140.829493,-2.624854 140.829239,-2.623934 140.827472,-2.624196 140.826528,-2.624056 140.825329,-2.624234 140.824872,-2.623638 140.823840,-2.623349 140.823176,-2.621718 140.821791,-2.621482 140.819679,-2.622101 140.819964,-2.624038 140.821012,-2.623883 140.821254,-2.624010 140.820361,-2.624703 140.820484,-2.625541 140.820024,-2.626309 140.819620,-2.628232 140.818441,-2.628377</coordinates></LinearRing></outerBoundaryIs><innerBoundaryIs><LinearRing><coordinates>140.822754,-2.625395 140.821855,-2.625281 140.822467,-2.624824 140.822754,-2.625395</coordinates></LinearRing></innerBoundaryIs></Polygon>
<Polygon><outerBoundaryIs><LinearRing><coordinates>140.840546,-2.622145 140.839886,-2.621374 140.837580,-2.621602 140.837730,-2.621790 140.840546,-2.622145</coordinates></LinearRing></outerBoundaryIs></Polygon>
<Polygon><outerBoundaryIs><LinearRing><coordinates>140.910092,-2.622152 140.909823,-2.621610 140.909174,-2.621449 140.908475,-2.621338 140.908943,-2.622020 140.910092,-2.622152</coordinates></LinearRing></outerBoundaryIs></Polygon>
<Polygon><outerBoundaryIs><LinearRing><coordinates>140.701452,-2.627270 140.701332,-2.627119 140.699670,-2.626757 140.697873,-2.625311 140.697679,-2.623745 140.697576,-2.623306 140.697123,-2.622287 140.697513,-2.621137 140.699027,-2.621034 140.699027,-2.620763 140.697038,-2.620904 140.696779,-2.624127 140.697632,-2.625337 140.698073,-2.626330 140.698692,-2.626609 140.699360,-2.627388 140.700025,-2.627442 140.701452,-2.627270</coordinates></LinearRing></outerBoundaryIs></Polygon>
<Polygon><outerBoundaryIs><LinearRing><coordinates>140.904432,-2.620796 140.904162,-2.620796 140.904162,-2.622151 140.904431,-2.622151 140.904432,-2.620796</coordinates></LinearRing></outerBoundaryIs></Polygon>
<Polygon><outerBoundaryIs><LinearRing><coordinates>140.836844,-2.620922 140.834878,-2.620678 140.834615,-2.621060 140.835584,-2.621170 140.837311,-2.621602 140.836844,-2.620922</coordinates></LinearRing></outerBoundaryIs></Polygon>
<Polygon><outerBoundaryIs><LinearRing><coordinates>140.646612,-2.625508 140.647391,-2.625208 140.649146,-2.624826 140.650365,-2.623846 140.650627,-2.620954 140.649694,-2.620630 140.648722,-2.622240 140.647093,-2.623550 140.646463,-2.623731 140.646658,-2.624579 140.645502,-2.625476 140.645384,-2.625629 140.646612,-2.625508</coordinates></LinearRing></outerBoundaryIs></Polygon>
<Polygon><outerBoundaryIs><LinearRing><coordinates>140.832459,-2.620517 140.832694,-2.620823 140.834076,-2.621060 140.833854,-2.620618 140.832459,-2.620517</coordinates></LinearRing></outerBoundaryIs></Polygon>
<Polygon><outerBoundaryIs><LinearRing><coordinates>140.904432,-2.620796 140.904701,-2.620796 140.904701,-2.620525 140.904432,-2.620525 140.904432,-2.620796</coordinates></LinearRing></outerBoundaryIs></Polygon>
<Polygon><outerBoundaryIs><LinearRing><coordinates>140.908475,-2.621338 140.908355,-2.621188 140.907247,-2.620947 140.905779,-2.620525 140.906255,-2.621218 140.908475,-2.621338</coordinates></LinearRing></outerBoundaryIs></Polygon>
<Polygon><outerBoundaryIs><LinearRing><coordinates>140.877475,-2.624589 140.877108,-2.623605 140.876814,-2.622272 140.876480,-2.621378 140.874589,-2.620205 140.872936,-2.621156 140.870428,-2.621479 140.870032,-2.622395 140.870111,-2.623175 140.872416,-2.626319 140.872745,-2.627447 140.873167,-2.628188 140.874741,-2.629164 140.876249,-2.630430 140.876911,-2.630718 140.877588,-2.630649 140.878900,-2.629700 140.879243,-2.626625 140.879092,-2.625944 140.878268,-2.626200 140.877617,-2.627325 140.878627,-2.627792 140.876418,-2.627659 140.875730,-2.626885 140.875446,-2.626629 140.875169,-2.626023 140.873932,-2.624911 140.872481,-2.624460 140.871957,-2.624131 140.872496,-2.623647 140.872756,-2.622802 140.874628,-2.622914 140.874907,-2.622005 140.875383,-2.621208 140.875716,-2.622292 140.876270,-2.622548 140.876598,-2.624316 140.877475,-2.624589</coordinates></LinearRing></outerBoundaryIs></Polygon>
<Polygon><outerBoundaryIs><LinearRing><coordinates>140.905510,-2.620525 140.905375,-2.620178 140.905240,-2.620525 140.905510,-2.620525</coordinates></LinearRing></outerBoundaryIs></Polygon>
<Polygon><outerBoundaryIs><LinearRing><coordinates>140.645924,-2.622647 140.645800,-2.620875 140.645241,-2.620624 140.644105,-2.619813 140.643633,-2.620364 140.643498,-2.623730 140.643655,-2.623617 140.644027,-2.621753 140.645065,-2.621547 140.645767,-2.622534 140.645924,-2.622647</coordinates></LinearRing></outerBoundaryIs></Polygon>
<Polygon><outerBoundaryIs><LinearRing><coordinates>140.698488,-2.619679 140.698213,-2.619320 140.697141,-2.619136 140.697141,-2.619678 140.698488,-2.619679</coordinates></LinearRing></outerBoundaryIs></Polygon>
<Polygon><outerBoundaryIs><LinearRing><coordinates>140.832459,-2.620517 140.832129,-2.620103 140.829361,-2.619754 140.828169,-2.619903 140.826381,-2.619390 140.824732,-2.619040 140.824252,-2.620065 140.825177,-2.621339 140.827961,-2.622337 140.829083,-2.623000 140.830302,-2.623499 140.830161,-2.623026 140.829099,-2.622269 140.828271,-2.621747 140.827482,-2.621184 140.826673,-2.620821 140.829559,-2.620166 140.832459,-2.620517</coordinates></LinearRing></outerBoundaryIs></Polygon>
<Polygon><outerBoundaryIs><LinearRing><coordinates>140.703416,-2.619002 140.703071,-2.618867 140.703071,-2.619138 140.703416,-2.619002</coordinates></LinearRing></outerBoundaryIs></Polygon>
<Polygon><outerBoundaryIs><LinearRing><coordinates>140.704419,-2.618867 140.704074,-2.619002 140.704419,-2.619138 140.704419,-2.618867</coordinates></LinearRing></outerBoundaryIs></Polygon>
<Polygon><outerBoundaryIs><LinearRing><coordinates>140.859144,-2.635430 140.859354,-2.632037 140.858089,-2.630900 140.857669,-2.629689 140.858514,-2.628474 140.860853,-2.627748 140.861931,-2.626991 140.862966,-2.626628 140.864124,-2.627441 140.865019,-2.627697 140.865803,-2.626815 140.865169,-2.624043 140.863186,-2.622260 140.862253,-2.620649 140.861663,-2.619800 140.859670,-2.619180 140.858479,-2.618751 140.857798,-2.618623 140.858219,-2.619315 140.857400,-2.620077 140.857351,-2.621314 140.857864,-2.622943 140.858746,-2.623362 140.859760,-2.623901 140.861338,-2.624280 140.861840,-2.625234 140.861213,-2.626570 140.859313,-2.626646 140.858256,-2.626083 140.857136,-2.626419 140.857678,-2.627448 140.856543,-2.627987 140.856050,-2.628522 140.855511,-2.629025 140.855770,-2.629336 140.857131,-2.629597 140.856645,-2.630992 140.857117,-2.631504 140.858735,-2.631815 140.858401,-2.634205 140.857656,-2.633944 140.855843,-2.633195 140.848083,-2.633504 140.847651,-2.633101 140.847736,-2.630963 140.846610,-2.630918 140.845527,-2.630961 140.843975,-2.630320 140.842571,-2.630689 140.840477,-2.631191 140.839067,-2.632106 140.839563,-2.633025 140.842302,-2.632587 140.843477,-2.631774 140.844709,-2.632225 140.844987,-2.633401 140.846345,-2.633933 140.846604,-2.634214 140.847153,-2.634475 140.848329,-2.635288 140.850658,-2.635028 140.851830,-2.634404 140.854292,-2.634502 140.856030,-2.634433 140.856707,-2.635169 140.859144,-2.635430</coordinates></LinearRing></outerBoundaryIs><innerBoundaryIs><LinearRing><coordinates>140.864267,-2.625130 140.863358,-2.625000 140.864122,-2.624493 140.864267,-2.625130</coordinates></LinearRing></innerBoundaryIs><innerBoundaryIs><LinearRing><coordinates>140.860922,-2.620360 140.861142,-2.621494 140.861571,-2.622147 140.861098,-2.622025 140.859998,-2.621261 140.860517,-2.619868 140.860922,-2.620360</coordinates></LinearRing></innerBoundaryIs><innerBoundaryIs><LinearRing><coordinates>140.859146,-2.619978 140.859638,-2.620078 140.859254,-2.620841 140.859146,-2.619978 140.858817,-2.619885 140.859053,-2.619648 140.859146,-2.619978</coordinates></LinearRing></innerBoundaryIs></Polygon>
<Polygon><outerBoundaryIs><LinearRing><coordinates>140.694445,-2.618864 140.694292,-2.618664 140.692289,-2.618322 140.692289,-2.618864 140.694445,-2.618864</coordinates></LinearRing></outerBoundaryIs></Polygon>
<Polygon><outerBoundaryIs><LinearRing><coordinates>140.857798,-2.618623 140.857528,-2.618244 140.857259,-2.618623 140.857798,-2.618623</coordinates></LinearRing></outerBoundaryIs></Polygon>
<Polygon><outerBoundaryIs><LinearRing><coordinates>140.689863,-2.617508 140.689863,-2.618050 140.691750,-2.618051 140.691480,-2.617712 140.689863,-2.617508</coordinates></LinearRing></outerBoundaryIs></Polygon>
<Polygon><outerBoundaryIs><LinearRing><coordinates>140.882058,-2.617541 140.882058,-2.618625 140.881519,-2.618625 140.881519,-2.619710 140.882120,-2.619546 140.882443,-2.617829 140.882058,-2.617541</coordinates></LinearRing></outerBoundaryIs></Polygon>
<Polygon><outerBoundaryIs><LinearRing><coordinates>140.848632,-2.626483 140.853521,-2.626328 140.854155,-2.624974 140.852810,-2.625001 140.851466,-2.624973 140.852004,-2.624453 140.852438,-2.623109 140.854161,-2.622827 140.854425,-2.622279 140.854860,-2.621859 140.856048,-2.621472 140.856702,-2.621133 140.857121,-2.619113 140.856450,-2.618894 140.856243,-2.620559 140.854628,-2.621183 140.853704,-2.620223 140.854443,-2.618502 140.854563,-2.618080 140.854134,-2.618191 140.853644,-2.619054 140.852851,-2.619352 140.851511,-2.618786 140.852756,-2.617921 140.854563,-2.617809 140.854390,-2.617583 140.853331,-2.617149 140.850950,-2.618195 140.848246,-2.617113 140.847555,-2.616995 140.847787,-2.617516 140.846590,-2.617890 140.846207,-2.617266 140.845708,-2.617667 140.846092,-2.618583 140.848274,-2.620339 140.849172,-2.620451 140.851573,-2.620151 140.852049,-2.620966 140.851148,-2.623321 140.850615,-2.625195 140.848752,-2.626333 140.848632,-2.626483</coordinates></LinearRing></outerBoundaryIs><innerBoundaryIs><LinearRing><coordinates>140.849980,-2.619977 140.848529,-2.619828 140.848475,-2.619148 140.848833,-2.617954 140.849828,-2.618470 140.849980,-2.619977</coordinates></LinearRing></innerBoundaryIs></Polygon>
<Polygon><outerBoundaryIs><LinearRing><coordinates>140.689863,-2.617508 140.689773,-2.617328 140.688703,-2.616787 140.688246,-2.616694 140.688402,-2.617258 140.689863,-2.617508</coordinates></LinearRing></outerBoundaryIs></Polygon>
<Polygon><outerBoundaryIs><LinearRing><coordinates>140.847555,-2.616995 140.847464,-2.616815 140.846526,-2.616633 140.846207,-2.617266 140.846856,-2.617106 140.847555,-2.616995</coordinates></LinearRing></outerBoundaryIs></Polygon>
<Polygon><outerBoundaryIs><LinearRing><coordinates>140.923031,-2.618899 140.923032,-2.616460 140.922762,-2.616460 140.922762,-2.618899 140.923031,-2.618899</coordinates></LinearRing></outerBoundaryIs></Polygon>
<Polygon><outerBoundaryIs><LinearRing><coordinates>140.882058,-2.617541 140.881939,-2.617119 140.881639,-2.616878 140.881378,-2.616550 140.880349,-2.616065 140.878770,-2.616998 140.878434,-2.618365 140.880289,-2.619859 140.880938,-2.620101 140.881249,-2.619709 140.880808,-2.619340 140.880319,-2.618206 140.878971,-2.617905 140.880705,-2.616878 140.881642,-2.617418 140.882058,-2.617541</coordinates></LinearRing></outerBoundaryIs></Polygon>
<Polygon><outerBoundaryIs><LinearRing><coordinates>140.931782,-2.617670 140.932382,-2.616820 140.932301,-2.615806 140.928979,-2.616074 140.929108,-2.617688 140.928401,-2.618690 140.924774,-2.619025 140.923985,-2.619587 140.923301,-2.619713 140.923301,-2.621068 140.924199,-2.621340 140.924504,-2.622027 140.925731,-2.623363 140.927199,-2.622820 140.928028,-2.622570 140.928288,-2.621418 140.928837,-2.620943 140.929086,-2.620381 140.930185,-2.620130 140.930434,-2.619372 140.929346,-2.619043 140.929668,-2.618463 140.931369,-2.618601 140.931782,-2.617670</coordinates></LinearRing></outerBoundaryIs><innerBoundaryIs><LinearRing><coordinates>140.927723,-2.619612 140.927952,-2.620386 140.927344,-2.620526 140.927217,-2.621936 140.925553,-2.622266 140.924638,-2.620920 140.925385,-2.619871 140.926962,-2.620097 140.927344,-2.620255 140.927723,-2.619612</coordinates></LinearRing></innerBoundaryIs></Polygon>
<Polygon><outerBoundaryIs><LinearRing><coordinates>140.835964,-2.615367 140.836084,-2.616331 140.836666,-2.617133 140.835579,-2.618008 140.836543,-2.620308 140.838907,-2.620013 140.839497,-2.620488 140.840039,-2.621168 140.841155,-2.620509 140.842310,-2.620364 140.844035,-2.622644 140.845128,-2.622959 140.845001,-2.622544 140.844113,-2.621266 140.842306,-2.617935 140.841681,-2.617680 140.840687,-2.618222 140.840367,-2.618203 140.839219,-2.616387 140.837373,-2.616040 140.836376,-2.615495 140.835964,-2.615367</coordinates></LinearRing></outerBoundaryIs><innerBoundaryIs><LinearRing><coordinates>140.838309,-2.618239 140.838782,-2.618005 140.838929,-2.618349 140.838309,-2.618239</coordinates></LinearRing></innerBoundaryIs></Polygon>
<Polygon><outerBoundaryIs><LinearRing><coordinates>140.923571,-2.615104 140.923301,-2.615104 140.923301,-2.615375 140.923571,-2.615375 140.923571,-2.615104</coordinates></LinearRing></outerBoundaryIs></Polygon>
<Polygon><outerBoundaryIs><LinearRing><coordinates>140.923571,-2.615104 140.923840,-2.615104 140.923840,-2.614833 140.923571,-2.614833 140.923571,-2.615104</coordinates></LinearRing></outerBoundaryIs></Polygon>
<Polygon><outerBoundaryIs><LinearRing><coordinates>140.940283,-2.614834 140.937896,-2.615221 140.937588,-2.614834 140.935062,-2.614992 140.934623,-2.614834 140.933814,-2.614834 140.933814,-2.615376 140.940283,-2.615376 140.940283,-2.614834</coordinates></LinearRing></outerBoundaryIs></Polygon>
<Polygon><outerBoundaryIs><LinearRing><coordinates>140.923840,-2.614833 140.924484,-2.614667 140.924649,-2.614020 140.924112,-2.614293 140.923840,-2.614833</coordinates></LinearRing></outerBoundaryIs></Polygon>
<Polygon><outerBoundaryIs><LinearRing><coordinates>140.933382,-2.614598 140.931768,-2.614181 140.931388,-2.614020 140.931571,-2.614631 140.933544,-2.614834 140.933382,-2.614598</coordinates></LinearRing></outerBoundaryIs></Polygon>
<Polygon><outerBoundaryIs><LinearRing><coordinates>140.940283,-2.614834 140.944207,-2.614714 140.945405,-2.614563 140.945405,-2.614292 140.944596,-2.614292 140.944596,-2.614021 140.943947,-2.614181 140.940823,-2.614292 140.940465,-2.614474 140.940283,-2.614834</coordinates></LinearRing></outerBoundaryIs></Polygon>
<Polygon><outerBoundaryIs><LinearRing><coordinates>140.947831,-2.614563 140.947831,-2.614021 140.946324,-2.614403 140.946214,-2.614563 140.947831,-2.614563</coordinates></LinearRing></outerBoundaryIs></Polygon>
<Polygon><outerBoundaryIs><LinearRing><coordinates>140.931118,-2.614020 140.931119,-2.613749 140.930849,-2.613749 140.930849,-2.614020 140.931118,-2.614020</coordinates></LinearRing></outerBoundaryIs></Polygon>
<Polygon><outerBoundaryIs><LinearRing><coordinates>140.948370,-2.614021 140.948370,-2.613750 140.948101,-2.613750 140.948101,-2.614021 140.948370,-2.614021</coordinates></LinearRing></outerBoundaryIs></Polygon>
<Polygon><outerBoundaryIs><LinearRing><coordinates>140.924649,-2.614020 140.925293,-2.613854 140.925458,-2.613207 140.924921,-2.613480 140.924649,-2.614020</coordinates></LinearRing></outerBoundaryIs></Polygon>
<Polygon><outerBoundaryIs><LinearRing><coordinates>140.929501,-2.613207 140.929719,-2.613640 140.930579,-2.613749 140.930359,-2.613428 140.929501,-2.613207</coordinates></LinearRing></outerBoundaryIs></Polygon>
<Polygon><outerBoundaryIs><LinearRing><coordinates>140.850520,-2.613200 140.850520,-2.612929 140.849173,-2.612929 140.849173,-2.613200 140.850520,-2.613200</coordinates></LinearRing></outerBoundaryIs></Polygon>
<Polygon><outerBoundaryIs><LinearRing><coordinates>140.929501,-2.613207 140.929501,-2.612936 140.929232,-2.612936 140.929232,-2.613207 140.929501,-2.613207</coordinates></LinearRing></outerBoundaryIs></Polygon>
<Polygon><outerBoundaryIs><LinearRing><coordinates>140.950319,-2.613630 140.950902,-2.612803 140.949988,-2.612666 140.949716,-2.613206 140.949000,-2.613570 140.948909,-2.613750 140.950319,-2.613630</coordinates></LinearRing></outerBoundaryIs></Polygon>
<Polygon><outerBoundaryIs><LinearRing><coordinates>140.686630,-2.612628 140.686899,-2.612628 140.686899,-2.612356 140.686630,-2.612356 140.686630,-2.612628</coordinates></LinearRing></outerBoundaryIs></Polygon>
<Polygon><outerBoundaryIs><LinearRing><coordinates>140.925458,-2.613207 140.926101,-2.613041 140.926267,-2.612394 140.925729,-2.612667 140.925458,-2.613207</coordinates></LinearRing></outerBoundaryIs></Polygon>
<Polygon><outerBoundaryIs><LinearRing><coordinates>140.928962,-2.612936 140.928742,-2.612615 140.927884,-2.612394 140.927884,-2.612936 140.928962,-2.612936</coordinates></LinearRing></outerBoundaryIs></Polygon>
<Polygon><outerBoundaryIs><LinearRing><coordinates>140.686899,-2.612356 140.687169,-2.612357 140.687169,-2.612085 140.686899,-2.612085 140.686899,-2.612356</coordinates></LinearRing></outerBoundaryIs></Polygon>
<Polygon><outerBoundaryIs><LinearRing><coordinates>140.836592,-2.612474 140.836773,-2.612114 140.836234,-2.612114 140.836234,-2.612656 140.836592,-2.612474</coordinates></LinearRing></outerBoundaryIs></Polygon>
<Polygon><outerBoundaryIs><LinearRing><coordinates>140.954840,-2.612124 140.954369,-2.612193 140.953963,-2.612597 140.952529,-2.612735 140.952414,-2.612395 140.951696,-2.612486 140.951245,-2.612835 140.954389,-2.613028 140.954840,-2.612124</coordinates></LinearRing></outerBoundaryIs></Polygon>
<Polygon><outerBoundaryIs><LinearRing><coordinates>140.687169,-2.612085 140.687439,-2.612086 140.687439,-2.611814 140.687169,-2.611814 140.687169,-2.612085</coordinates></LinearRing></outerBoundaryIs></Polygon>
<Polygon><outerBoundaryIs><LinearRing><coordinates>140.954840,-2.612124 140.955379,-2.612124 140.955379,-2.611582 140.955021,-2.611764 140.954840,-2.612124</coordinates></LinearRing></outerBoundaryIs></Polygon>
<Polygon><outerBoundaryIs><LinearRing><coordinates>140.979909,-2.611311 140.979639,-2.611311 140.979774,-2.611658 140.979909,-2.611311</coordinates></LinearRing></outerBoundaryIs></Polygon>
<Polygon><outerBoundaryIs><LinearRing><coordinates>140.848031,-2.611186 140.847597,-2.612285 140.848094,-2.612658 140.848176,-2.611775 140.849104,-2.611913 140.849780,-2.612589 140.850251,-2.612658 140.850018,-2.611794 140.848031,-2.611186</coordinates></LinearRing></outerBoundaryIs></Polygon>
<Polygon><outerBoundaryIs><LinearRing><coordinates>140.617436,-2.613028 140.617727,-2.612170 140.618330,-2.611421 140.618433,-2.610711 140.618075,-2.610893 140.617713,-2.611613 140.617354,-2.611795 140.617354,-2.612066 140.617085,-2.612066 140.617085,-2.612337 140.616815,-2.612337 140.616276,-2.613150 140.617436,-2.613028</coordinates></LinearRing></outerBoundaryIs></Polygon>
<Polygon><outerBoundaryIs><LinearRing><coordinates>140.687978,-2.610730 140.687439,-2.610730 140.687439,-2.611543 140.687618,-2.611452 140.687978,-2.610730</coordinates></LinearRing></outerBoundaryIs></Polygon>
<Polygon><outerBoundaryIs><LinearRing><coordinates>140.687978,-2.610730 140.688248,-2.610730 140.688248,-2.610459 140.687978,-2.610459 140.687978,-2.610730</coordinates></LinearRing></outerBoundaryIs></Polygon>
<Polygon><outerBoundaryIs><LinearRing><coordinates>140.835964,-2.615367 140.834894,-2.613924 140.835961,-2.613282 140.836234,-2.612927 140.835369,-2.612491 140.835785,-2.611663 140.836234,-2.611572 140.836109,-2.611426 140.833390,-2.611068 140.831740,-2.611201 140.828729,-2.612545 140.828019,-2.612487 140.826902,-2.610537 140.826530,-2.610215 140.826530,-2.610486 140.825452,-2.610486 140.825574,-2.611447 140.826113,-2.612394 140.825851,-2.612831 140.824904,-2.612734 140.822903,-2.613092 140.823148,-2.613887 140.826158,-2.614227 140.826015,-2.615637 140.828663,-2.615908 140.829875,-2.615031 140.832411,-2.614771 140.833896,-2.615333 140.835210,-2.615198 140.835964,-2.615367</coordinates></LinearRing></outerBoundaryIs><innerBoundaryIs><LinearRing><coordinates>140.830303,-2.613740 140.829975,-2.613647 140.830211,-2.613409 140.830303,-2.613740</coordinates></LinearRing></innerBoundaryIs><innerBoundaryIs><LinearRing><coordinates>140.834347,-2.612385 140.835266,-2.612887 140.834550,-2.613180 140.834347,-2.612385 140.833698,-2.612224 140.832999,-2.612113 140.832336,-2.612978 140.831534,-2.612355 140.831796,-2.611915 140.832999,-2.612113 140.833181,-2.611751 140.834137,-2.611968 140.834347,-2.612385</coordinates></LinearRing></innerBoundaryIs></Polygon>
<Polygon><outerBoundaryIs><LinearRing><coordinates>140.826261,-2.609944 140.826261,-2.609673 140.825991,-2.609673 140.825991,-2.609944 140.826261,-2.609944</coordinates></LinearRing></outerBoundaryIs></Polygon>
<Polygon><outerBoundaryIs><LinearRing><coordinates>140.622746,-2.609357 140.621668,-2.609357 140.621414,-2.609927 140.622630,-2.609547 140.622746,-2.609357</coordinates></LinearRing></outerBoundaryIs></Polygon>
<Polygon><outerBoundaryIs><LinearRing><coordinates>140.958523,-2.611220 140.958795,-2.610680 140.959332,-2.610406 140.959422,-2.609413 140.958883,-2.609684 140.958128,-2.610817 140.956837,-2.611150 140.956727,-2.611311 140.958523,-2.611220</coordinates></LinearRing></outerBoundaryIs></Polygon>
<Polygon><outerBoundaryIs><LinearRing><coordinates>140.622746,-2.609357 140.623016,-2.609357 140.623016,-2.609086 140.622746,-2.609086 140.622746,-2.609357</coordinates></LinearRing></outerBoundaryIs></Polygon>
<Polygon><outerBoundaryIs><LinearRing><coordinates>140.623555,-2.609086 140.623555,-2.608815 140.623286,-2.608815 140.623285,-2.609086 140.623555,-2.609086</coordinates></LinearRing></outerBoundaryIs></Polygon>
<Polygon><outerBoundaryIs><LinearRing><coordinates>140.688483,-2.610025 140.688787,-2.608833 140.688351,-2.609054 140.688248,-2.610188 140.688483,-2.610025</coordinates></LinearRing></outerBoundaryIs></Polygon>
<Polygon><outerBoundaryIs><LinearRing><coordinates>140.660484,-2.609368 140.660363,-2.608767 140.659945,-2.608554 140.660065,-2.609155 140.660484,-2.609368</coordinates></LinearRing></outerBoundaryIs></Polygon>
<Polygon><outerBoundaryIs><LinearRing><coordinates>140.974248,-2.608871 140.974248,-2.608600 140.972631,-2.608600 140.972631,-2.608871 140.974248,-2.608871</coordinates></LinearRing></outerBoundaryIs></Polygon>
<Polygon><outerBoundaryIs><LinearRing><coordinates>140.969666,-2.608058 140.969666,-2.608871 140.972361,-2.608871 140.972244,-2.608718 140.970645,-2.608445 140.969666,-2.608058</coordinates></LinearRing></outerBoundaryIs></Polygon>
<Polygon><outerBoundaryIs><LinearRing><coordinates>140.979909,-2.611311 140.980593,-2.611186 140.983022,-2.610101 140.985964,-2.610406 140.985667,-2.611655 140.983924,-2.612037 140.978686,-2.612521 140.975712,-2.613063 140.974662,-2.612055 140.975342,-2.610372 140.977386,-2.610666 140.978831,-2.611311 140.978642,-2.609859 140.975721,-2.609559 140.975471,-2.607912 140.975326,-2.607787 140.975055,-2.608327 140.974518,-2.608600 140.974887,-2.609660 140.974378,-2.610628 140.974073,-2.612234 140.971766,-2.612551 140.971423,-2.613554 140.980732,-2.613183 140.982195,-2.612797 140.985445,-2.612406 140.987283,-2.611922 140.987586,-2.610559 140.986398,-2.609452 140.982214,-2.609618 140.980857,-2.610096 140.980038,-2.610357 140.979909,-2.611311</coordinates></LinearRing></outerBoundaryIs></Polygon>
<Polygon><outerBoundaryIs><LinearRing><coordinates>140.961309,-2.607244 140.960501,-2.607787 140.960391,-2.608218 140.959962,-2.608871 140.961309,-2.608871 140.961309,-2.607244</coordinates></LinearRing></outerBoundaryIs></Polygon>
<Polygon><outerBoundaryIs><LinearRing><coordinates>140.786563,-2.607361 140.784216,-2.607098 140.783671,-2.608040 140.783940,-2.608040 140.784301,-2.607860 140.785019,-2.607769 140.786917,-2.607964 140.789596,-2.609518 140.790820,-2.611254 140.791363,-2.612233 140.791614,-2.617192 140.793498,-2.618038 140.793108,-2.619166 140.791900,-2.619843 140.789608,-2.620145 140.789101,-2.621057 140.789763,-2.621830 140.791610,-2.623367 140.792978,-2.623890 140.793911,-2.624578 140.793784,-2.623079 140.792645,-2.622350 140.792976,-2.621739 140.793308,-2.619949 140.794581,-2.619135 140.794848,-2.616802 140.794167,-2.616189 140.793786,-2.614133 140.793240,-2.613643 140.792977,-2.612506 140.792550,-2.612123 140.792169,-2.611693 140.791637,-2.611215 140.791360,-2.610609 140.790818,-2.610121 140.790540,-2.609213 140.789998,-2.608726 140.788812,-2.607391 140.787714,-2.607990 140.786563,-2.607361</coordinates></LinearRing></outerBoundaryIs><innerBoundaryIs><LinearRing><coordinates>140.792219,-2.616049 140.792730,-2.615032 140.792834,-2.616174 140.792219,-2.616049</coordinates></LinearRing></innerBoundaryIs><innerBoundaryIs><LinearRing><coordinates>140.790079,-2.621231 140.790315,-2.620994 140.790408,-2.621324 140.790079,-2.621231</coordinates></LinearRing></innerBoundaryIs><innerBoundaryIs><LinearRing><coordinates>140.790947,-2.621866 140.790618,-2.621773 140.790854,-2.621536 140.790947,-2.621866 140.792135,-2.622668 140.791119,-2.622544 140.790947,-2.621866</coordinates></LinearRing></innerBoundaryIs></Polygon>
<Polygon><outerBoundaryIs><LinearRing><coordinates>140.825452,-2.610486 140.825542,-2.610035 140.825721,-2.609673 140.825496,-2.609419 140.820724,-2.610148 140.818044,-2.609528 140.816261,-2.609634 140.815082,-2.608715 140.813305,-2.607674 140.808867,-2.607374 140.807392,-2.606959 140.807521,-2.607913 140.810014,-2.608213 140.810727,-2.608988 140.811575,-2.608727 140.812527,-2.607694 140.812927,-2.608455 140.811845,-2.608799 140.812268,-2.610011 140.812912,-2.610354 140.813731,-2.610615 140.813990,-2.611167 140.815821,-2.611606 140.816656,-2.612513 140.818303,-2.612129 140.818044,-2.611428 140.817655,-2.610689 140.818791,-2.610085 140.819129,-2.611512 140.821197,-2.612241 140.821539,-2.611153 140.822567,-2.611700 140.823705,-2.611440 140.824503,-2.610887 140.825452,-2.610486</coordinates></LinearRing></outerBoundaryIs><innerBoundaryIs><LinearRing><coordinates>140.814939,-2.609400 140.814589,-2.609249 140.814831,-2.608784 140.814939,-2.609400</coordinates></LinearRing></innerBoundaryIs></Polygon>
<Polygon><outerBoundaryIs><LinearRing><coordinates>140.969666,-2.608058 140.969666,-2.607787 140.968668,-2.607427 140.966161,-2.607245 140.966027,-2.607592 140.965892,-2.607245 140.963047,-2.607124 140.961849,-2.606973 140.961309,-2.606973 140.961309,-2.607244 140.962118,-2.607244 140.962118,-2.608058 140.969666,-2.608058</coordinates></LinearRing></outerBoundaryIs></Polygon>
<Polygon><outerBoundaryIs><LinearRing><coordinates>140.689326,-2.608020 140.689327,-2.607478 140.689180,-2.606850 140.689057,-2.608020 140.689326,-2.608020</coordinates></LinearRing></outerBoundaryIs></Polygon>
<Polygon><outerBoundaryIs><LinearRing><coordinates>140.629854,-2.607874 140.630025,-2.606648 140.629873,-2.606766 140.629312,-2.607496 140.627688,-2.608392 140.625678,-2.608093 140.624097,-2.608461 140.623825,-2.608815 140.624916,-2.609481 140.625305,-2.608677 140.625729,-2.608412 140.627251,-2.609450 140.627985,-2.608683 140.628814,-2.608413 140.629854,-2.607874</coordinates></LinearRing></outerBoundaryIs></Polygon>
<Polygon><outerBoundaryIs><LinearRing><coordinates>141.000006,-2.606823 140.998665,-2.606582 140.998389,-2.608382 141.000126,-2.608600 141.000006,-2.606823</coordinates></LinearRing></outerBoundaryIs></Polygon>
<Polygon><outerBoundaryIs><LinearRing><coordinates>140.686630,-2.612628 140.685701,-2.613049 140.684921,-2.613290 140.684135,-2.611413 140.684757,-2.608666 140.684475,-2.606392 140.684169,-2.606638 140.684356,-2.608154 140.684235,-2.609130 140.683785,-2.610308 140.683545,-2.611635 140.684523,-2.613309 140.683125,-2.615066 140.684226,-2.614750 140.685270,-2.614133 140.685970,-2.614917 140.686210,-2.615489 140.686509,-2.615730 140.686839,-2.616517 140.688246,-2.616694 140.688136,-2.616534 140.687087,-2.615805 140.686899,-2.615067 140.686526,-2.614870 140.685997,-2.613775 140.686537,-2.613076 140.686630,-2.612628</coordinates></LinearRing></outerBoundaryIs></Polygon>
<Polygon><outerBoundaryIs><LinearRing><coordinates>140.980747,-2.607368 140.982943,-2.607110 140.983256,-2.606220 140.981344,-2.606603 140.980448,-2.606974 140.980095,-2.607488 140.978388,-2.607873 140.976944,-2.607516 140.976248,-2.607629 140.975753,-2.607933 140.980174,-2.608171 140.980747,-2.607368</coordinates></LinearRing></outerBoundaryIs></Polygon>
<Polygon><outerBoundaryIs><LinearRing><coordinates>140.990422,-2.605889 140.987955,-2.606282 140.986917,-2.605889 140.985369,-2.605958 140.984962,-2.606359 140.990333,-2.606501 140.990422,-2.605889</coordinates></LinearRing></outerBoundaryIs></Polygon>
<Polygon><outerBoundaryIs><LinearRing><coordinates>140.783132,-2.608311 140.783132,-2.608039 140.782926,-2.607623 140.783311,-2.607135 140.783492,-2.605827 140.782862,-2.606142 140.782772,-2.606593 140.782414,-2.607317 140.782323,-2.608039 140.782323,-2.608310 140.783132,-2.608311</coordinates></LinearRing></outerBoundaryIs></Polygon>
<Polygon><outerBoundaryIs><LinearRing><coordinates>140.689866,-2.605580 140.688964,-2.605734 140.689359,-2.606240 140.689866,-2.605580</coordinates></LinearRing></outerBoundaryIs></Polygon>
<Polygon><outerBoundaryIs><LinearRing><coordinates>140.630834,-2.605293 140.630834,-2.605022 140.630565,-2.605022 140.630564,-2.605293 140.630834,-2.605293</coordinates></LinearRing></outerBoundaryIs></Polygon>
<Polygon><outerBoundaryIs><LinearRing><coordinates>140.689866,-2.605580 140.690515,-2.605420 140.691214,-2.605309 140.691214,-2.605038 140.691484,-2.605038 140.691753,-2.605038 140.691753,-2.604767 140.689866,-2.604767 140.689866,-2.605580</coordinates></LinearRing></outerBoundaryIs></Polygon>
<Polygon><outerBoundaryIs><LinearRing><coordinates>140.996739,-2.604589 140.994359,-2.605144 140.992309,-2.604805 140.992218,-2.604985 140.991173,-2.605197 140.990961,-2.605618 140.996406,-2.605497 140.996739,-2.604589</coordinates></LinearRing></outerBoundaryIs></Polygon>
<Polygon><outerBoundaryIs><LinearRing><coordinates>141.000006,-2.604446 140.999756,-2.605398 141.000126,-2.605618 141.000006,-2.604446</coordinates></LinearRing></outerBoundaryIs></Polygon>
<Polygon><outerBoundaryIs><LinearRing><coordinates>140.807392,-2.606959 140.807275,-2.606806 140.805260,-2.606462 140.803969,-2.605678 140.803079,-2.604519 140.802848,-2.604181 140.802161,-2.604026 140.802381,-2.605492 140.803340,-2.605740 140.803728,-2.606306 140.804317,-2.606527 140.804875,-2.607341 140.806743,-2.607119 140.807392,-2.606959</coordinates></LinearRing></outerBoundaryIs></Polygon>
<Polygon><outerBoundaryIs><LinearRing><coordinates>140.692650,-2.604314 140.692832,-2.603954 140.692292,-2.603954 140.692292,-2.604496 140.692650,-2.604314</coordinates></LinearRing></outerBoundaryIs></Polygon>
<Polygon><outerBoundaryIs><LinearRing><coordinates>140.783941,-2.603431 140.783583,-2.603613 140.783402,-2.603973 140.783941,-2.603973 140.783941,-2.603431</coordinates></LinearRing></outerBoundaryIs></Polygon>
<Polygon><outerBoundaryIs><LinearRing><coordinates>140.783941,-2.603431 140.784211,-2.603431 140.784211,-2.603160 140.783941,-2.603160 140.783941,-2.603431</coordinates></LinearRing></outerBoundaryIs></Polygon>
<Polygon><outerBoundaryIs><LinearRing><coordinates>140.661294,-2.602591 140.663018,-2.604679 140.663124,-2.606010 140.662765,-2.607325 140.662641,-2.608013 140.662790,-2.607892 140.663289,-2.607266 140.663839,-2.604708 140.662413,-2.602913 140.661294,-2.602591</coordinates></LinearRing></outerBoundaryIs></Polygon>
<Polygon><outerBoundaryIs><LinearRing><coordinates>140.693910,-2.603141 140.693910,-2.602328 140.693371,-2.602328 140.693371,-2.603412 140.693910,-2.603141</coordinates></LinearRing></outerBoundaryIs></Polygon>
<Polygon><outerBoundaryIs><LinearRing><coordinates>140.802104,-2.603728 140.801732,-2.602892 140.800833,-2.602441 140.800384,-2.602349 140.800590,-2.602685 140.801315,-2.603135 140.801629,-2.604063 140.802104,-2.603728</coordinates></LinearRing></outerBoundaryIs></Polygon>
<Polygon><outerBoundaryIs><LinearRing><coordinates>140.693910,-2.601515 140.693910,-2.601244 140.693641,-2.601244 140.693641,-2.601515 140.693910,-2.601515</coordinates></LinearRing></outerBoundaryIs></Polygon>
<Polygon><outerBoundaryIs><LinearRing><coordinates>140.788254,-2.601263 140.786644,-2.602338 140.784701,-2.602839 140.784480,-2.603160 140.787049,-2.602762 140.787944,-2.602272 140.788254,-2.601263</coordinates></LinearRing></outerBoundaryIs></Polygon>
<Polygon><outerBoundaryIs><LinearRing><coordinates>140.672885,-2.604220 140.672284,-2.603306 140.671534,-2.601151 140.671268,-2.600967 140.671479,-2.603532 140.670394,-2.603097 140.670045,-2.602468 140.669739,-2.601112 140.669236,-2.601363 140.668987,-2.602467 140.667150,-2.604699 140.667618,-2.606262 140.668082,-2.607099 140.667637,-2.607618 140.666722,-2.607894 140.666851,-2.609508 140.665999,-2.609766 140.665470,-2.610062 140.664941,-2.609765 140.663417,-2.609303 140.663035,-2.608972 140.662785,-2.608680 140.662640,-2.608555 140.662564,-2.609979 140.661361,-2.609841 140.660954,-2.609437 140.660484,-2.609368 140.660601,-2.610063 140.660969,-2.610677 140.662522,-2.611113 140.662922,-2.612096 140.664678,-2.612469 140.665349,-2.612876 140.666683,-2.612678 140.668883,-2.613005 140.670090,-2.612273 140.671939,-2.612548 140.672946,-2.612399 140.674078,-2.613319 140.674652,-2.613556 140.675695,-2.614404 140.676491,-2.614641 140.677609,-2.613808 140.678032,-2.614849 140.679503,-2.615455 140.680431,-2.616018 140.682455,-2.616269 140.683125,-2.615066 140.681948,-2.615324 140.680203,-2.615183 140.677851,-2.613330 140.675426,-2.612958 140.673381,-2.611499 140.671261,-2.611143 140.669793,-2.611684 140.668454,-2.612089 140.664354,-2.611592 140.662785,-2.610426 140.666264,-2.610708 140.667613,-2.610210 140.669573,-2.607381 140.673308,-2.606951 140.674168,-2.606469 140.674071,-2.605249 140.672885,-2.604220 140.672694,-2.604585 140.671996,-2.604336 140.672885,-2.604220</coordinates></LinearRing></outerBoundaryIs></Polygon>
<Polygon><outerBoundaryIs><LinearRing><coordinates>140.693151,-2.600923 140.692293,-2.600701 140.692511,-2.601134 140.693371,-2.601244 140.693151,-2.600923</coordinates></LinearRing></outerBoundaryIs></Polygon>
<Polygon><outerBoundaryIs><LinearRing><coordinates>140.799576,-2.602078 140.799466,-2.601918 140.798303,-2.601618 140.797689,-2.600723 140.797419,-2.600722 140.797419,-2.602078 140.799576,-2.602078</coordinates></LinearRing></outerBoundaryIs></Polygon>
<Polygon><outerBoundaryIs><LinearRing><coordinates>140.788254,-2.601263 140.788794,-2.601263 140.788794,-2.600450 140.788375,-2.600663 140.788254,-2.601263</coordinates></LinearRing></outerBoundaryIs></Polygon>
<Polygon><outerBoundaryIs><LinearRing><coordinates>140.789063,-2.600179 140.789063,-2.599908 140.788794,-2.599908 140.788794,-2.600179 140.789063,-2.600179</coordinates></LinearRing></outerBoundaryIs></Polygon>
<Polygon><outerBoundaryIs><LinearRing><coordinates>140.690676,-2.599616 140.690676,-2.600430 140.692024,-2.600430 140.691933,-2.600250 140.690676,-2.599616</coordinates></LinearRing></outerBoundaryIs></Polygon>
<Polygon><outerBoundaryIs><LinearRing><coordinates>140.797150,-2.599909 140.797150,-2.599638 140.796611,-2.599367 140.796611,-2.600451 140.797419,-2.600451 140.797419,-2.600180 140.797150,-2.600180 140.797150,-2.599909</coordinates></LinearRing></outerBoundaryIs></Polygon>
<Polygon><outerBoundaryIs><LinearRing><coordinates>140.789602,-2.599637 140.789603,-2.598281 140.789368,-2.598444 140.789063,-2.599637 140.789602,-2.599637</coordinates></LinearRing></outerBoundaryIs></Polygon>
<Polygon><outerBoundaryIs><LinearRing><coordinates>140.794185,-2.598282 140.794185,-2.598824 140.795802,-2.598825 140.795568,-2.598519 140.794185,-2.598282</coordinates></LinearRing></outerBoundaryIs></Polygon>
<Polygon><outerBoundaryIs><LinearRing><coordinates>140.671268,-2.600967 140.670916,-2.600508 140.669538,-2.599438 140.668995,-2.598102 140.668843,-2.597984 140.668179,-2.599054 140.668847,-2.600210 140.670335,-2.600550 140.670854,-2.600841 140.671268,-2.600967</coordinates></LinearRing></outerBoundaryIs></Polygon>
<Polygon><outerBoundaryIs><LinearRing><coordinates>140.794185,-2.598282 140.794185,-2.598011 140.793916,-2.598011 140.793916,-2.598282 140.794185,-2.598282</coordinates></LinearRing></outerBoundaryIs></Polygon>
<Polygon><outerBoundaryIs><LinearRing><coordinates>140.668573,-2.597442 140.668573,-2.597713 140.668843,-2.597713 140.668843,-2.597442 140.668573,-2.597442</coordinates></LinearRing></outerBoundaryIs></Polygon>
<Polygon><outerBoundaryIs><LinearRing><coordinates>140.792568,-2.597469 140.792568,-2.598011 140.793646,-2.598011 140.793426,-2.597690 140.792568,-2.597469</coordinates></LinearRing></outerBoundaryIs></Polygon>
<Polygon><outerBoundaryIs><LinearRing><coordinates>140.668573,-2.597442 140.668574,-2.597171 140.668304,-2.597171 140.668304,-2.597442 140.668573,-2.597442</coordinates></LinearRing></outerBoundaryIs></Polygon>
<Polygon><outerBoundaryIs><LinearRing><coordinates>140.690676,-2.599616 140.690676,-2.599074 140.690407,-2.599074 140.690407,-2.597990 140.690407,-2.597448 140.690407,-2.597177 140.689868,-2.597176 140.689868,-2.599616 140.690676,-2.599616</coordinates></LinearRing></outerBoundaryIs></Polygon>
<Polygon><outerBoundaryIs><LinearRing><coordinates>140.792568,-2.597469 140.792568,-2.597198 140.792298,-2.597197 140.792298,-2.597469 140.792568,-2.597469</coordinates></LinearRing></outerBoundaryIs></Polygon>
<Polygon><outerBoundaryIs><LinearRing><coordinates>140.684475,-2.606392 140.685701,-2.605456 140.685945,-2.604822 140.684879,-2.603931 140.684584,-2.601283 140.682645,-2.601481 140.682793,-2.600021 140.682695,-2.599049 140.683546,-2.598678 140.683790,-2.598270 140.682982,-2.597594 140.682737,-2.597298 140.682331,-2.597052 140.681537,-2.598013 140.680948,-2.598505 140.680038,-2.599605 140.679771,-2.601230 140.680580,-2.601906 140.680947,-2.602350 140.681593,-2.602890 140.680384,-2.603900 140.679201,-2.603044 140.679388,-2.601211 140.678556,-2.600575 140.677013,-2.601463 140.677129,-2.600322 140.676487,-2.599786 140.675998,-2.599193 140.675044,-2.598912 140.673882,-2.597505 140.672885,-2.597606 140.672494,-2.598947 140.672347,-2.599070 140.673040,-2.599822 140.675304,-2.600709 140.676219,-2.601563 140.676529,-2.602454 140.677035,-2.604063 140.677660,-2.604396 140.679280,-2.604912 140.680510,-2.606248 140.681058,-2.606270 140.682210,-2.605197 140.683238,-2.603008 140.684324,-2.603698 140.684475,-2.606392</coordinates></LinearRing></outerBoundaryIs></Polygon>
<Polygon><outerBoundaryIs><LinearRing><coordinates>140.623289,-2.596345 140.621329,-2.596098 140.621133,-2.596344 140.621402,-2.596344 140.621402,-2.596615 140.621672,-2.596616 140.623289,-2.596616 140.623289,-2.596345</coordinates></LinearRing></outerBoundaryIs></Polygon>
<Polygon><outerBoundaryIs><LinearRing><coordinates>140.624368,-2.596074 140.624098,-2.596074 140.624098,-2.596345 140.624367,-2.596345 140.624368,-2.596074</coordinates></LinearRing></outerBoundaryIs></Polygon>
<Polygon><outerBoundaryIs><LinearRing><coordinates>140.661294,-2.602591 140.661174,-2.602169 140.660651,-2.601273 140.660974,-2.598668 140.661445,-2.597862 140.661685,-2.596669 140.660897,-2.596034 140.658795,-2.596296 140.658275,-2.597538 140.657761,-2.597951 140.656863,-2.599079 140.657580,-2.600306 140.658244,-2.600840 140.658157,-2.601535 140.657056,-2.602422 140.656592,-2.603580 140.657553,-2.606737 140.658088,-2.607168 140.658567,-2.607771 140.659315,-2.608373 140.659945,-2.608554 140.657690,-2.605898 140.657541,-2.603371 140.658668,-2.601286 140.658102,-2.599159 140.658683,-2.597886 140.659946,-2.597196 140.660610,-2.597793 140.660044,-2.600992 140.660410,-2.601796 140.661294,-2.602591</coordinates></LinearRing></outerBoundaryIs></Polygon>
<Polygon><outerBoundaryIs><LinearRing><coordinates>140.690677,-2.596092 140.690947,-2.596092 140.690570,-2.595698 140.689736,-2.596073 140.690677,-2.596634 140.690677,-2.596092</coordinates></LinearRing></outerBoundaryIs></Polygon>
<Polygon><outerBoundaryIs><LinearRing><coordinates>140.672347,-2.599070 140.672244,-2.598360 140.671744,-2.597643 140.671391,-2.596601 140.670833,-2.596255 140.670730,-2.595274 140.670578,-2.595392 140.670343,-2.596640 140.671847,-2.598681 140.672347,-2.599070</coordinates></LinearRing></outerBoundaryIs></Polygon>
<Polygon><outerBoundaryIs><LinearRing><coordinates>140.668304,-2.597171 140.668214,-2.596720 140.667856,-2.596266 140.667675,-2.595364 140.667496,-2.595002 140.667273,-2.595157 140.666846,-2.596187 140.668304,-2.597171</coordinates></LinearRing></outerBoundaryIs></Polygon>
<Polygon><outerBoundaryIs><LinearRing><coordinates>140.691321,-2.592735 140.692295,-2.592569 140.692295,-2.592297 140.690795,-2.592415 140.690443,-2.592874 140.689752,-2.593410 140.690010,-2.594442 140.691321,-2.592735</coordinates></LinearRing></outerBoundaryIs></Polygon>
<Polygon><outerBoundaryIs><LinearRing><coordinates>140.714308,-2.591580 140.713689,-2.591265 140.713590,-2.591760 140.713802,-2.592181 140.714399,-2.592303 140.714308,-2.591580</coordinates></LinearRing></outerBoundaryIs></Polygon>
<Polygon><outerBoundaryIs><LinearRing><coordinates>140.714669,-2.590405 140.714668,-2.590676 140.715208,-2.590676 140.715208,-2.590405 140.714669,-2.590405</coordinates></LinearRing></outerBoundaryIs></Polygon>
<Polygon><outerBoundaryIs><LinearRing><coordinates>140.714669,-2.590405 140.714669,-2.590134 140.714399,-2.590134 140.714399,-2.590405 140.714669,-2.590405</coordinates></LinearRing></outerBoundaryIs></Polygon>
<Polygon><outerBoundaryIs><LinearRing><coordinates>140.693726,-2.591026 140.694335,-2.590553 140.694452,-2.590400 140.694452,-2.590129 140.694722,-2.590129 140.695800,-2.588774 140.694722,-2.589076 140.693678,-2.590435 140.693222,-2.590789 140.693075,-2.591874 140.693726,-2.591026</coordinates></LinearRing></outerBoundaryIs></Polygon>
<Polygon><outerBoundaryIs><LinearRing><coordinates>140.697418,-2.587690 140.697418,-2.587419 140.698496,-2.587419 140.698496,-2.587148 140.695683,-2.587276 140.695960,-2.588266 140.697418,-2.587690</coordinates></LinearRing></outerBoundaryIs></Polygon>
<Polygon><outerBoundaryIs><LinearRing><coordinates>140.699575,-2.586064 140.698600,-2.585575 140.698406,-2.586153 140.699305,-2.586606 140.699575,-2.586064</coordinates></LinearRing></outerBoundaryIs></Polygon>
<Polygon><outerBoundaryIs><LinearRing><coordinates>140.643509,-2.584423 140.643509,-2.583881 140.643151,-2.584063 140.642970,-2.584423 140.643509,-2.584423</coordinates></LinearRing></outerBoundaryIs></Polygon>
<Polygon><outerBoundaryIs><LinearRing><coordinates>140.700384,-2.583625 140.699735,-2.584056 140.698877,-2.584277 140.698656,-2.584578 140.700114,-2.584709 140.700114,-2.584438 140.700384,-2.584438 140.700384,-2.583625</coordinates></LinearRing></outerBoundaryIs></Polygon>
<Polygon><outerBoundaryIs><LinearRing><coordinates>140.643779,-2.583339 140.643509,-2.583339 140.643509,-2.583610 140.643779,-2.583610 140.643779,-2.583339</coordinates></LinearRing></outerBoundaryIs></Polygon>
<Polygon><outerBoundaryIs><LinearRing><coordinates>140.700115,-2.581727 140.700460,-2.581591 140.700115,-2.581456 140.700115,-2.581727</coordinates></LinearRing></outerBoundaryIs></Polygon>
<Polygon><outerBoundaryIs><LinearRing><coordinates>140.700115,-2.581456 140.700115,-2.581185 140.700115,-2.580914 140.700385,-2.580914 140.699296,-2.579465 140.699573,-2.581713 140.698617,-2.582118 140.698377,-2.582648 140.700197,-2.582967 140.700384,-2.583625 140.700653,-2.583625 140.700654,-2.583082 140.700654,-2.581998 140.700115,-2.581998 140.700115,-2.581727 140.699770,-2.581591 140.700115,-2.581456</coordinates></LinearRing></outerBoundaryIs></Polygon>
<Polygon><outerBoundaryIs><LinearRing><coordinates>140.700092,-2.578151 140.699012,-2.577535 140.699452,-2.578328 140.699701,-2.579162 140.699846,-2.579287 140.700092,-2.578151</coordinates></LinearRing></outerBoundaryIs></Polygon>
<Polygon><outerBoundaryIs><LinearRing><coordinates>140.696342,-2.576846 140.696574,-2.577211 140.697795,-2.576971 140.696342,-2.576846</coordinates></LinearRing></outerBoundaryIs></Polygon>
<Polygon><outerBoundaryIs><LinearRing><coordinates>140.696342,-2.576846 140.696234,-2.576230 140.695992,-2.576696 140.696342,-2.576846</coordinates></LinearRing></outerBoundaryIs></Polygon>
<Polygon><outerBoundaryIs><LinearRing><coordinates>140.695442,-2.575160 140.695205,-2.575398 140.695534,-2.575491 140.695442,-2.575160</coordinates></LinearRing></outerBoundaryIs></Polygon>
<Polygon><outerBoundaryIs><LinearRing><coordinates>140.694903,-2.574889 140.694666,-2.575127 140.694995,-2.575220 140.694903,-2.574889</coordinates></LinearRing></outerBoundaryIs></Polygon>
<Polygon><outerBoundaryIs><LinearRing><coordinates>140.696074,-2.573322 140.697010,-2.571667 140.697152,-2.570883 140.696973,-2.570974 140.696792,-2.571334 140.696194,-2.571638 140.695983,-2.572689 140.695444,-2.572963 140.695638,-2.573540 140.696074,-2.573322</coordinates></LinearRing></outerBoundaryIs></Polygon>
<Polygon><outerBoundaryIs><LinearRing><coordinates>140.708337,-2.565602 140.707979,-2.564492 140.703527,-2.564582 140.703219,-2.568052 140.702642,-2.568610 140.701598,-2.569119 140.701329,-2.569400 140.701064,-2.567726 140.701868,-2.565366 140.699955,-2.565058 140.698374,-2.565876 140.697505,-2.565426 140.695780,-2.566019 140.695113,-2.566716 140.695150,-2.568542 140.694581,-2.569951 140.693012,-2.570716 140.690276,-2.571014 140.690144,-2.572779 140.690286,-2.572651 140.690695,-2.571319 140.692597,-2.571206 140.693221,-2.571767 140.692036,-2.575086 140.693235,-2.577826 140.692736,-2.578310 140.691923,-2.578359 140.690930,-2.576928 140.690540,-2.575091 140.690286,-2.573178 140.690144,-2.573050 140.690026,-2.574558 140.688947,-2.575206 140.689556,-2.576388 140.690430,-2.576748 140.690897,-2.578436 140.691903,-2.579187 140.693822,-2.579946 140.694303,-2.579484 140.693854,-2.576735 140.692762,-2.575887 140.692554,-2.574473 140.692991,-2.573746 140.693654,-2.571920 140.695238,-2.571477 140.695653,-2.570458 140.696344,-2.570340 140.695406,-2.569036 140.696206,-2.566697 140.699060,-2.566584 140.700226,-2.567672 140.700387,-2.570884 140.700732,-2.571019 140.700387,-2.571155 140.700688,-2.572113 140.702702,-2.572033 140.704187,-2.573647 140.705639,-2.575909 140.706375,-2.575518 140.706806,-2.573252 140.708204,-2.570614 140.707476,-2.570748 140.706953,-2.571357 140.705271,-2.572094 140.704450,-2.571135 140.703390,-2.570216 140.704621,-2.569935 140.705306,-2.569136 140.706499,-2.569987 140.707709,-2.569889 140.708204,-2.570072 140.708329,-2.569926 140.708426,-2.568713 140.711190,-2.567111 140.711439,-2.566820 140.710493,-2.566952 140.709146,-2.567774 140.708881,-2.566952 140.708337,-2.565602</coordinates></LinearRing></outerBoundaryIs><innerBoundaryIs><LinearRing><coordinates>140.705399,-2.567225 140.705678,-2.566166 140.706355,-2.566449 140.706587,-2.567361 140.705399,-2.567225</coordinates></LinearRing></innerBoundaryIs></Polygon>
<Polygon><outerBoundaryIs><LinearRing><coordinates>140.662113,-2.563012 140.662113,-2.562741 140.661844,-2.562741 140.661844,-2.563012 140.662113,-2.563012</coordinates></LinearRing></outerBoundaryIs></Polygon>
<Polygon><outerBoundaryIs><LinearRing><coordinates>140.667496,-2.595002 140.667646,-2.594881 140.668005,-2.594023 140.668926,-2.592449 140.669117,-2.590908 140.668387,-2.589164 140.667130,-2.587432 140.667060,-2.586865 140.667439,-2.585962 140.668031,-2.585888 140.669385,-2.586979 140.669804,-2.588075 140.670163,-2.589340 140.671923,-2.592124 140.672078,-2.593377 140.671000,-2.594732 140.671773,-2.594590 140.672473,-2.593773 140.672763,-2.593522 140.673013,-2.591717 140.672204,-2.591354 140.671955,-2.590791 140.671126,-2.589727 140.670717,-2.588803 140.670047,-2.586565 140.668681,-2.585951 140.668144,-2.585324 140.668253,-2.583962 140.666584,-2.582515 140.666290,-2.579606 140.665738,-2.578611 140.665489,-2.578049 140.664930,-2.577255 140.664681,-2.575337 140.663313,-2.573731 140.663064,-2.573197 140.664951,-2.571562 140.665326,-2.571126 140.665802,-2.570713 140.665668,-2.569024 140.662776,-2.565869 140.662527,-2.565307 140.661449,-2.564980 140.661305,-2.563554 140.660496,-2.563554 140.660496,-2.562470 140.659807,-2.562861 140.659567,-2.564325 140.660106,-2.564759 140.661363,-2.566338 140.661693,-2.567500 140.662559,-2.567868 140.664810,-2.569219 140.664637,-2.570613 140.663309,-2.570995 140.663069,-2.571838 140.662325,-2.572862 140.662544,-2.574639 140.663806,-2.575655 140.664116,-2.577802 140.664685,-2.578586 140.664924,-2.579700 140.665493,-2.580483 140.665732,-2.582953 140.666570,-2.584008 140.666908,-2.585578 140.665783,-2.586992 140.666778,-2.588362 140.667610,-2.588715 140.668140,-2.591180 140.667616,-2.593496 140.667496,-2.595002</coordinates></LinearRing></outerBoundaryIs></Polygon>
<Polygon><outerBoundaryIs><LinearRing><coordinates>140.712602,-2.565697 140.715483,-2.562483 140.714402,-2.562681 140.712753,-2.564990 140.712111,-2.565545 140.711978,-2.566278 140.712602,-2.565697</coordinates></LinearRing></outerBoundaryIs></Polygon>
<Polygon><outerBoundaryIs><LinearRing><coordinates>140.662922,-2.561928 140.662653,-2.561928 140.662653,-2.562199 140.662922,-2.562199 140.662922,-2.561928</coordinates></LinearRing></outerBoundaryIs></Polygon>
<Polygon><outerBoundaryIs><LinearRing><coordinates>140.716775,-2.560431 140.717910,-2.559773 140.717743,-2.559088 140.718180,-2.558147 140.718450,-2.557062 140.718021,-2.557173 140.717493,-2.557941 140.717261,-2.558849 140.716794,-2.559967 140.716133,-2.560425 140.715660,-2.561114 140.715374,-2.560696 140.714650,-2.560475 140.714295,-2.561773 140.715373,-2.562052 140.715753,-2.562212 140.716775,-2.560431</coordinates></LinearRing></outerBoundaryIs></Polygon>
<Polygon><outerBoundaryIs><LinearRing><coordinates>140.717911,-2.554622 140.717911,-2.555978 140.718450,-2.555978 140.718450,-2.555436 140.718090,-2.554713 140.717911,-2.554622</coordinates></LinearRing></outerBoundaryIs></Polygon>
<Polygon><outerBoundaryIs><LinearRing><coordinates>140.717911,-2.554622 140.717911,-2.554080 140.717911,-2.553809 140.717015,-2.553430 140.716723,-2.554315 140.717911,-2.554622</coordinates></LinearRing></outerBoundaryIs></Polygon>
<Polygon><outerBoundaryIs><LinearRing><coordinates>140.718451,-2.548930 140.717912,-2.548658 140.718016,-2.549802 140.718451,-2.548930</coordinates></LinearRing></outerBoundaryIs></Polygon>
<Polygon><outerBoundaryIs><LinearRing><coordinates>140.717643,-2.548658 140.717462,-2.548298 140.717104,-2.548116 140.717104,-2.548658 140.717643,-2.548658</coordinates></LinearRing></outerBoundaryIs></Polygon>
<Polygon><outerBoundaryIs><LinearRing><coordinates>140.706862,-2.544590 140.707528,-2.545546 140.711098,-2.545828 140.711626,-2.546423 140.713299,-2.546323 140.713727,-2.547716 140.716834,-2.547845 140.716834,-2.547574 140.714678,-2.547573 140.714678,-2.546760 140.714139,-2.546760 140.714139,-2.546489 140.713253,-2.545900 140.712363,-2.545564 140.712253,-2.545404 140.711714,-2.545404 140.708728,-2.545234 140.707271,-2.544720 140.706862,-2.544590</coordinates></LinearRing></outerBoundaryIs></Polygon>
<Polygon><outerBoundaryIs><LinearRing><coordinates>140.705515,-2.541878 140.705784,-2.541878 140.705784,-2.541607 140.705515,-2.541607 140.705515,-2.541878</coordinates></LinearRing></outerBoundaryIs></Polygon>
<Polygon><outerBoundaryIs><LinearRing><coordinates>140.705964,-2.541245 140.706326,-2.540525 140.706863,-2.540252 140.706863,-2.539981 140.706738,-2.539835 140.705990,-2.539313 140.705785,-2.541336 140.705964,-2.541245</coordinates></LinearRing></outerBoundaryIs></Polygon>
<Polygon><outerBoundaryIs><LinearRing><coordinates>140.709020,-2.537542 140.709112,-2.537872 140.709348,-2.537635 140.709020,-2.537542</coordinates></LinearRing></outerBoundaryIs></Polygon>
<Polygon><outerBoundaryIs><LinearRing><coordinates>140.714141,-2.537272 140.712918,-2.537397 140.712363,-2.538045 140.709470,-2.537811 140.710098,-2.538355 140.711024,-2.538509 140.711985,-2.538627 140.712345,-2.538447 140.712793,-2.538356 140.712793,-2.538085 140.713332,-2.538085 140.713514,-2.537725 140.714051,-2.537452 140.714141,-2.537272</coordinates></LinearRing></outerBoundaryIs></Polygon>
<Polygon><outerBoundaryIs><LinearRing><coordinates>140.714141,-2.537272 140.714411,-2.537272 140.714411,-2.537001 140.714141,-2.537001 140.714141,-2.537272</coordinates></LinearRing></outerBoundaryIs></Polygon>
<Polygon><outerBoundaryIs><LinearRing><coordinates>140.745408,-2.536465 140.743521,-2.536465 140.743521,-2.536736 140.743791,-2.536736 140.744060,-2.536736 140.744330,-2.536736 140.744330,-2.537007 140.745408,-2.537007 140.745408,-2.536465</coordinates></LinearRing></outerBoundaryIs></Polygon>
<Polygon><outerBoundaryIs><LinearRing><coordinates>140.742713,-2.536194 140.742713,-2.536465 140.742982,-2.536465 140.742982,-2.536194 140.742713,-2.536194</coordinates></LinearRing></outerBoundaryIs></Polygon>
<Polygon><outerBoundaryIs><LinearRing><coordinates>140.742713,-2.536194 140.742713,-2.535651 140.740826,-2.535651 140.740951,-2.535797 140.742713,-2.536194</coordinates></LinearRing></outerBoundaryIs></Polygon>
<Polygon><outerBoundaryIs><LinearRing><coordinates>140.746486,-2.535923 140.746486,-2.535110 140.746217,-2.535110 140.746217,-2.535923 140.746486,-2.535923</coordinates></LinearRing></outerBoundaryIs></Polygon>
<Polygon><outerBoundaryIs><LinearRing><coordinates>140.739478,-2.535109 140.739478,-2.534837 140.739209,-2.534837 140.739209,-2.535109 140.739478,-2.535109</coordinates></LinearRing></outerBoundaryIs></Polygon>
<Polygon><outerBoundaryIs><LinearRing><coordinates>140.714411,-2.537001 140.714859,-2.536910 140.715580,-2.536279 140.716298,-2.535917 140.716298,-2.535646 140.716567,-2.535646 140.716837,-2.535646 140.716837,-2.535375 140.717376,-2.535375 140.717376,-2.535104 140.717646,-2.535104 140.717915,-2.535104 140.717915,-2.534833 140.718454,-2.534833 140.718454,-2.534562 140.718724,-2.534562 140.719533,-2.534562 140.720341,-2.534198 140.721150,-2.534563 140.721848,-2.534673 140.722497,-2.534834 140.721972,-2.534149 140.718961,-2.533902 140.717670,-2.534685 140.716415,-2.534951 140.716001,-2.535491 140.715337,-2.535764 140.714411,-2.537001</coordinates></LinearRing></outerBoundaryIs></Polygon>
<Polygon><outerBoundaryIs><LinearRing><coordinates>140.745409,-2.532941 140.745409,-2.533754 140.745948,-2.533754 140.745588,-2.533032 140.745409,-2.532941</coordinates></LinearRing></outerBoundaryIs></Polygon>
<Polygon><outerBoundaryIs><LinearRing><coordinates>140.705515,-2.541878 140.704833,-2.542006 140.703998,-2.542463 140.702608,-2.541486 140.700613,-2.542887 140.700266,-2.543647 140.699850,-2.544416 140.699009,-2.544716 140.698649,-2.542005 140.698103,-2.541514 140.697841,-2.540378 140.697454,-2.540031 140.696277,-2.539487 140.695499,-2.537451 140.693514,-2.537139 140.692721,-2.536582 140.691088,-2.536325 140.689217,-2.534954 140.688335,-2.534680 140.686252,-2.533056 140.684987,-2.532800 140.684635,-2.533721 140.685983,-2.534140 140.686237,-2.534427 140.687061,-2.534954 140.687854,-2.535511 140.688678,-2.535767 140.690549,-2.537139 140.692181,-2.537395 140.692975,-2.537952 140.694631,-2.538212 140.695131,-2.539308 140.695415,-2.539564 140.695924,-2.540137 140.697022,-2.541124 140.697286,-2.542833 140.697571,-2.543089 140.697825,-2.544205 140.696754,-2.544140 140.695811,-2.544197 140.694376,-2.544110 140.693939,-2.544602 140.693512,-2.544985 140.693054,-2.545500 140.691981,-2.546187 140.689211,-2.546020 140.688944,-2.547107 140.692977,-2.546867 140.694860,-2.545257 140.697492,-2.545002 140.697903,-2.546344 140.701655,-2.546614 140.702370,-2.545809 140.703500,-2.545545 140.703755,-2.544988 140.704309,-2.544732 140.704436,-2.543776 140.703936,-2.543916 140.703393,-2.544624 140.702666,-2.545187 140.701510,-2.545663 140.700036,-2.545444 140.701567,-2.543368 140.702266,-2.542826 140.704279,-2.542573 140.704436,-2.543505 140.704853,-2.543340 140.705097,-2.543940 140.706440,-2.544471 140.706862,-2.544590 140.706510,-2.544131 140.705019,-2.542973 140.705515,-2.541878</coordinates></LinearRing></outerBoundaryIs></Polygon>
<Polygon><outerBoundaryIs><LinearRing><coordinates>140.643779,-2.583339 140.644993,-2.583172 140.645676,-2.582536 140.646119,-2.581132 140.647963,-2.579414 140.648222,-2.578591 140.649546,-2.578170 140.649840,-2.577236 140.650390,-2.576975 140.650649,-2.576423 140.650929,-2.576162 140.651188,-2.575610 140.651715,-2.575119 140.651876,-2.571055 140.651050,-2.569294 140.648050,-2.569413 140.647696,-2.568290 140.647147,-2.567486 140.646888,-2.566121 140.646339,-2.565860 140.646080,-2.565307 140.645333,-2.564611 140.644816,-2.563627 140.644701,-2.560699 140.645273,-2.560167 140.645662,-2.559745 140.646549,-2.558918 140.647150,-2.557777 140.646892,-2.553109 140.646196,-2.552460 140.645534,-2.551492 140.645225,-2.549534 140.643081,-2.548141 140.643163,-2.546076 140.642851,-2.544433 140.642308,-2.543926 140.642043,-2.542806 140.640466,-2.542188 140.640383,-2.540085 140.641235,-2.539292 140.641624,-2.538870 140.642304,-2.538237 140.642036,-2.535113 140.640687,-2.534683 140.639889,-2.534131 140.638301,-2.533099 140.637951,-2.532719 140.633673,-2.533092 140.631496,-2.534941 140.628019,-2.534680 140.627000,-2.534137 140.626698,-2.535461 140.632184,-2.535682 140.633150,-2.535223 140.633644,-2.534688 140.634229,-2.534410 140.634978,-2.533597 140.637722,-2.533886 140.639350,-2.534944 140.640148,-2.535496 140.641496,-2.535926 140.641062,-2.537927 140.639213,-2.539649 140.639788,-2.542687 140.640426,-2.543619 140.640771,-2.544356 140.642031,-2.544954 140.642053,-2.545522 140.641963,-2.547789 140.642301,-2.548509 140.642580,-2.549041 140.642849,-2.549613 140.644144,-2.550229 140.644692,-2.551970 140.645005,-2.552566 140.645264,-2.553661 140.646342,-2.554666 140.646030,-2.557368 140.644724,-2.557987 140.644195,-2.559353 140.643915,-2.559614 140.643655,-2.560979 140.643126,-2.563010 140.643913,-2.565046 140.644333,-2.565437 140.644722,-2.565859 140.645141,-2.566251 140.645660,-2.566813 140.646079,-2.567205 140.646338,-2.568028 140.646652,-2.568624 140.647165,-2.570257 140.648828,-2.571540 140.650332,-2.570740 140.651189,-2.571891 140.650929,-2.573722 140.650345,-2.574000 140.649851,-2.574535 140.648752,-2.575057 140.648104,-2.575760 140.646346,-2.576319 140.646032,-2.579606 140.643886,-2.579949 140.643380,-2.580498 140.643100,-2.580758 140.642786,-2.581427 140.641468,-2.581847 140.640954,-2.583479 140.639595,-2.585095 140.639088,-2.586175 140.638123,-2.586801 140.637708,-2.588118 140.635654,-2.589862 140.633460,-2.590283 140.632326,-2.591067 140.631314,-2.591547 140.630462,-2.592340 140.630169,-2.592964 140.628541,-2.593224 140.627376,-2.594029 140.626929,-2.594047 140.625641,-2.593995 140.625306,-2.594307 140.625047,-2.594860 140.624497,-2.595662 140.624368,-2.596074 140.624782,-2.595949 140.626097,-2.595012 140.627601,-2.594557 140.629956,-2.593659 140.632647,-2.591343 140.633928,-2.591655 140.633616,-2.593635 140.632869,-2.594054 140.630969,-2.594628 140.629634,-2.595679 140.627769,-2.596760 140.627688,-2.597759 140.628245,-2.598410 140.631067,-2.599265 140.632562,-2.601187 140.632610,-2.601785 140.632231,-2.603051 140.631104,-2.604480 140.631521,-2.604357 140.632304,-2.604061 140.633138,-2.603815 140.633431,-2.601199 140.634184,-2.599877 140.633811,-2.599207 140.632870,-2.599749 140.632181,-2.599995 140.631792,-2.599333 140.633140,-2.598936 140.633384,-2.597866 140.631610,-2.597580 140.629710,-2.598297 140.628899,-2.597314 140.628261,-2.597036 140.628296,-2.596686 140.631390,-2.597004 140.631226,-2.595388 140.631523,-2.595140 140.631768,-2.594844 140.632444,-2.594598 140.633511,-2.595213 140.634547,-2.595107 140.635003,-2.593423 140.634386,-2.592907 140.634509,-2.591699 140.636926,-2.591948 140.637968,-2.592702 140.639269,-2.592949 140.639586,-2.591864 140.639880,-2.591618 140.640125,-2.590007 140.638950,-2.588512 140.639504,-2.587539 140.641229,-2.587281 140.642498,-2.586802 140.642868,-2.587661 140.644440,-2.587501 140.644978,-2.586106 140.644439,-2.585656 140.644195,-2.585360 140.643628,-2.584886 140.642700,-2.585236 140.642377,-2.586312 140.639813,-2.587258 140.639442,-2.586842 140.640069,-2.585432 140.641497,-2.583755 140.641948,-2.582741 140.643612,-2.581431 140.645252,-2.580826 140.645002,-2.581858 140.643779,-2.583339</coordinates></LinearRing></outerBoundaryIs><innerBoundaryIs><LinearRing><coordinates>140.648363,-2.577376 140.647976,-2.577076 140.648611,-2.576741 140.648363,-2.577376</coordinates></LinearRing></innerBoundaryIs><innerBoundaryIs><LinearRing><coordinates>140.635849,-2.591162 140.636136,-2.589944 140.637563,-2.588748 140.638664,-2.588500 140.639105,-2.590309 140.638741,-2.591285 140.637956,-2.591580 140.637846,-2.591741 140.637467,-2.591580 140.635849,-2.591162</coordinates></LinearRing></innerBoundaryIs></Polygon>
<Polygon><outerBoundaryIs><LinearRing><coordinates>140.709020,-2.537542 140.708895,-2.537396 140.708335,-2.537144 140.708400,-2.536333 140.707797,-2.535247 140.707548,-2.534685 140.706989,-2.534434 140.706740,-2.533872 140.706181,-2.533621 140.705806,-2.533184 140.705372,-2.532807 140.704908,-2.532265 140.704314,-2.532697 140.704585,-2.533699 140.705671,-2.535241 140.704313,-2.536096 140.704581,-2.536931 140.705641,-2.537687 140.706386,-2.538021 140.706829,-2.539021 140.707798,-2.537665 140.708525,-2.537724 140.709020,-2.537542</coordinates></LinearRing></outerBoundaryIs></Polygon>
<Polygon><outerBoundaryIs><LinearRing><coordinates>140.745409,-2.532941 140.745409,-2.532670 140.744870,-2.532670 140.744870,-2.532128 140.744600,-2.532128 140.744600,-2.532941 140.745409,-2.532941</coordinates></LinearRing></outerBoundaryIs></Polygon>
<Polygon><outerBoundaryIs><LinearRing><coordinates>140.744600,-2.532128 140.744329,-2.531588 140.743792,-2.531314 140.743792,-2.532127 140.744600,-2.532128</coordinates></LinearRing></outerBoundaryIs></Polygon>
<Polygon><outerBoundaryIs><LinearRing><coordinates>140.743792,-2.531314 140.743520,-2.530774 140.742983,-2.530501 140.742983,-2.531314 140.743792,-2.531314</coordinates></LinearRing></outerBoundaryIs></Polygon>
<Polygon><outerBoundaryIs><LinearRing><coordinates>140.662922,-2.561928 140.663862,-2.561053 140.664131,-2.559077 140.664680,-2.558274 140.664940,-2.557722 140.666298,-2.556106 140.666558,-2.555233 140.666019,-2.554208 140.665447,-2.552729 140.664900,-2.551690 140.664376,-2.551201 140.663874,-2.550131 140.663325,-2.549328 140.663066,-2.548776 140.662516,-2.547972 140.662258,-2.545793 140.661720,-2.544250 140.661450,-2.542540 140.661170,-2.542279 140.660372,-2.541184 140.659266,-2.539733 140.659313,-2.538554 140.660399,-2.536967 140.660336,-2.535361 140.660433,-2.532930 140.661775,-2.532503 140.661712,-2.530889 140.661755,-2.529813 140.661138,-2.529538 140.659881,-2.532217 140.659565,-2.533875 140.659247,-2.534789 140.659326,-2.536828 140.658752,-2.537363 140.658486,-2.538483 140.657418,-2.538823 140.657947,-2.539828 140.658456,-2.540914 140.659095,-2.541217 140.660111,-2.542321 140.660052,-2.543829 140.660371,-2.544437 140.660660,-2.545052 140.660619,-2.546083 140.661179,-2.547149 140.661438,-2.548514 140.661718,-2.548775 140.661977,-2.549057 140.662257,-2.549317 140.662516,-2.549870 140.663065,-2.550673 140.663574,-2.552292 140.664664,-2.553308 140.664941,-2.554479 140.665320,-2.555200 140.664940,-2.555553 140.664619,-2.555901 140.664012,-2.557195 140.663331,-2.558488 140.663063,-2.559900 140.662294,-2.560616 140.660288,-2.561245 140.659082,-2.559935 140.658647,-2.558096 140.657123,-2.557730 140.656106,-2.557026 140.655217,-2.556060 140.655280,-2.554471 140.655210,-2.552691 140.654650,-2.551083 140.654979,-2.550139 140.655238,-2.549286 140.654700,-2.548784 140.654379,-2.547429 140.653115,-2.548102 140.653631,-2.549586 140.653890,-2.552036 140.654170,-2.552568 140.654545,-2.554546 140.653942,-2.555691 140.654578,-2.556901 140.655053,-2.557914 140.655785,-2.558262 140.656314,-2.558543 140.657898,-2.558848 140.658200,-2.560441 140.659197,-2.561749 140.660496,-2.561928 140.661887,-2.561004 140.662812,-2.561226 140.662922,-2.561928</coordinates></LinearRing></outerBoundaryIs></Polygon>
<Polygon><outerBoundaryIs><LinearRing><coordinates>140.724324,-2.533521 140.723956,-2.532013 140.723736,-2.529523 140.723577,-2.529412 140.723289,-2.530149 140.723916,-2.533867 140.724115,-2.534021 140.724324,-2.533521</coordinates></LinearRing></outerBoundaryIs></Polygon>
<Polygon><outerBoundaryIs><LinearRing><coordinates>140.738670,-2.533211 140.738840,-2.530806 140.738794,-2.530040 140.738117,-2.529431 140.737735,-2.529001 140.737323,-2.528873 140.738007,-2.530083 140.738132,-2.530500 140.738291,-2.531153 140.738401,-2.532669 140.738401,-2.533211 140.738670,-2.533211</coordinates></LinearRing></outerBoundaryIs></Polygon>
<Polygon><outerBoundaryIs><LinearRing><coordinates>140.737054,-2.528060 140.736515,-2.528060 140.736696,-2.528420 140.737054,-2.528602 140.737054,-2.528060</coordinates></LinearRing></outerBoundaryIs></Polygon>
<Polygon><outerBoundaryIs><LinearRing><coordinates>140.723577,-2.527515 140.723847,-2.527515 140.723847,-2.527244 140.724116,-2.527244 140.724207,-2.526793 140.724925,-2.526431 140.725464,-2.525618 140.724672,-2.525743 140.724276,-2.526320 140.723173,-2.526604 140.722928,-2.528690 140.723577,-2.529141 140.723577,-2.527515</coordinates></LinearRing></outerBoundaryIs></Polygon>
<Polygon><outerBoundaryIs><LinearRing><coordinates>140.736128,-2.526551 140.735117,-2.526135 140.732926,-2.524169 140.733454,-2.525521 140.735085,-2.526787 140.735437,-2.527246 140.735706,-2.527246 140.735706,-2.527517 140.736245,-2.527789 140.736128,-2.526551</coordinates></LinearRing></outerBoundaryIs></Polygon>
<Polygon><outerBoundaryIs><LinearRing><coordinates>140.726632,-2.524622 140.727082,-2.523720 140.726416,-2.523892 140.726273,-2.524805 140.726632,-2.524622</coordinates></LinearRing></outerBoundaryIs></Polygon>
<Polygon><outerBoundaryIs><LinearRing><coordinates>140.742983,-2.530501 140.742983,-2.530230 140.742714,-2.530230 140.742714,-2.529959 140.742084,-2.529432 140.741002,-2.526775 140.740567,-2.522871 140.740290,-2.522639 140.740100,-2.524576 140.740502,-2.526795 140.741117,-2.527905 140.741491,-2.529562 140.741925,-2.529938 140.742300,-2.530375 140.742983,-2.530501</coordinates></LinearRing></outerBoundaryIs></Polygon>
<Polygon><outerBoundaryIs><LinearRing><coordinates>140.732474,-2.519655 140.732583,-2.520900 140.732879,-2.522206 140.733123,-2.519823 140.732474,-2.519655</coordinates></LinearRing></outerBoundaryIs></Polygon>
<Polygon><outerBoundaryIs><LinearRing><coordinates>140.732474,-2.519655 140.732381,-2.519325 140.732145,-2.519562 140.732474,-2.519655</coordinates></LinearRing></outerBoundaryIs></Polygon>
<Polygon><outerBoundaryIs><LinearRing><coordinates>140.727406,-2.523224 140.728271,-2.521934 140.728430,-2.521823 140.728609,-2.521732 140.728790,-2.521372 140.729508,-2.521010 140.729508,-2.520739 140.729778,-2.520739 140.729778,-2.520197 140.730317,-2.520197 140.730484,-2.519798 140.730422,-2.519519 140.730532,-2.519024 140.730306,-2.518731 140.729293,-2.520243 140.728810,-2.520578 140.728480,-2.521059 140.728001,-2.521391 140.727671,-2.521872 140.727192,-2.522205 140.727082,-2.523449 140.727406,-2.523224</coordinates></LinearRing></outerBoundaryIs></Polygon>
<Polygon><outerBoundaryIs><LinearRing><coordinates>140.740290,-2.522639 140.740165,-2.522222 140.739875,-2.521429 140.739596,-2.518363 140.739212,-2.518030 140.739596,-2.520473 140.738820,-2.521836 140.739558,-2.522423 140.740290,-2.522639</coordinates></LinearRing></outerBoundaryIs></Polygon>
<Polygon><outerBoundaryIs><LinearRing><coordinates>140.739212,-2.518030 140.739144,-2.517557 140.738342,-2.516744 140.737865,-2.516674 140.737934,-2.517154 140.738742,-2.517961 140.739212,-2.518030</coordinates></LinearRing></outerBoundaryIs></Polygon>
<Polygon><outerBoundaryIs><LinearRing><coordinates>140.737865,-2.516674 140.737865,-2.516403 140.737595,-2.516403 140.737595,-2.516674 140.737865,-2.516674</coordinates></LinearRing></outerBoundaryIs></Polygon>
<Polygon><outerBoundaryIs><LinearRing><coordinates>140.732022,-2.518035 140.731513,-2.517639 140.731263,-2.515289 140.728583,-2.515746 140.728818,-2.516283 140.730090,-2.516807 140.730436,-2.518457 140.731517,-2.518297 140.732052,-2.518995 140.732204,-2.519113 140.732022,-2.518035</coordinates></LinearRing></outerBoundaryIs></Polygon>
<Polygon><outerBoundaryIs><LinearRing><coordinates>140.737595,-2.516403 140.735606,-2.514067 140.734362,-2.512065 140.733943,-2.512186 140.733703,-2.512751 140.735479,-2.514811 140.736368,-2.516282 140.737595,-2.516403</coordinates></LinearRing></outerBoundaryIs></Polygon>
<Polygon><outerBoundaryIs><LinearRing><coordinates>140.732206,-2.509354 140.732296,-2.510618 140.732833,-2.510891 140.733105,-2.511432 140.733823,-2.511523 140.732346,-2.509484 140.732206,-2.509354</coordinates></LinearRing></outerBoundaryIs></Polygon>
<Polygon><outerBoundaryIs><LinearRing><coordinates>140.732206,-2.509354 140.732206,-2.509083 140.731937,-2.509083 140.731937,-2.509354 140.732206,-2.509354</coordinates></LinearRing></outerBoundaryIs></Polygon>
<Polygon><outerBoundaryIs><LinearRing><coordinates>140.731937,-2.509083 140.731827,-2.508651 140.731398,-2.507998 140.730977,-2.508172 140.730746,-2.507569 140.729968,-2.507267 140.729645,-2.506423 140.727821,-2.506060 140.727619,-2.507087 140.729327,-2.507750 140.729668,-2.509466 140.731285,-2.509240 140.731937,-2.509083</coordinates></LinearRing></outerBoundaryIs></Polygon>
<Polygon><outerBoundaryIs><LinearRing><coordinates>140.729902,-2.502905 140.729782,-2.502305 140.729512,-2.502305 140.727986,-2.502396 140.727265,-2.503027 140.724570,-2.503221 140.724804,-2.504022 140.728074,-2.503840 140.728483,-2.503027 140.729421,-2.503209 140.729693,-2.503749 140.730409,-2.504114 140.730680,-2.504654 140.731038,-2.504836 140.731219,-2.505196 140.731398,-2.505287 140.731399,-2.504474 140.730590,-2.503389 140.730321,-2.503389 140.730321,-2.503118 140.729902,-2.502905</coordinates></LinearRing></outerBoundaryIs></Polygon>
<Polygon><outerBoundaryIs><LinearRing><coordinates>140.728974,-2.500407 140.728275,-2.500025 140.728055,-2.499704 140.727736,-2.499483 140.727087,-2.498509 140.726548,-2.498509 140.726639,-2.498960 140.726997,-2.499142 140.727177,-2.500316 140.728488,-2.500521 140.728975,-2.501489 140.729512,-2.501763 140.729243,-2.500678 140.728973,-2.500678 140.728974,-2.500407</coordinates></LinearRing></outerBoundaryIs></Polygon>
<Polygon><outerBoundaryIs><LinearRing><coordinates>140.724662,-2.497966 140.724186,-2.498747 140.723690,-2.499804 140.722904,-2.500536 140.722277,-2.501216 140.717243,-2.501619 140.716445,-2.502172 140.712661,-2.502432 140.712402,-2.502713 140.711583,-2.503245 140.710218,-2.504361 140.708618,-2.504871 140.708108,-2.505424 140.706279,-2.505351 140.705663,-2.505925 140.705922,-2.506236 140.707280,-2.506497 140.708815,-2.507038 140.709244,-2.505676 140.710485,-2.505726 140.711946,-2.504142 140.712671,-2.503797 140.713470,-2.503245 140.716984,-2.502985 140.717782,-2.502433 140.722881,-2.502144 140.723723,-2.501360 140.723982,-2.501079 140.724522,-2.500575 140.724890,-2.499410 140.725600,-2.498639 140.726279,-2.498509 140.726279,-2.498238 140.725201,-2.498238 140.725201,-2.497967 140.724662,-2.497966</coordinates></LinearRing></outerBoundaryIs></Polygon>
<Polygon><outerBoundaryIs><LinearRing><coordinates>140.724662,-2.497966 140.724662,-2.497695 140.724392,-2.497695 140.724392,-2.497966 140.724662,-2.497966</coordinates></LinearRing></outerBoundaryIs></Polygon>
<Polygon><outerBoundaryIs><LinearRing><coordinates>140.723044,-2.497153 140.723044,-2.497695 140.724123,-2.497695 140.724123,-2.497424 140.723583,-2.497424 140.723584,-2.497153 140.723044,-2.497153</coordinates></LinearRing></outerBoundaryIs></Polygon>
<Polygon><outerBoundaryIs><LinearRing><coordinates>140.723044,-2.497153 140.723045,-2.496882 140.722775,-2.496882 140.722775,-2.497153 140.723044,-2.497153</coordinates></LinearRing></outerBoundaryIs></Polygon>
<Polygon><outerBoundaryIs><LinearRing><coordinates>140.719811,-2.493899 140.719541,-2.493899 140.719451,-2.494079 140.718823,-2.494261 140.717024,-2.495976 140.716216,-2.496211 140.716454,-2.496971 140.717563,-2.496790 140.719436,-2.495004 140.719631,-2.495977 140.720259,-2.496159 140.720572,-2.496782 140.722236,-2.496882 140.722236,-2.496611 140.721164,-2.496427 140.720888,-2.496068 140.720619,-2.496068 140.720619,-2.495797 140.720349,-2.495797 140.720350,-2.495526 140.720080,-2.495526 140.720080,-2.494984 140.719811,-2.494984 140.719811,-2.493899</coordinates></LinearRing></outerBoundaryIs></Polygon>
<Polygon><outerBoundaryIs><LinearRing><coordinates>140.716846,-2.492814 140.716577,-2.492814 140.716307,-2.492814 140.716307,-2.493627 140.718733,-2.493628 140.718733,-2.493086 140.716846,-2.493085 140.716846,-2.492814</coordinates></LinearRing></outerBoundaryIs></Polygon>
<Polygon><outerBoundaryIs><LinearRing><coordinates>140.713882,-2.491187 140.713882,-2.492000 140.714421,-2.492000 140.714420,-2.492814 140.716038,-2.492814 140.716038,-2.492543 140.715499,-2.492543 140.715499,-2.492272 140.715229,-2.492272 140.715229,-2.492001 140.714690,-2.491729 140.714421,-2.491729 140.714421,-2.491458 140.714151,-2.491458 140.714151,-2.491187 140.713882,-2.491187</coordinates></LinearRing></outerBoundaryIs></Polygon>
<Polygon><outerBoundaryIs><LinearRing><coordinates>140.713882,-2.491187 140.713252,-2.489922 140.713073,-2.489831 140.713073,-2.491187 140.713882,-2.491187</coordinates></LinearRing></outerBoundaryIs></Polygon>
<Polygon><outerBoundaryIs><LinearRing><coordinates>140.713073,-2.489831 140.713074,-2.489289 140.712467,-2.488630 140.711166,-2.488578 140.707013,-2.493233 140.707291,-2.497009 140.707821,-2.496748 140.708108,-2.493148 140.709699,-2.491922 140.709438,-2.496206 140.707469,-2.498549 140.706887,-2.500398 140.704855,-2.502169 140.703705,-2.503017 140.703238,-2.503524 140.702958,-2.503785 140.702230,-2.504575 140.701471,-2.504935 140.699723,-2.506224 140.699204,-2.506787 140.698644,-2.507308 140.698143,-2.507852 140.697297,-2.508121 140.696498,-2.508673 140.695949,-2.508934 140.695150,-2.509486 140.694342,-2.509870 140.694758,-2.510560 140.695689,-2.510300 140.696227,-2.510013 140.696537,-2.511645 140.697037,-2.511384 140.697434,-2.509291 140.698105,-2.508934 140.698654,-2.508674 140.701876,-2.505769 140.702968,-2.505422 140.703461,-2.504886 140.704046,-2.504609 140.704461,-2.503725 140.706405,-2.502291 140.707820,-2.500543 140.708209,-2.499715 140.708629,-2.498917 140.708889,-2.498365 140.710247,-2.496749 140.710522,-2.490447 140.711957,-2.489341 140.713073,-2.489831</coordinates></LinearRing></outerBoundaryIs></Polygon>
<Polygon><outerBoundaryIs><LinearRing><coordinates>140.707776,-2.486219 140.707684,-2.486035 140.707145,-2.486035 140.703761,-2.486176 140.699737,-2.490509 140.700180,-2.490977 140.701074,-2.490501 140.702350,-2.490095 140.702702,-2.489428 140.703194,-2.488380 140.704579,-2.487312 140.704311,-2.491724 140.700544,-2.495120 140.699725,-2.495381 140.699224,-2.495924 140.698377,-2.496193 140.697579,-2.496746 140.696522,-2.497247 140.696081,-2.498085 140.695432,-2.499466 140.694873,-2.499988 140.694613,-2.500269 140.693794,-2.500801 140.693045,-2.501614 140.692132,-2.501054 140.691441,-2.500304 140.689611,-2.500230 140.687875,-2.500783 140.688499,-2.502155 140.688953,-2.501894 140.689451,-2.501354 140.690262,-2.501322 140.690829,-2.501624 140.691379,-2.501885 140.691638,-2.502166 140.692996,-2.502427 140.693290,-2.504596 140.693804,-2.504335 140.694126,-2.501966 140.695738,-2.500778 140.696979,-2.498133 140.697568,-2.497820 140.698118,-2.497559 140.698916,-2.497007 140.699735,-2.496746 140.700534,-2.496322 140.700274,-2.497831 140.699725,-2.498634 140.699465,-2.499186 140.697847,-2.501110 140.698384,-2.501615 140.699666,-2.500387 140.700663,-2.499306 140.701082,-2.498915 140.701369,-2.495612 140.704300,-2.493057 140.704608,-2.495653 140.705211,-2.495349 140.705671,-2.486717 140.708384,-2.486981 140.708942,-2.487587 140.711457,-2.487933 140.711287,-2.487656 140.710081,-2.487243 140.709840,-2.486849 140.708852,-2.486757 140.707776,-2.486219</coordinates></LinearRing></outerBoundaryIs></Polygon>
<Polygon><outerBoundaryIs><LinearRing><coordinates>140.704719,-2.484679 140.704719,-2.485221 140.706067,-2.485221 140.706067,-2.484950 140.705528,-2.484950 140.705528,-2.484679 140.705258,-2.484679 140.704719,-2.484679</coordinates></LinearRing></outerBoundaryIs></Polygon>
<Polygon><outerBoundaryIs><LinearRing><coordinates>140.704719,-2.484679 140.704719,-2.484408 140.704374,-2.484543 140.704719,-2.484679</coordinates></LinearRing></outerBoundaryIs></Polygon>
<Polygon><outerBoundaryIs><LinearRing><coordinates>140.702024,-2.483865 140.701223,-2.484063 140.700561,-2.483914 140.700297,-2.484282 140.703918,-2.484518 140.704180,-2.484137 140.702024,-2.484136 140.702024,-2.483865</coordinates></LinearRing></outerBoundaryIs></Polygon>
<Polygon><outerBoundaryIs><LinearRing><coordinates>140.699730,-2.485023 140.699329,-2.483051 140.698790,-2.483051 140.698639,-2.485059 140.695957,-2.485352 140.694959,-2.486396 140.694612,-2.488893 140.694069,-2.489418 140.693805,-2.490507 140.691347,-2.493241 140.690001,-2.493897 140.685717,-2.497554 140.684903,-2.497819 140.684173,-2.498197 140.683830,-2.498909 140.682996,-2.500013 140.681937,-2.500529 140.679800,-2.502160 140.675468,-2.502425 140.675204,-2.502959 140.680341,-2.503240 140.680991,-2.502560 140.681849,-2.501730 140.683021,-2.501348 140.684284,-2.500026 140.684908,-2.499722 140.685304,-2.499308 140.685717,-2.498909 140.685981,-2.498633 140.687334,-2.497554 140.687824,-2.497042 140.689221,-2.495928 140.689618,-2.495513 140.690356,-2.494801 140.691378,-2.494302 140.693666,-2.492279 140.694072,-2.491853 140.694338,-2.492735 140.693684,-2.495943 140.694804,-2.495920 140.695147,-2.489960 140.695422,-2.489423 140.695687,-2.487521 140.696247,-2.486132 140.698813,-2.486186 140.699730,-2.485023</coordinates></LinearRing></outerBoundaryIs></Polygon>
<Polygon><outerBoundaryIs><LinearRing><coordinates>140.697173,-2.481966 140.697173,-2.482780 140.698251,-2.482780 140.698141,-2.482619 140.697173,-2.481966</coordinates></LinearRing></outerBoundaryIs></Polygon>
<Polygon><outerBoundaryIs><LinearRing><coordinates>140.675880,-2.481961 140.675790,-2.481781 140.675072,-2.481419 140.675072,-2.481961 140.675880,-2.481961</coordinates></LinearRing></outerBoundaryIs></Polygon>
<Polygon><outerBoundaryIs><LinearRing><coordinates>140.680462,-2.481420 140.679771,-2.481538 140.678458,-2.481844 140.676834,-2.482121 140.676150,-2.481961 140.676260,-2.482664 140.676965,-2.482885 140.677338,-2.482343 140.679991,-2.482107 140.680462,-2.481420</coordinates></LinearRing></outerBoundaryIs></Polygon>
<Polygon><outerBoundaryIs><LinearRing><coordinates>140.697173,-2.481966 140.696903,-2.481424 140.696127,-2.481232 140.696258,-2.481821 140.697173,-2.481966</coordinates></LinearRing></outerBoundaryIs></Polygon>
<Polygon><outerBoundaryIs><LinearRing><coordinates>140.673994,-2.480876 140.673994,-2.481147 140.674263,-2.481148 140.674263,-2.480876 140.673994,-2.480876</coordinates></LinearRing></outerBoundaryIs></Polygon>
<Polygon><outerBoundaryIs><LinearRing><coordinates>140.694083,-2.483196 140.694333,-2.482633 140.694622,-2.482382 140.695831,-2.480972 140.695299,-2.480011 140.693533,-2.482071 140.693275,-2.482653 140.692715,-2.483446 140.692466,-2.483963 140.693399,-2.484134 140.694083,-2.483196</coordinates></LinearRing></outerBoundaryIs></Polygon>
<Polygon><outerBoundaryIs><LinearRing><coordinates>140.680462,-2.481420 140.681180,-2.481329 140.682256,-2.480792 140.682440,-2.480427 140.683037,-2.480123 140.683158,-2.479523 140.682729,-2.479634 140.681700,-2.480496 140.680572,-2.481260 140.680462,-2.481420</coordinates></LinearRing></outerBoundaryIs></Polygon>
<Polygon><outerBoundaryIs><LinearRing><coordinates>140.687470,-2.480066 140.687470,-2.479524 140.687201,-2.479524 140.687201,-2.480066 140.687470,-2.480066</coordinates></LinearRing></outerBoundaryIs></Polygon>
<Polygon><outerBoundaryIs><LinearRing><coordinates>140.687470,-2.480066 140.687606,-2.481113 140.691339,-2.480812 140.691638,-2.480464 140.692182,-2.479993 140.692322,-2.479525 140.691244,-2.480067 140.690792,-2.480258 140.688860,-2.480720 140.687470,-2.480066</coordinates></LinearRing></outerBoundaryIs></Polygon>
<Polygon><outerBoundaryIs><LinearRing><coordinates>140.683158,-2.479523 140.683428,-2.479523 140.683428,-2.479252 140.683158,-2.479252 140.683158,-2.479523</coordinates></LinearRing></outerBoundaryIs></Polygon>
<Polygon><outerBoundaryIs><LinearRing><coordinates>140.692322,-2.479525 140.692591,-2.479525 140.692592,-2.479254 140.692322,-2.479254 140.692322,-2.479525</coordinates></LinearRing></outerBoundaryIs></Polygon>
<Polygon><outerBoundaryIs><LinearRing><coordinates>140.694748,-2.479255 140.694478,-2.479255 140.694613,-2.479602 140.694748,-2.479255</coordinates></LinearRing></outerBoundaryIs></Polygon>
<Polygon><outerBoundaryIs><LinearRing><coordinates>140.687201,-2.479524 140.687020,-2.479164 140.686662,-2.478982 140.686662,-2.479524 140.687201,-2.479524</coordinates></LinearRing></outerBoundaryIs></Polygon>
<Polygon><outerBoundaryIs><LinearRing><coordinates>140.692592,-2.479254 140.693400,-2.479255 140.693400,-2.478983 140.692592,-2.478983 140.692592,-2.479254</coordinates></LinearRing></outerBoundaryIs></Polygon>
<Polygon><outerBoundaryIs><LinearRing><coordinates>140.694209,-2.479255 140.694209,-2.478984 140.693939,-2.478984 140.693939,-2.479255 140.694209,-2.479255</coordinates></LinearRing></outerBoundaryIs></Polygon>
<Polygon><outerBoundaryIs><LinearRing><coordinates>140.683428,-2.479252 140.683967,-2.479252 140.683967,-2.478710 140.683609,-2.478892 140.683428,-2.479252</coordinates></LinearRing></outerBoundaryIs></Polygon>
<Polygon><outerBoundaryIs><LinearRing><coordinates>140.673994,-2.480876 140.673994,-2.480605 140.673455,-2.480605 140.673455,-2.480334 140.673185,-2.480334 140.673185,-2.480063 140.672747,-2.479840 140.672647,-2.478436 140.672497,-2.477814 140.672271,-2.480755 140.673994,-2.480876</coordinates></LinearRing></outerBoundaryIs></Polygon>
<Polygon><outerBoundaryIs><LinearRing><coordinates>140.657703,-2.477499 140.658213,-2.476772 140.656206,-2.477348 140.655667,-2.477348 140.655667,-2.477619 140.657703,-2.477499</coordinates></LinearRing></outerBoundaryIs></Polygon>
<Polygon><outerBoundaryIs><LinearRing><coordinates>140.655397,-2.477619 140.655285,-2.477461 140.653669,-2.477134 140.653241,-2.476534 140.652972,-2.476534 140.652702,-2.476534 140.652322,-2.476851 140.653119,-2.477199 140.654004,-2.477840 140.655397,-2.477619</coordinates></LinearRing></outerBoundaryIs></Polygon>
<Polygon><outerBoundaryIs><LinearRing><coordinates>140.672437,-2.476089 140.672108,-2.475996 140.672200,-2.476327 140.672437,-2.476089</coordinates></LinearRing></outerBoundaryIs></Polygon>
<Polygon><outerBoundaryIs><LinearRing><coordinates>140.659653,-2.475886 140.658245,-2.476659 140.659440,-2.476806 140.659653,-2.475886</coordinates></LinearRing></outerBoundaryIs></Polygon>
<Polygon><outerBoundaryIs><LinearRing><coordinates>140.662945,-2.475181 140.662496,-2.475272 140.662136,-2.475452 140.661368,-2.475871 140.662709,-2.476105 140.662945,-2.475181</coordinates></LinearRing></outerBoundaryIs></Polygon>
<Polygon><outerBoundaryIs><LinearRing><coordinates>140.671030,-2.475183 140.670761,-2.475183 140.670761,-2.475996 140.671839,-2.475996 140.671839,-2.475725 140.671569,-2.475725 140.671569,-2.475454 140.671030,-2.475454 140.671030,-2.475183</coordinates></LinearRing></outerBoundaryIs></Polygon>
<Polygon><outerBoundaryIs><LinearRing><coordinates>140.662945,-2.475181 140.663753,-2.475181 140.663753,-2.474639 140.663035,-2.475001 140.662945,-2.475181</coordinates></LinearRing></outerBoundaryIs></Polygon>
<Polygon><outerBoundaryIs><LinearRing><coordinates>140.664562,-2.474639 140.664787,-2.475088 140.670222,-2.475183 140.670222,-2.474912 140.669952,-2.474911 140.669144,-2.474911 140.667527,-2.474911 140.666718,-2.474911 140.664562,-2.474639</coordinates></LinearRing></outerBoundaryIs></Polygon>
</MultiGeometry></Placemark>
<Placemark><name>Zona bahaya sedang</name><ExtendedData><Data name="gridcode"><value>2</value></Data><Data name="Kls_Bahaya"><value>Sedang</value></Data></ExtendedData><MultiGeometry>
<Polygon><outerBoundaryIs><LinearRing><coordinates>140.999587,-2.821135 141.000126,-2.821135 141.000126,-2.818966 140.998553,-2.819164 140.998119,-2.820806 140.999587,-2.821406 140.999587,-2.821135</coordinates></LinearRing></outerBoundaryIs></Polygon>
<Polygon><outerBoundaryIs><LinearRing><coordinates>141.000126,-2.790502 140.999746,-2.790341 140.998563,-2.790109 140.998937,-2.789849 140.999212,-2.789111 141.000126,-2.788875 141.000126,-2.787520 140.998903,-2.788187 140.996647,-2.789796 140.995014,-2.790529 140.992991,-2.790085 140.990235,-2.789830 140.988920,-2.788296 140.987572,-2.787691 140.985148,-2.788718 140.981037,-2.788386 140.978828,-2.788604 140.978558,-2.788604 140.977961,-2.788725 140.977659,-2.789326 140.977480,-2.789417 140.977360,-2.790110 140.976281,-2.791955 140.976644,-2.793265 140.977599,-2.793634 140.978981,-2.793876 140.981703,-2.794659 140.983688,-2.795832 140.986176,-2.796757 140.986376,-2.797008 140.987065,-2.797128 140.988939,-2.797942 140.991531,-2.797182 140.992876,-2.796360 140.993315,-2.794323 140.994993,-2.794532 140.996772,-2.794021 140.997849,-2.793363 140.999437,-2.791978 141.000126,-2.791586 141.000126,-2.790502</coordinates></LinearRing></outerBoundaryIs><innerBoundaryIs><LinearRing><coordinates>140.983808,-2.790374 140.987867,-2.790630 140.988843,-2.791163 140.993737,-2.791493 140.993799,-2.792542 140.992248,-2.793024 140.991415,-2.793772 140.991102,-2.795796 140.990008,-2.796594 140.989881,-2.796737 140.988391,-2.796609 140.986391,-2.795773 140.983950,-2.794829 140.982287,-2.793457 140.977658,-2.792588 140.977593,-2.791503 140.978640,-2.789848 140.980492,-2.789349 140.983808,-2.790374</coordinates></LinearRing></innerBoundaryIs><innerBoundaryIs><LinearRing><coordinates>140.996530,-2.791808 140.997139,-2.791265 140.997361,-2.791722 140.997160,-2.792128 140.996530,-2.791808</coordinates></LinearRing></innerBoundaryIs></Polygon>
<Polygon><outerBoundaryIs><LinearRing><coordinates>140.972088,-2.773152 140.972088,-2.772610 140.972316,-2.771674 140.972142,-2.770890 140.970696,-2.771500 140.970360,-2.772682 140.970740,-2.774236 140.970740,-2.774778 140.969540,-2.776991 140.969518,-2.777358 140.969804,-2.778701 140.969931,-2.780200 140.969661,-2.780742 140.969661,-2.781013 140.969392,-2.781013 140.969392,-2.781284 140.969122,-2.781284 140.969122,-2.781555 140.968853,-2.781555 140.968313,-2.782637 140.967774,-2.782911 140.967654,-2.783511 140.967235,-2.783724 140.967235,-2.783995 140.966965,-2.783995 140.966845,-2.784595 140.966426,-2.784808 140.966178,-2.786416 140.967419,-2.787865 140.970106,-2.788455 140.972627,-2.788062 140.972810,-2.787401 140.976014,-2.787638 140.976940,-2.788333 140.977804,-2.788185 140.978406,-2.786691 140.977210,-2.785080 140.977115,-2.784905 140.976314,-2.784463 140.976671,-2.784266 140.977097,-2.783711 140.978852,-2.783220 140.980563,-2.781945 140.981254,-2.781827 140.981362,-2.781611 140.981793,-2.781827 140.982492,-2.781937 140.983201,-2.782402 140.984494,-2.782111 140.982872,-2.779658 140.982602,-2.779658 140.982602,-2.779387 140.982065,-2.779114 140.981793,-2.778574 140.981093,-2.778393 140.980315,-2.777022 140.980176,-2.776134 140.980033,-2.776006 140.979577,-2.774520 140.978436,-2.773993 140.976140,-2.774403 140.974326,-2.777745 140.973705,-2.778302 140.973436,-2.778302 140.973436,-2.778574 140.973166,-2.778574 140.972247,-2.778336 140.972468,-2.777058 140.972627,-2.776947 140.972718,-2.776496 140.973345,-2.775772 140.973526,-2.775078 140.972718,-2.774145 140.972358,-2.773423 140.972088,-2.773423 140.972088,-2.773152</coordinates></LinearRing></outerBoundaryIs><innerBoundaryIs><LinearRing><coordinates>140.974911,-2.778701 140.977287,-2.778329 140.977729,-2.775473 140.978395,-2.775434 140.978970,-2.776262 140.979381,-2.777599 140.981097,-2.779826 140.981130,-2.780375 140.978791,-2.782197 140.977521,-2.782539 140.974971,-2.782386 140.974539,-2.783596 140.974933,-2.784459 140.976798,-2.786134 140.976544,-2.786849 140.971597,-2.787161 140.971279,-2.787519 140.968993,-2.787353 140.967396,-2.786616 140.967318,-2.785300 140.969249,-2.782768 140.970613,-2.781156 140.971498,-2.779216 140.973725,-2.779349 140.974911,-2.778701</coordinates></LinearRing></innerBoundaryIs><innerBoundaryIs><LinearRing><coordinates>140.974960,-2.783606 140.975679,-2.783376 140.975862,-2.783724 140.974960,-2.783606</coordinates></LinearRing></innerBoundaryIs></Polygon>
<Polygon><outerBoundaryIs><LinearRing><coordinates>140.975556,-2.770477 140.976541,-2.769720 140.977306,-2.767728 140.976575,-2.767075 140.973954,-2.767595 140.973706,-2.768543 140.974010,-2.768754 140.973436,-2.769628 140.973549,-2.770328 140.974482,-2.770690 140.975556,-2.770477</coordinates></LinearRing></outerBoundaryIs></Polygon>
<Polygon><outerBoundaryIs><LinearRing><coordinates>140.971480,-2.764817 140.969593,-2.764807 140.969990,-2.765221 140.971549,-2.765290 140.971480,-2.764817</coordinates></LinearRing></outerBoundaryIs></Polygon>
<Polygon><outerBoundaryIs><LinearRing><coordinates>140.729456,-2.761464 140.729726,-2.761464 140.729726,-2.761193 140.729456,-2.761193 140.729456,-2.761464</coordinates></LinearRing></outerBoundaryIs></Polygon>
<Polygon><outerBoundaryIs><LinearRing><coordinates>140.729726,-2.761193 140.730265,-2.761193 140.730265,-2.760922 140.729726,-2.760922 140.729726,-2.761193</coordinates></LinearRing></outerBoundaryIs></Polygon>
<Polygon><outerBoundaryIs><LinearRing><coordinates>140.733770,-2.761194 140.732692,-2.760923 140.732835,-2.761554 140.733623,-2.761837 140.733770,-2.761194</coordinates></LinearRing></outerBoundaryIs></Polygon>
<Polygon><outerBoundaryIs><LinearRing><coordinates>140.730265,-2.760922 140.730804,-2.760922 140.730804,-2.760651 140.730265,-2.760651 140.730265,-2.760922</coordinates></LinearRing></outerBoundaryIs></Polygon>
<Polygon><outerBoundaryIs><LinearRing><coordinates>140.716893,-2.761012 140.717056,-2.760377 140.716786,-2.760377 140.716786,-2.760648 140.716247,-2.760648 140.715977,-2.761026 140.715707,-2.760648 140.714899,-2.760648 140.714899,-2.761461 140.716246,-2.761461 140.716893,-2.761012</coordinates></LinearRing></outerBoundaryIs></Polygon>
<Polygon><outerBoundaryIs><LinearRing><coordinates>140.731150,-2.760245 140.730805,-2.760109 140.730805,-2.760380 140.731150,-2.760245</coordinates></LinearRing></outerBoundaryIs></Polygon>
<Polygon><outerBoundaryIs><LinearRing><coordinates>140.635177,-2.759406 140.634832,-2.759270 140.634832,-2.759541 140.635177,-2.759406</coordinates></LinearRing></outerBoundaryIs></Polygon>
<Polygon><outerBoundaryIs><LinearRing><coordinates>140.718673,-2.759293 140.718134,-2.759293 140.718134,-2.759564 140.718673,-2.759564 140.718673,-2.759293</coordinates></LinearRing></outerBoundaryIs></Polygon>
<Polygon><outerBoundaryIs><LinearRing><coordinates>140.718673,-2.759293 140.718943,-2.759293 140.718943,-2.759022 140.718673,-2.759022 140.718673,-2.759293</coordinates></LinearRing></outerBoundaryIs></Polygon>
<Polygon><outerBoundaryIs><LinearRing><coordinates>140.706272,-2.758748 140.705733,-2.758748 140.706003,-2.759126 140.706272,-2.758748</coordinates></LinearRing></outerBoundaryIs></Polygon>
<Polygon><outerBoundaryIs><LinearRing><coordinates>140.709116,-2.759354 140.709238,-2.758749 140.708834,-2.758546 140.708429,-2.758748 140.708540,-2.759636 140.709116,-2.759354</coordinates></LinearRing></outerBoundaryIs></Polygon>
<Polygon><outerBoundaryIs><LinearRing><coordinates>140.729456,-2.761464 140.728378,-2.761735 140.728378,-2.762006 140.728108,-2.762006 140.726601,-2.761895 140.725808,-2.761376 140.725682,-2.761192 140.724075,-2.760730 140.723795,-2.760379 140.723526,-2.760379 140.723256,-2.760378 140.723256,-2.760107 140.722987,-2.760107 140.722987,-2.759836 140.722717,-2.759836 140.722447,-2.759836 140.722447,-2.759565 140.722178,-2.759565 140.722178,-2.759294 140.721908,-2.759294 140.721908,-2.759023 140.721639,-2.758480 140.720903,-2.757991 140.720021,-2.758209 140.720021,-2.758751 140.719213,-2.758751 140.719213,-2.759022 140.719589,-2.759293 140.718648,-2.759971 140.719212,-2.760377 140.719303,-2.759926 140.720021,-2.759564 140.720171,-2.759444 140.720603,-2.758902 140.721529,-2.759494 140.722178,-2.760649 140.722663,-2.760793 140.725265,-2.761928 140.725976,-2.762523 140.726221,-2.762819 140.727175,-2.762945 140.727967,-2.763237 140.728373,-2.763205 140.729456,-2.761464</coordinates></LinearRing></outerBoundaryIs></Polygon>
<Polygon><outerBoundaryIs><LinearRing><coordinates>140.634563,-2.757372 140.634293,-2.757372 140.634293,-2.757643 140.634563,-2.757644 140.634563,-2.757372</coordinates></LinearRing></outerBoundaryIs></Polygon>
<Polygon><outerBoundaryIs><LinearRing><coordinates>140.634563,-2.757372 140.636112,-2.757818 140.635911,-2.756560 140.635212,-2.756670 140.634563,-2.757101 140.634563,-2.757372</coordinates></LinearRing></outerBoundaryIs></Polygon>
<Polygon><outerBoundaryIs><LinearRing><coordinates>140.635911,-2.756560 140.637060,-2.756691 140.637663,-2.757570 140.637798,-2.757373 140.637798,-2.756560 140.637259,-2.756560 140.637259,-2.756289 140.635911,-2.756289 140.635911,-2.756560</coordinates></LinearRing></outerBoundaryIs></Polygon>
<Polygon><outerBoundaryIs><LinearRing><coordinates>140.630519,-2.755745 140.629441,-2.755744 140.629441,-2.756287 140.629710,-2.756287 140.629710,-2.756558 140.630250,-2.756558 140.630249,-2.757371 140.629980,-2.757371 140.630788,-2.758998 140.631437,-2.759158 140.633104,-2.759380 140.633484,-2.759541 140.633753,-2.758999 140.633536,-2.758566 140.632675,-2.758456 140.631603,-2.758273 140.631327,-2.757914 140.630436,-2.757807 140.630788,-2.757642 140.630637,-2.756711 140.630519,-2.755745</coordinates></LinearRing></outerBoundaryIs></Polygon>
<Polygon><outerBoundaryIs><LinearRing><coordinates>140.737276,-2.754689 140.737546,-2.754689 140.737274,-2.754149 140.736737,-2.753875 140.736737,-2.754418 140.736467,-2.754418 140.736632,-2.755065 140.737276,-2.755231 140.737276,-2.754689</coordinates></LinearRing></outerBoundaryIs></Polygon>
<Polygon><outerBoundaryIs><LinearRing><coordinates>140.758304,-2.752525 140.757226,-2.753067 140.757673,-2.753964 140.758203,-2.754242 140.758304,-2.752525</coordinates></LinearRing></outerBoundaryIs></Polygon>
<Polygon><outerBoundaryIs><LinearRing><coordinates>140.735389,-2.751978 140.735120,-2.751977 140.735120,-2.752249 140.734850,-2.752249 140.734850,-2.752520 140.734850,-2.752791 140.734580,-2.752791 140.734580,-2.753062 140.734311,-2.753062 140.734311,-2.753333 140.734041,-2.753333 140.734041,-2.753604 140.733111,-2.754856 140.732812,-2.756972 140.731943,-2.758227 140.731614,-2.758483 140.731613,-2.759838 140.732153,-2.759838 140.732273,-2.759238 140.732692,-2.759025 140.732854,-2.758390 140.733660,-2.757830 140.733923,-2.757448 140.734040,-2.758483 140.734961,-2.758334 140.734646,-2.756804 140.733389,-2.756070 140.733706,-2.755047 140.734580,-2.754417 140.734768,-2.753680 140.735659,-2.753062 140.735480,-2.752700 140.735389,-2.751978</coordinates></LinearRing></outerBoundaryIs></Polygon>
<Polygon><outerBoundaryIs><LinearRing><coordinates>140.628634,-2.751136 140.628095,-2.750864 140.627915,-2.751227 140.627825,-2.751678 140.628302,-2.751748 140.629104,-2.752560 140.629172,-2.753033 140.629339,-2.753137 140.629709,-2.754230 140.630520,-2.754660 140.630430,-2.753396 140.630251,-2.753034 140.630251,-2.752763 140.629801,-2.751861 140.629263,-2.751587 140.629173,-2.751407 140.628634,-2.751407 140.628634,-2.751136</coordinates></LinearRing></outerBoundaryIs></Polygon>
<Polygon><outerBoundaryIs><LinearRing><coordinates>140.738625,-2.750352 140.738465,-2.750462 140.738135,-2.751350 140.737459,-2.752394 140.737276,-2.752520 140.737437,-2.752708 140.738435,-2.752628 140.738625,-2.750352</coordinates></LinearRing></outerBoundaryIs></Polygon>
<Polygon><outerBoundaryIs><LinearRing><coordinates>140.965948,-2.749211 140.964979,-2.749445 140.966158,-2.749567 140.965948,-2.749211</coordinates></LinearRing></outerBoundaryIs></Polygon>
<Polygon><outerBoundaryIs><LinearRing><coordinates>140.761000,-2.750628 140.761001,-2.750356 140.761270,-2.750356 140.761052,-2.749063 140.759383,-2.747916 140.759474,-2.748367 140.759832,-2.749092 140.759922,-2.749543 140.760326,-2.749748 140.760597,-2.750693 140.761000,-2.750899 140.761000,-2.750628</coordinates></LinearRing></outerBoundaryIs></Polygon>
<Polygon><outerBoundaryIs><LinearRing><coordinates>140.964820,-2.748608 140.964113,-2.748098 140.963731,-2.747562 140.963349,-2.748098 140.963192,-2.748211 140.963410,-2.748644 140.964270,-2.748753 140.964820,-2.748608</coordinates></LinearRing></outerBoundaryIs></Polygon>
<Polygon><outerBoundaryIs><LinearRing><coordinates>140.760462,-2.746561 140.760462,-2.746019 140.759923,-2.746019 140.759923,-2.746561 140.760462,-2.746561</coordinates></LinearRing></outerBoundaryIs></Polygon>
<Polygon><outerBoundaryIs><LinearRing><coordinates>140.761917,-2.743308 140.761541,-2.743037 140.761541,-2.743579 140.761917,-2.743308</coordinates></LinearRing></outerBoundaryIs></Polygon>
<Polygon><outerBoundaryIs><LinearRing><coordinates>140.763428,-2.742224 140.763428,-2.741953 140.762350,-2.741953 140.762350,-2.742224 140.763428,-2.742224</coordinates></LinearRing></outerBoundaryIs></Polygon>
<Polygon><outerBoundaryIs><LinearRing><coordinates>140.765315,-2.743851 140.765315,-2.743580 140.765585,-2.743580 140.765585,-2.743309 140.766124,-2.743309 140.766234,-2.742878 140.766663,-2.742225 140.766234,-2.741572 140.766125,-2.740598 140.765946,-2.740689 140.765719,-2.741477 140.765316,-2.741683 140.765316,-2.741954 140.765046,-2.741954 140.765046,-2.742225 140.763698,-2.742224 140.763818,-2.742375 140.764182,-2.742668 140.763967,-2.744393 140.764237,-2.744393 140.764237,-2.744664 140.765169,-2.744424 140.765315,-2.743851</coordinates></LinearRing></outerBoundaryIs></Polygon>
<Polygon><outerBoundaryIs><LinearRing><coordinates>140.950252,-2.744415 140.949326,-2.743720 140.947556,-2.743602 140.947287,-2.743602 140.947287,-2.743331 140.947017,-2.743331 140.947017,-2.743060 140.945804,-2.743212 140.945390,-2.743160 140.944910,-2.741475 140.943512,-2.740349 140.941915,-2.740466 140.941722,-2.741331 140.942275,-2.742136 140.942923,-2.742586 140.944343,-2.744707 140.945279,-2.745320 140.946747,-2.744958 140.947017,-2.744958 140.947199,-2.744595 140.947896,-2.744832 140.948095,-2.745229 140.948453,-2.745411 140.948819,-2.746137 140.950073,-2.746764 140.951330,-2.746855 140.951869,-2.746855 140.951869,-2.746584 140.952948,-2.746584 140.953217,-2.746206 140.953487,-2.746584 140.953757,-2.746584 140.954453,-2.746698 140.955217,-2.747013 140.958681,-2.747240 140.959440,-2.746176 140.958097,-2.745208 140.956015,-2.744788 140.954722,-2.743716 140.952750,-2.742377 140.951330,-2.742247 140.951330,-2.742518 140.951061,-2.742518 140.950378,-2.742992 140.950252,-2.744415 140.950679,-2.744302 140.951738,-2.743489 140.952738,-2.743763 140.952918,-2.744679 140.950756,-2.745339 140.950252,-2.744415</coordinates></LinearRing></outerBoundaryIs></Polygon>
<Polygon><outerBoundaryIs><LinearRing><coordinates>140.738625,-2.750352 140.739613,-2.750443 140.739973,-2.750623 140.739973,-2.749268 140.740243,-2.749268 140.740243,-2.748997 140.740243,-2.748726 140.740512,-2.748726 140.740630,-2.748302 140.741078,-2.747555 140.740423,-2.743537 140.740244,-2.742762 140.740335,-2.742039 140.740514,-2.741677 140.740731,-2.741083 140.740602,-2.739468 140.738046,-2.739112 140.735969,-2.739683 140.735267,-2.740867 140.735806,-2.742344 140.735931,-2.742761 140.736562,-2.742924 140.737009,-2.743574 140.737278,-2.743574 140.737278,-2.743845 140.737448,-2.743998 140.739307,-2.746142 140.739434,-2.746828 140.739780,-2.746963 140.739434,-2.747099 140.739434,-2.747370 140.739269,-2.748017 140.738625,-2.748183 140.738401,-2.748509 140.736450,-2.749830 140.735500,-2.751275 140.735389,-2.751978 140.736198,-2.751978 140.736268,-2.751498 140.737753,-2.750011 140.738556,-2.750150 140.738625,-2.750352</coordinates></LinearRing></outerBoundaryIs><innerBoundaryIs><LinearRing><coordinates>140.739823,-2.740357 140.739295,-2.742892 140.739165,-2.743846 140.738132,-2.743516 140.736342,-2.741848 140.736299,-2.740755 140.737869,-2.739920 140.739823,-2.740357</coordinates></LinearRing></innerBoundaryIs></Polygon>
<Polygon><outerBoundaryIs><LinearRing><coordinates>140.697382,-2.735974 140.697382,-2.735703 140.698191,-2.735704 140.698367,-2.735415 140.699641,-2.734994 140.700347,-2.734891 140.700617,-2.734891 140.701308,-2.734773 140.702028,-2.734337 140.702352,-2.732971 140.700172,-2.732604 140.698730,-2.733264 140.698730,-2.733535 140.698461,-2.733535 140.698191,-2.733535 140.698074,-2.733688 140.696808,-2.734448 140.695007,-2.735791 140.693742,-2.735978 140.692260,-2.735757 140.690777,-2.735977 140.688622,-2.735657 140.687912,-2.736208 140.687395,-2.736880 140.684893,-2.738246 140.683824,-2.739918 140.683630,-2.741240 140.683901,-2.741935 140.683901,-2.743019 140.683362,-2.743019 140.683244,-2.743172 140.682263,-2.743446 140.680665,-2.744645 140.680479,-2.744728 140.680239,-2.745268 140.680126,-2.744645 140.679857,-2.744645 140.679857,-2.744373 140.679410,-2.744280 140.678727,-2.743746 140.677645,-2.744235 140.677211,-2.745062 140.676621,-2.745186 140.676141,-2.745788 140.674674,-2.746209 140.668683,-2.746961 140.669462,-2.747232 140.670840,-2.747473 140.671955,-2.747905 140.674196,-2.747625 140.676231,-2.748210 140.676770,-2.747776 140.677550,-2.746662 140.677699,-2.746542 140.677699,-2.746270 140.677969,-2.746271 140.678309,-2.745874 140.681711,-2.746585 140.683681,-2.749345 140.684563,-2.749671 140.687620,-2.749985 140.688927,-2.751665 140.688385,-2.754668 140.690558,-2.755887 140.692567,-2.755567 140.693825,-2.754775 140.696102,-2.753132 140.696504,-2.750487 140.699077,-2.750796 140.701546,-2.752386 140.703453,-2.753180 140.704762,-2.753915 140.708577,-2.754436 140.709364,-2.753995 140.709778,-2.753869 140.709778,-2.753598 140.710317,-2.753598 140.710549,-2.753261 140.711949,-2.752946 140.713442,-2.753710 140.714471,-2.754573 140.715467,-2.755145 140.715709,-2.755497 140.715978,-2.755497 140.716248,-2.755497 140.716248,-2.755768 140.717159,-2.756207 140.719919,-2.756415 140.720987,-2.756768 140.721100,-2.756583 140.718006,-2.753188 140.717057,-2.752515 140.716106,-2.752387 140.713864,-2.751986 140.710327,-2.751033 140.708581,-2.751987 140.707534,-2.752469 140.705638,-2.752355 140.703182,-2.750200 140.701280,-2.749131 140.699760,-2.747876 140.697776,-2.747503 140.696372,-2.747201 140.695904,-2.746674 140.695372,-2.746196 140.692386,-2.745844 140.689581,-2.744601 140.688071,-2.744248 140.687214,-2.743938 140.686113,-2.742196 140.686216,-2.740463 140.688088,-2.739368 140.689987,-2.737802 140.690642,-2.737599 140.690911,-2.737599 140.691990,-2.737600 140.691990,-2.737871 140.692259,-2.737871 140.692529,-2.737871 140.692529,-2.738142 140.694330,-2.739047 140.695817,-2.738845 140.697203,-2.736065 140.697382,-2.735974</coordinates></LinearRing></outerBoundaryIs><innerBoundaryIs><LinearRing><coordinates>140.694357,-2.737236 140.694593,-2.736999 140.694686,-2.737329 140.694357,-2.737236</coordinates></LinearRing></innerBoundaryIs><innerBoundaryIs><LinearRing><coordinates>140.683264,-2.744805 140.686778,-2.745090 140.689609,-2.746679 140.691451,-2.746961 140.693244,-2.747624 140.693104,-2.749366 140.694328,-2.750426 140.695154,-2.751391 140.695060,-2.752563 140.693245,-2.753873 140.692380,-2.754261 140.692255,-2.754407 140.691120,-2.754063 140.690316,-2.751093 140.688511,-2.748972 140.687886,-2.748430 140.685030,-2.748660 140.683905,-2.748244 140.682626,-2.745358 140.683264,-2.744805</coordinates></LinearRing></innerBoundaryIs><innerBoundaryIs><LinearRing><coordinates>140.695661,-2.748593 140.696629,-2.748359 140.696839,-2.748715 140.695661,-2.748593</coordinates></LinearRing></innerBoundaryIs><innerBoundaryIs><LinearRing><coordinates>140.717635,-2.755086 140.717209,-2.754531 140.716670,-2.754113 140.717748,-2.754260 140.718135,-2.755227 140.717635,-2.755086</coordinates></LinearRing></innerBoundaryIs></Polygon>
<Polygon><outerBoundaryIs><LinearRing><coordinates>140.772915,-2.733104 140.773405,-2.731925 140.772866,-2.731925 140.772866,-2.732196 140.772535,-2.732677 140.771248,-2.733009 140.770979,-2.733009 140.770868,-2.733169 140.769796,-2.733446 140.768822,-2.734093 140.768822,-2.734364 140.768822,-2.734906 140.768552,-2.734906 140.768867,-2.737449 140.768282,-2.737617 140.768282,-2.737888 140.768012,-2.737888 140.767892,-2.738488 140.767294,-2.738792 140.767022,-2.739332 140.766485,-2.739605 140.766394,-2.739785 140.767100,-2.739682 140.768115,-2.739347 140.769360,-2.739244 140.769360,-2.738159 140.769630,-2.738159 140.769503,-2.737203 140.769024,-2.734946 140.770757,-2.733694 140.771993,-2.734563 140.772915,-2.733104</coordinates></LinearRing></outerBoundaryIs></Polygon>
<Polygon><outerBoundaryIs><LinearRing><coordinates>140.661645,-2.735541 140.662219,-2.734763 140.662860,-2.733685 140.663567,-2.733136 140.664125,-2.732411 140.664035,-2.731801 140.662991,-2.731510 140.661402,-2.733578 140.660998,-2.734570 140.661161,-2.735680 140.661527,-2.735965 140.661645,-2.735541</coordinates></LinearRing></outerBoundaryIs></Polygon>
<Polygon><outerBoundaryIs><LinearRing><coordinates>140.648814,-2.731759 140.648602,-2.730808 140.647636,-2.731440 140.647290,-2.731944 140.646971,-2.732165 140.646971,-2.732436 140.646701,-2.732436 140.646162,-2.732436 140.646027,-2.732783 140.645893,-2.732436 140.644430,-2.732252 140.643886,-2.732772 140.644424,-2.734183 140.644544,-2.734604 140.644814,-2.734604 140.644813,-2.735147 140.645208,-2.735488 140.644894,-2.738984 140.644003,-2.739755 140.643819,-2.739841 140.643570,-2.740380 140.643464,-2.739484 140.642775,-2.738948 140.642269,-2.737704 140.641592,-2.736785 140.640331,-2.736973 140.638811,-2.738105 140.639690,-2.739482 140.639690,-2.739754 140.640229,-2.739754 140.640229,-2.740567 140.639959,-2.740567 140.639839,-2.741531 140.639300,-2.743429 140.640070,-2.746043 140.641171,-2.748001 140.642718,-2.748600 140.645584,-2.747917 140.647266,-2.748401 140.649058,-2.749094 140.650527,-2.748748 140.651400,-2.747197 140.651550,-2.747076 140.651550,-2.746263 140.652359,-2.746263 140.654972,-2.748561 140.657876,-2.748210 140.660049,-2.746680 140.661687,-2.745404 140.665516,-2.744820 140.665838,-2.745183 140.666735,-2.745019 140.667042,-2.743765 140.666073,-2.742391 140.662792,-2.742053 140.659731,-2.740922 140.657631,-2.742240 140.655594,-2.743016 140.653977,-2.744366 140.653168,-2.744908 140.652307,-2.744799 140.652090,-2.744366 140.650362,-2.744238 140.650656,-2.743109 140.652090,-2.742739 140.652090,-2.742468 140.652360,-2.742468 140.652629,-2.742468 140.652629,-2.742197 140.652899,-2.742197 140.653168,-2.742197 140.653169,-2.741926 140.653438,-2.741926 140.653438,-2.741655 140.653708,-2.741655 140.654247,-2.741384 140.654787,-2.739487 140.654787,-2.737860 140.654787,-2.737589 140.655057,-2.737589 140.654947,-2.735260 140.654240,-2.733689 140.652985,-2.733971 140.652164,-2.735165 140.651488,-2.737813 140.649244,-2.741213 140.648586,-2.741383 140.648141,-2.742273 140.648047,-2.738672 140.648048,-2.738130 140.648317,-2.738130 140.648317,-2.737587 140.648317,-2.737045 140.648587,-2.737045 140.648587,-2.735961 140.648857,-2.735961 140.648857,-2.735419 140.648858,-2.733250 140.648532,-2.733024 140.648814,-2.731759</coordinates></LinearRing></outerBoundaryIs><innerBoundaryIs><LinearRing><coordinates>140.646699,-2.733961 140.647909,-2.734855 140.647099,-2.737175 140.646632,-2.741581 140.647121,-2.743462 140.649309,-2.744502 140.650103,-2.745363 140.650057,-2.746528 140.649393,-2.747618 140.648444,-2.747487 140.647376,-2.747206 140.645943,-2.746862 140.643192,-2.746971 140.642139,-2.746928 140.641202,-2.745469 140.640843,-2.743952 140.640923,-2.741944 140.641818,-2.740244 140.642466,-2.740947 140.643380,-2.741542 140.644495,-2.741497 140.645542,-2.740361 140.646020,-2.739344 140.646817,-2.738602 140.646184,-2.734939 140.646699,-2.733961</coordinates></LinearRing></innerBoundaryIs><innerBoundaryIs><LinearRing><coordinates>140.654629,-2.745902 140.655721,-2.744495 140.658366,-2.743473 140.659591,-2.742613 140.661496,-2.742884 140.662760,-2.743692 140.660315,-2.744820 140.658971,-2.745866 140.657548,-2.746699 140.657211,-2.747078 140.654687,-2.746894 140.654629,-2.745902</coordinates></LinearRing></innerBoundaryIs><innerBoundaryIs><LinearRing><coordinates>140.653299,-2.740243 140.651953,-2.741245 140.651821,-2.741384 140.651150,-2.741164 140.651684,-2.739619 140.652185,-2.739135 140.652787,-2.737960 140.653388,-2.736101 140.653299,-2.740243</coordinates></LinearRing></innerBoundaryIs></Polygon>
<Polygon><outerBoundaryIs><LinearRing><coordinates>140.710054,-2.729200 140.709404,-2.729040 140.707681,-2.728818 140.706439,-2.729631 140.706010,-2.729742 140.706010,-2.730013 140.705740,-2.730013 140.705559,-2.730373 140.705022,-2.730646 140.704750,-2.731186 140.704213,-2.731459 140.704122,-2.731639 140.704661,-2.731639 140.706403,-2.733140 140.708166,-2.733266 140.708166,-2.732995 140.708705,-2.732995 140.708705,-2.732724 140.708975,-2.732724 140.708975,-2.732453 140.709244,-2.732453 140.709514,-2.732453 140.709514,-2.732182 140.709783,-2.732182 140.709783,-2.731911 140.710053,-2.731911 140.710323,-2.731911 140.710771,-2.731007 140.710862,-2.730285 140.710503,-2.730102 140.710054,-2.729200</coordinates></LinearRing></outerBoundaryIs><innerBoundaryIs><LinearRing><coordinates>140.706245,-2.731155 140.707991,-2.729631 140.709244,-2.729949 140.709438,-2.730817 140.708871,-2.731642 140.707737,-2.732292 140.707627,-2.732453 140.706468,-2.732153 140.706245,-2.731155</coordinates></LinearRing></innerBoundaryIs></Polygon>
<Polygon><outerBoundaryIs><LinearRing><coordinates>140.718261,-2.729052 140.718561,-2.728269 140.718723,-2.727184 140.717931,-2.728178 140.716254,-2.728660 140.716082,-2.728885 140.714242,-2.729641 140.714097,-2.730828 140.714367,-2.730828 140.714367,-2.731099 140.715295,-2.731521 140.716345,-2.731762 140.717871,-2.730861 140.718261,-2.729052</coordinates></LinearRing></outerBoundaryIs></Polygon>
<Polygon><outerBoundaryIs><LinearRing><coordinates>140.773811,-2.729375 140.776057,-2.728992 140.776371,-2.727859 140.776219,-2.727741 140.775984,-2.727435 140.775518,-2.727073 140.774215,-2.727588 140.774104,-2.727748 140.773115,-2.728435 140.772903,-2.729384 140.773246,-2.730730 140.773405,-2.730841 140.773811,-2.729375</coordinates></LinearRing></outerBoundaryIs></Polygon>
<Polygon><outerBoundaryIs><LinearRing><coordinates>140.721286,-2.725820 140.721168,-2.725440 140.720109,-2.725771 140.720207,-2.726089 140.721107,-2.726221 140.721286,-2.725820</coordinates></LinearRing></outerBoundaryIs></Polygon>
<Polygon><outerBoundaryIs><LinearRing><coordinates>140.791577,-2.721493 140.789768,-2.721247 140.789474,-2.722060 140.787863,-2.722309 140.788306,-2.724079 140.787964,-2.724879 140.788412,-2.724970 140.788772,-2.725151 140.790010,-2.725040 140.791912,-2.724571 140.793230,-2.723708 140.793356,-2.723525 140.793086,-2.722983 140.790929,-2.722982 140.790929,-2.723795 140.789042,-2.723795 140.789042,-2.722982 140.788651,-2.722654 140.789532,-2.722324 140.789851,-2.722711 140.791361,-2.722603 140.791577,-2.721493</coordinates></LinearRing></outerBoundaryIs></Polygon>
<Polygon><outerBoundaryIs><LinearRing><coordinates>140.811134,-2.723788 140.810457,-2.722054 140.810340,-2.720546 140.810408,-2.720072 140.810810,-2.719663 140.810879,-2.719190 140.810070,-2.719732 140.809641,-2.720385 140.809421,-2.720977 140.809261,-2.721088 140.809389,-2.722214 140.809960,-2.723096 140.810070,-2.723528 140.810070,-2.723799 140.810339,-2.723799 140.810339,-2.724612 140.810070,-2.724612 140.809908,-2.725262 140.808861,-2.724982 140.808722,-2.724070 140.808570,-2.723951 140.807976,-2.722491 140.806413,-2.722053 140.806296,-2.721900 140.805352,-2.722133 140.804409,-2.721900 140.804284,-2.722046 140.803319,-2.722478 140.802252,-2.724340 140.802607,-2.724506 140.801058,-2.724673 140.800904,-2.724339 140.800546,-2.724157 140.800274,-2.723617 140.800095,-2.723526 140.798892,-2.725464 140.799680,-2.726111 140.800634,-2.726237 140.800524,-2.726077 140.800147,-2.725815 140.801795,-2.725554 140.802714,-2.724916 140.803440,-2.723637 140.803600,-2.723527 140.803600,-2.723255 140.803869,-2.723255 140.804087,-2.722822 140.804948,-2.722713 140.806659,-2.722848 140.807644,-2.723614 140.808255,-2.726809 140.806834,-2.727051 140.806684,-2.727172 140.806301,-2.727653 140.806949,-2.728174 140.808993,-2.727384 140.810931,-2.726239 140.811148,-2.725968 140.810905,-2.725347 140.811134,-2.723788</coordinates></LinearRing></outerBoundaryIs></Polygon>
<Polygon><outerBoundaryIs><LinearRing><coordinates>140.813651,-2.717971 140.813306,-2.717835 140.813306,-2.718106 140.813651,-2.717971</coordinates></LinearRing></outerBoundaryIs></Polygon>
<Polygon><outerBoundaryIs><LinearRing><coordinates>140.956341,-2.716084 140.955865,-2.715271 140.954383,-2.715017 140.954540,-2.716287 140.956184,-2.716493 140.956341,-2.716084</coordinates></LinearRing></outerBoundaryIs></Polygon>
<Polygon><outerBoundaryIs><LinearRing><coordinates>140.824898,-2.712415 140.824629,-2.712415 140.824629,-2.712686 140.824898,-2.712686 140.824898,-2.712415</coordinates></LinearRing></outerBoundaryIs></Polygon>
<Polygon><outerBoundaryIs><LinearRing><coordinates>140.679705,-2.712817 140.679596,-2.712385 140.678373,-2.712231 140.677698,-2.712630 140.678517,-2.713740 140.680633,-2.714951 140.682043,-2.714595 140.682436,-2.713887 140.682685,-2.713325 140.682830,-2.713199 140.682830,-2.712657 140.682195,-2.712406 140.680674,-2.712657 140.680438,-2.713581 140.679705,-2.712817</coordinates></LinearRing></outerBoundaryIs></Polygon>
<Polygon><outerBoundaryIs><LinearRing><coordinates>140.636974,-2.708337 140.635271,-2.707678 140.632904,-2.707974 140.631223,-2.708456 140.630534,-2.708576 140.630534,-2.708847 140.629455,-2.708847 140.629799,-2.709278 140.632024,-2.709000 140.634053,-2.708376 140.635413,-2.708547 140.636584,-2.709000 140.638590,-2.709294 140.639160,-2.708579 140.638621,-2.708579 140.638351,-2.708957 140.638082,-2.708578 140.637812,-2.708578 140.636974,-2.708337</coordinates></LinearRing></outerBoundaryIs></Polygon>
<Polygon><outerBoundaryIs><LinearRing><coordinates>140.641318,-2.705597 140.641318,-2.705326 140.641048,-2.705326 140.641048,-2.705597 140.641318,-2.705597</coordinates></LinearRing></outerBoundaryIs></Polygon>
<Polygon><outerBoundaryIs><LinearRing><coordinates>140.630535,-2.705323 140.630535,-2.705052 140.629726,-2.705052 140.629726,-2.705323 140.630535,-2.705323</coordinates></LinearRing></outerBoundaryIs></Polygon>
<Polygon><outerBoundaryIs><LinearRing><coordinates>140.960535,-2.703999 140.959668,-2.703220 140.957377,-2.704178 140.954979,-2.706877 140.954567,-2.707005 140.954297,-2.707005 140.954204,-2.707183 140.953395,-2.707611 140.953843,-2.708538 140.954836,-2.708632 140.955048,-2.708211 140.955645,-2.708090 140.956184,-2.708090 140.957951,-2.707969 140.959419,-2.707548 140.960073,-2.706484 140.960535,-2.703999</coordinates></LinearRing></outerBoundaryIs><innerBoundaryIs><LinearRing><coordinates>140.956907,-2.706859 140.956816,-2.706118 140.958896,-2.704445 140.959173,-2.706064 140.958191,-2.706855 140.958071,-2.707005 140.956907,-2.706859</coordinates></LinearRing></innerBoundaryIs></Polygon>
<Polygon><outerBoundaryIs><LinearRing><coordinates>140.989882,-2.704295 140.987868,-2.702525 140.987062,-2.701999 140.986916,-2.704024 140.987076,-2.704677 140.987186,-2.705922 140.987456,-2.705922 140.987456,-2.706464 140.987725,-2.706464 140.987725,-2.706735 140.987995,-2.706735 140.987995,-2.707006 140.988534,-2.707006 140.988534,-2.707277 140.989732,-2.707428 140.991230,-2.707548 140.992180,-2.707282 140.994143,-2.706420 140.993657,-2.705610 140.990925,-2.705143 140.990690,-2.704837 140.990421,-2.704837 140.990151,-2.704837 140.990151,-2.704566 140.989882,-2.704566 140.989882,-2.704295</coordinates></LinearRing></outerBoundaryIs><innerBoundaryIs><LinearRing><coordinates>140.988266,-2.704742 140.988682,-2.704680 140.988921,-2.704990 140.989740,-2.705626 140.989882,-2.706464 140.988483,-2.706225 140.988266,-2.704742</coordinates></LinearRing></innerBoundaryIs></Polygon>
<Polygon><outerBoundaryIs><LinearRing><coordinates>140.630535,-2.705323 140.630466,-2.705525 140.628437,-2.705663 140.628053,-2.706063 140.630535,-2.706136 140.630535,-2.705865 140.630804,-2.705865 140.631613,-2.705866 140.631716,-2.705698 140.633729,-2.705017 140.634381,-2.703953 140.633152,-2.703532 140.630638,-2.703322 140.630535,-2.703154 140.629996,-2.703154 140.629457,-2.703154 140.629457,-2.702883 140.629188,-2.702883 140.629188,-2.702612 140.628470,-2.702249 140.628289,-2.700358 140.628649,-2.699630 140.628650,-2.699359 140.628919,-2.699359 140.628765,-2.698172 140.626763,-2.698003 140.626224,-2.698002 140.626224,-2.698816 140.626603,-2.698976 140.627461,-2.699198 140.627693,-2.702397 140.628345,-2.703348 140.630029,-2.704315 140.630535,-2.705052 140.631720,-2.705188 140.630535,-2.705323</coordinates></LinearRing></outerBoundaryIs><innerBoundaryIs><LinearRing><coordinates>140.632691,-2.705053 140.632072,-2.704943 140.632545,-2.704708 140.632691,-2.705053</coordinates></LinearRing></innerBoundaryIs></Polygon>
<Polygon><outerBoundaryIs><LinearRing><coordinates>140.794870,-2.694716 140.794628,-2.695181 140.794978,-2.695332 140.794870,-2.694716</coordinates></LinearRing></outerBoundaryIs></Polygon>
<Polygon><outerBoundaryIs><LinearRing><coordinates>140.675822,-2.711029 140.676091,-2.711029 140.676211,-2.710607 140.677479,-2.709092 140.677593,-2.708173 140.676482,-2.706300 140.676242,-2.705728 140.674783,-2.704035 140.674356,-2.703016 140.673548,-2.701633 140.673857,-2.699925 140.674207,-2.699643 140.674912,-2.698725 140.675825,-2.698017 140.676574,-2.697143 140.678244,-2.695697 140.678916,-2.694619 140.679220,-2.694356 140.678750,-2.694097 140.675921,-2.694875 140.674677,-2.695572 140.673959,-2.696410 140.673524,-2.696786 140.673029,-2.697363 140.672381,-2.699527 140.672495,-2.700953 140.673270,-2.701625 140.673522,-2.704397 140.674890,-2.706275 140.675671,-2.707529 140.674560,-2.710568 140.673935,-2.710757 140.673665,-2.711135 140.673396,-2.710757 140.672338,-2.710093 140.670658,-2.709818 140.668946,-2.711815 140.667876,-2.714226 140.666665,-2.714676 140.664039,-2.713563 140.663027,-2.710880 140.662656,-2.710210 140.661455,-2.709815 140.659522,-2.710899 140.658721,-2.711258 140.657532,-2.712646 140.657947,-2.713396 140.659110,-2.713918 140.659771,-2.714912 140.658936,-2.716903 140.657758,-2.717259 140.657758,-2.717530 140.657489,-2.717530 140.656528,-2.717411 140.655661,-2.716765 140.655115,-2.713526 140.653815,-2.712517 140.652368,-2.712378 140.651381,-2.712286 140.651020,-2.712106 140.650751,-2.712106 140.650751,-2.711835 140.650481,-2.711835 140.648478,-2.711492 140.648325,-2.711292 140.647921,-2.711494 140.647341,-2.711209 140.647247,-2.711021 140.646776,-2.710952 140.645969,-2.710145 140.645899,-2.709665 140.645899,-2.709394 140.645630,-2.709394 140.645630,-2.709123 140.645630,-2.708310 140.645471,-2.708199 140.645145,-2.706920 140.644393,-2.705759 140.644283,-2.705327 140.643286,-2.704664 140.642036,-2.704403 140.641587,-2.705055 140.642547,-2.704819 140.642665,-2.705869 140.643766,-2.706323 140.644430,-2.707890 140.644950,-2.710253 140.646331,-2.711926 140.649251,-2.712256 140.651648,-2.713285 140.653756,-2.713663 140.654132,-2.714670 140.654551,-2.717038 140.655437,-2.718594 140.655509,-2.719302 140.652219,-2.719549 140.650512,-2.720531 140.648036,-2.720784 140.643811,-2.720239 140.642232,-2.719330 140.640170,-2.718550 140.639157,-2.718446 140.636878,-2.718679 140.634158,-2.717942 140.632418,-2.717251 140.632509,-2.717974 140.632687,-2.718336 140.633227,-2.718336 140.633227,-2.718607 140.634694,-2.719029 140.635802,-2.719271 140.635922,-2.719421 140.639157,-2.719422 140.639427,-2.719422 140.640235,-2.719422 140.640235,-2.719693 140.640774,-2.719694 140.640774,-2.719965 140.641044,-2.719965 140.641583,-2.719965 140.641583,-2.720236 140.642002,-2.720357 140.643869,-2.721168 140.646046,-2.721442 140.646165,-2.721593 140.646705,-2.721593 140.648187,-2.721838 140.649670,-2.721594 140.650209,-2.721323 140.651716,-2.721213 140.652366,-2.720781 140.652366,-2.720239 140.653175,-2.720239 140.653444,-2.720240 140.653444,-2.720511 140.655070,-2.720672 140.656137,-2.720349 140.657453,-2.719611 140.659790,-2.718760 140.661444,-2.717723 140.662756,-2.717135 140.664689,-2.716051 140.667225,-2.716397 140.667733,-2.716991 140.668272,-2.716991 140.668272,-2.717262 140.668542,-2.717262 140.668541,-2.717533 140.668811,-2.717533 140.668811,-2.717804 140.668811,-2.718075 140.669373,-2.718466 140.669619,-2.719431 140.669889,-2.719431 140.669889,-2.719973 140.671114,-2.720788 140.671893,-2.720247 140.672156,-2.719542 140.672315,-2.719432 140.672315,-2.719160 140.672163,-2.719042 140.671651,-2.717783 140.671507,-2.717263 140.671149,-2.717080 140.670968,-2.716720 140.671075,-2.715984 140.671880,-2.713571 140.672047,-2.713468 140.672047,-2.712925 140.672317,-2.712926 140.672819,-2.712295 140.674893,-2.711992 140.675822,-2.711571 140.675822,-2.711300 140.675822,-2.711029</coordinates></LinearRing></outerBoundaryIs><innerBoundaryIs><LinearRing><coordinates>140.669413,-2.713085 140.670459,-2.711723 140.671023,-2.712062 140.670376,-2.715139 140.670007,-2.715754 140.669620,-2.716720 140.668424,-2.715898 140.668660,-2.715211 140.668964,-2.714704 140.669413,-2.713085</coordinates></LinearRing></innerBoundaryIs><innerBoundaryIs><LinearRing><coordinates>140.663229,-2.714959 140.662342,-2.716176 140.661161,-2.716020 140.660331,-2.712189 140.661363,-2.711185 140.662238,-2.711944 140.662737,-2.713611 140.663229,-2.714959</coordinates></LinearRing></innerBoundaryIs></Polygon>
<Polygon><outerBoundaryIs><LinearRing><coordinates>140.796326,-2.693706 140.796326,-2.693435 140.795787,-2.693434 140.795787,-2.693706 140.796326,-2.693706</coordinates></LinearRing></outerBoundaryIs></Polygon>
<Polygon><outerBoundaryIs><LinearRing><coordinates>140.980106,-2.694537 140.979817,-2.693341 140.979142,-2.694323 140.979725,-2.695223 140.979907,-2.695349 140.980106,-2.694537</coordinates></LinearRing></outerBoundaryIs></Polygon>
<Polygon><outerBoundaryIs><LinearRing><coordinates>140.687151,-2.690451 140.683995,-2.690027 140.683246,-2.690840 140.683106,-2.690970 140.683105,-2.691513 140.682836,-2.691513 140.682701,-2.691860 140.682566,-2.691512 140.681621,-2.691371 140.680460,-2.691676 140.679201,-2.693808 140.686723,-2.693510 140.688626,-2.691826 140.687151,-2.690451</coordinates></LinearRing></outerBoundaryIs><innerBoundaryIs><LinearRing><coordinates>140.684943,-2.691121 140.686994,-2.691792 140.685921,-2.692447 140.685801,-2.692598 140.684333,-2.692413 140.684943,-2.691121</coordinates></LinearRing></innerBoundaryIs></Polygon>
<Polygon><outerBoundaryIs><LinearRing><coordinates>140.936401,-2.688947 140.935686,-2.688327 140.934061,-2.688458 140.931530,-2.690262 140.931259,-2.691016 140.933681,-2.692368 140.936160,-2.693047 140.936506,-2.693450 140.937138,-2.693613 140.937584,-2.694263 140.937853,-2.694263 140.937853,-2.694534 140.938123,-2.694534 140.938123,-2.694806 140.938393,-2.694806 140.938393,-2.695077 140.938662,-2.695077 140.938662,-2.695348 140.938662,-2.695619 140.940549,-2.696509 140.944070,-2.695499 140.946477,-2.695830 140.947235,-2.697128 140.947053,-2.698603 140.947288,-2.700499 140.947683,-2.700880 140.946210,-2.701041 140.944314,-2.701235 140.943601,-2.702067 140.943665,-2.702873 140.944198,-2.703335 140.944323,-2.703481 140.944592,-2.703481 140.944592,-2.703752 140.944862,-2.703752 140.945132,-2.703752 140.945132,-2.704023 140.945401,-2.704023 140.945671,-2.704023 140.945671,-2.704294 140.946210,-2.704294 140.946210,-2.704565 140.946479,-2.704565 140.946749,-2.704565 140.946749,-2.704836 140.948367,-2.704836 140.949175,-2.704836 140.949175,-2.704565 140.949984,-2.704565 140.950344,-2.704385 140.950793,-2.704294 140.951207,-2.704083 140.951423,-2.703125 140.950883,-2.702034 140.950793,-2.701583 140.950435,-2.701401 140.950254,-2.701041 140.949984,-2.701041 140.949984,-2.700770 140.949715,-2.700770 140.949715,-2.700499 140.949445,-2.700499 140.949445,-2.700228 140.949175,-2.700228 140.949175,-2.699957 140.949175,-2.699686 140.948796,-2.699402 140.949330,-2.697130 140.949445,-2.695619 140.949445,-2.693993 140.949288,-2.692441 140.947052,-2.691970 140.945985,-2.692568 140.945007,-2.694138 140.944593,-2.694264 140.944147,-2.694913 140.943515,-2.693993 140.943370,-2.693867 140.941863,-2.691756 140.940600,-2.690662 140.938518,-2.690343 140.937313,-2.690011 140.936401,-2.688947</coordinates></LinearRing></outerBoundaryIs><innerBoundaryIs><LinearRing><coordinates>140.933416,-2.691318 140.933723,-2.690090 140.935506,-2.689946 140.935895,-2.691010 140.935697,-2.691552 140.933416,-2.691318</coordinates></LinearRing></innerBoundaryIs><innerBoundaryIs><LinearRing><coordinates>140.937729,-2.692526 140.939135,-2.691698 140.940410,-2.692012 140.942006,-2.693394 140.942101,-2.694585 140.941628,-2.695348 140.939617,-2.695205 140.937729,-2.692526</coordinates></LinearRing></innerBoundaryIs><innerBoundaryIs><LinearRing><coordinates>140.947211,-2.695269 140.946355,-2.694055 140.946735,-2.693325 140.948208,-2.693707 140.948367,-2.695619 140.947211,-2.695269</coordinates></LinearRing></innerBoundaryIs><innerBoundaryIs><LinearRing><coordinates>140.945606,-2.702980 140.945442,-2.702244 140.947448,-2.702015 140.948731,-2.701473 140.949776,-2.701856 140.950177,-2.703160 140.949396,-2.703702 140.949175,-2.704023 140.946969,-2.703904 140.945606,-2.702980</coordinates></LinearRing></innerBoundaryIs></Polygon>
<Polygon><outerBoundaryIs><LinearRing><coordinates>140.979835,-2.685999 140.979506,-2.687355 140.978961,-2.687620 140.978697,-2.687897 140.978389,-2.688195 140.975698,-2.688140 140.974654,-2.690587 140.978560,-2.690741 140.978692,-2.690602 140.979236,-2.690337 140.979771,-2.690059 140.979835,-2.685999</coordinates></LinearRing></outerBoundaryIs></Polygon>
<Polygon><outerBoundaryIs><LinearRing><coordinates>140.681759,-2.684464 140.681603,-2.683507 140.682029,-2.682567 140.681900,-2.680893 140.680935,-2.680495 140.680082,-2.680622 140.679611,-2.682863 140.679872,-2.684464 140.680142,-2.684464 140.680142,-2.684735 140.680411,-2.684735 140.680411,-2.685006 140.680681,-2.685006 140.680681,-2.685277 140.681642,-2.684888 140.681759,-2.684464</coordinates></LinearRing></outerBoundaryIs></Polygon>
<Polygon><outerBoundaryIs><LinearRing><coordinates>140.973591,-2.680570 140.972664,-2.679986 140.971346,-2.680092 140.970805,-2.681311 140.971426,-2.682191 140.971551,-2.682879 140.971442,-2.683744 140.971012,-2.683963 140.970362,-2.684951 140.971348,-2.685468 140.972249,-2.685700 140.972360,-2.685861 140.972899,-2.685861 140.973168,-2.685861 140.973168,-2.686132 140.974268,-2.686733 140.974786,-2.687487 140.975055,-2.687487 140.975055,-2.687216 140.975325,-2.687216 140.975482,-2.687095 140.975395,-2.686502 140.974516,-2.685319 140.974247,-2.685319 140.974247,-2.685048 140.973977,-2.685048 140.973977,-2.684234 140.973798,-2.684143 140.973347,-2.683241 140.972989,-2.683059 140.972899,-2.682337 140.972269,-2.682016 140.972466,-2.681578 140.972899,-2.681794 140.973591,-2.680570</coordinates></LinearRing></outerBoundaryIs></Polygon>
<Polygon><outerBoundaryIs><LinearRing><coordinates>140.844744,-2.678458 140.844501,-2.678923 140.844851,-2.679074 140.844744,-2.678458</coordinates></LinearRing></outerBoundaryIs></Polygon>
<Polygon><outerBoundaryIs><LinearRing><coordinates>140.962116,-2.679625 140.962116,-2.679354 140.961915,-2.679285 140.961778,-2.678610 140.961176,-2.677998 140.960699,-2.678472 140.960229,-2.678541 140.960229,-2.678812 140.959959,-2.678812 140.959026,-2.680316 140.959275,-2.681398 140.959959,-2.682607 140.960498,-2.682607 140.960498,-2.683150 140.960768,-2.683150 140.960768,-2.683692 140.961037,-2.683692 140.961037,-2.684505 140.961037,-2.684776 140.960768,-2.684776 140.960643,-2.685193 140.960210,-2.686379 140.960404,-2.688815 140.962542,-2.689303 140.967155,-2.688918 140.970006,-2.685382 140.968980,-2.684922 140.968855,-2.684776 140.968585,-2.684776 140.968316,-2.684776 140.968316,-2.684505 140.968046,-2.684505 140.967777,-2.684505 140.967777,-2.684234 140.967507,-2.684234 140.967149,-2.684052 140.966968,-2.683692 140.965787,-2.682805 140.964659,-2.682489 140.964542,-2.682336 140.963681,-2.682227 140.963464,-2.681794 140.963304,-2.681683 140.962568,-2.680611 140.962385,-2.679897 140.962116,-2.679897 140.962116,-2.679625</coordinates></LinearRing></outerBoundaryIs><innerBoundaryIs><LinearRing><coordinates>140.960109,-2.680854 140.960451,-2.680047 140.961100,-2.680382 140.961697,-2.681131 140.961996,-2.681373 140.962457,-2.682473 140.963881,-2.683519 140.965300,-2.683827 140.963470,-2.684225 140.962495,-2.685452 140.962805,-2.685981 140.963240,-2.687020 140.964910,-2.687745 140.966279,-2.687574 140.966039,-2.687909 140.963314,-2.688150 140.963194,-2.688300 140.961487,-2.687854 140.961313,-2.686447 140.961726,-2.685740 140.961966,-2.685168 140.962271,-2.684645 140.961726,-2.682728 140.960109,-2.680854</coordinates></LinearRing></innerBoundaryIs><innerBoundaryIs><LinearRing><coordinates>140.963643,-2.686018 140.964067,-2.685227 140.964877,-2.685453 140.964542,-2.686132 140.963643,-2.686018</coordinates></LinearRing></innerBoundaryIs></Polygon>
<Polygon><outerBoundaryIs><LinearRing><coordinates>140.903633,-2.677837 140.902426,-2.677935 140.902955,-2.678392 140.903284,-2.678777 140.903618,-2.679893 140.903618,-2.680436 140.902149,-2.682030 140.898356,-2.684090 140.897558,-2.684682 140.898636,-2.686258 140.899420,-2.687480 140.900217,-2.687885 140.903524,-2.686387 140.904992,-2.682881 140.907038,-2.681553 140.906713,-2.680305 140.906445,-2.678891 140.905635,-2.678137 140.905506,-2.677996 140.905236,-2.677996 140.903633,-2.677837</coordinates></LinearRing></outerBoundaryIs></Polygon>
<Polygon><outerBoundaryIs><LinearRing><coordinates>140.908292,-2.677816 140.908650,-2.677634 140.908656,-2.676550 140.907531,-2.677112 140.907302,-2.677882 140.908201,-2.677996 140.908292,-2.677816</coordinates></LinearRing></outerBoundaryIs></Polygon>
<Polygon><outerBoundaryIs><LinearRing><coordinates>140.955377,-2.674203 140.954940,-2.674100 140.954703,-2.673399 140.954281,-2.674644 140.954760,-2.675719 140.955710,-2.676308 140.955916,-2.676643 140.956185,-2.676643 140.956903,-2.677005 140.956994,-2.677185 140.958072,-2.677457 140.959032,-2.677209 140.959640,-2.676323 140.959959,-2.676101 140.959959,-2.675559 140.960229,-2.675559 140.960229,-2.675288 140.960768,-2.675288 140.960768,-2.675017 140.961577,-2.675017 140.961577,-2.675288 140.962116,-2.675559 140.962779,-2.675987 140.963232,-2.675920 140.962935,-2.673899 140.960944,-2.673543 140.959572,-2.674085 140.958729,-2.674322 140.958494,-2.674628 140.957803,-2.674746 140.957803,-2.675017 140.955916,-2.675017 140.955916,-2.674746 140.955646,-2.674746 140.955377,-2.674746 140.955377,-2.674203</coordinates></LinearRing></outerBoundaryIs></Polygon>
<Polygon><outerBoundaryIs><LinearRing><coordinates>140.731364,-2.668753 140.730715,-2.668913 140.727590,-2.669023 140.727470,-2.669716 140.726214,-2.672445 140.726811,-2.673195 140.728129,-2.673360 140.729476,-2.672277 140.729597,-2.671676 140.730016,-2.671464 140.730016,-2.671192 140.730285,-2.671193 140.730406,-2.670592 140.730824,-2.670379 140.730825,-2.669837 140.731094,-2.669837 140.731364,-2.668753</coordinates></LinearRing></outerBoundaryIs><innerBoundaryIs><LinearRing><coordinates>140.728745,-2.670541 140.729089,-2.669525 140.729207,-2.670650 140.728745,-2.670541</coordinates></LinearRing></innerBoundaryIs></Polygon>
<Polygon><outerBoundaryIs><LinearRing><coordinates>140.763082,-2.663007 140.762845,-2.663245 140.763174,-2.663338 140.763082,-2.663007</coordinates></LinearRing></outerBoundaryIs></Polygon>
<Polygon><outerBoundaryIs><LinearRing><coordinates>140.778920,-2.661283 140.779508,-2.661061 140.779845,-2.660156 140.779633,-2.659435 140.778043,-2.659793 140.777621,-2.660641 140.778809,-2.661443 140.778920,-2.661283</coordinates></LinearRing></outerBoundaryIs></Polygon>
<Polygon><outerBoundaryIs><LinearRing><coordinates>140.673232,-2.661513 140.673409,-2.661420 140.673409,-2.661148 140.673409,-2.660877 140.673678,-2.660877 140.673679,-2.660606 140.673555,-2.659302 140.672863,-2.658765 140.671701,-2.658937 140.671034,-2.659807 140.671252,-2.661148 140.671605,-2.661335 140.671903,-2.661904 140.672812,-2.662315 140.673232,-2.661513</coordinates></LinearRing></outerBoundaryIs></Polygon>
<Polygon><outerBoundaryIs><LinearRing><coordinates>140.773819,-2.662930 140.774634,-2.662394 140.774930,-2.662084 140.775692,-2.660505 140.773522,-2.658024 140.771809,-2.658059 140.770590,-2.660424 140.772046,-2.662838 140.773687,-2.663069 140.773819,-2.662930</coordinates></LinearRing></outerBoundaryIs></Polygon>
<Polygon><outerBoundaryIs><LinearRing><coordinates>140.780551,-2.656491 140.780077,-2.656725 140.780697,-2.656835 140.780551,-2.656491</coordinates></LinearRing></outerBoundaryIs></Polygon>
<Polygon><outerBoundaryIs><LinearRing><coordinates>140.739833,-2.657091 140.738767,-2.656350 140.738645,-2.656827 140.738824,-2.657189 140.738914,-2.657911 140.739184,-2.657911 140.739184,-2.658182 140.739613,-2.658072 140.739833,-2.657091</coordinates></LinearRing></outerBoundaryIs></Polygon>
<Polygon><outerBoundaryIs><LinearRing><coordinates>140.950795,-2.660649 140.950599,-2.659849 140.951015,-2.659244 140.951334,-2.659022 140.951439,-2.658586 140.951962,-2.657385 140.951662,-2.656310 140.950668,-2.655934 140.950150,-2.656748 140.949986,-2.656853 140.949986,-2.657396 140.949447,-2.657396 140.949227,-2.657716 140.948008,-2.658563 140.947661,-2.659982 140.948638,-2.661462 140.948907,-2.661462 140.948907,-2.661733 140.949559,-2.662277 140.949297,-2.664858 140.949863,-2.666194 140.949986,-2.666613 140.950255,-2.666613 140.950255,-2.666884 140.950407,-2.667273 140.950772,-2.669012 140.952177,-2.670102 140.952412,-2.670408 140.952951,-2.670408 140.952951,-2.670950 140.953246,-2.671179 140.953877,-2.672730 140.954568,-2.672848 140.954689,-2.672248 140.955107,-2.672035 140.955420,-2.670755 140.954851,-2.669877 140.952827,-2.669354 140.952681,-2.668782 140.951812,-2.668178 140.952362,-2.667376 140.952681,-2.667155 140.952681,-2.666884 140.952951,-2.666884 140.953110,-2.666231 140.953221,-2.664173 140.952862,-2.663991 140.952681,-2.663631 140.952412,-2.663631 140.952412,-2.663360 140.952142,-2.663360 140.952142,-2.663089 140.951603,-2.663089 140.951603,-2.662546 140.951334,-2.662546 140.951334,-2.662275 140.951334,-2.662004 140.950977,-2.661727 140.950795,-2.660649</coordinates></LinearRing></outerBoundaryIs><innerBoundaryIs><LinearRing><coordinates>140.950701,-2.665444 140.950415,-2.664159 140.951665,-2.664448 140.952045,-2.665680 140.951713,-2.665910 140.951603,-2.666071 140.950701,-2.665444</coordinates></LinearRing></innerBoundaryIs></Polygon>
<Polygon><outerBoundaryIs><LinearRing><coordinates>140.781129,-2.655677 140.780886,-2.656142 140.781236,-2.656293 140.781129,-2.655677</coordinates></LinearRing></outerBoundaryIs></Polygon>
<Polygon><outerBoundaryIs><LinearRing><coordinates>140.939743,-2.647907 140.939321,-2.647789 140.937740,-2.647164 140.937586,-2.647365 140.937407,-2.647727 140.937317,-2.648449 140.937471,-2.648565 140.938378,-2.651169 140.939292,-2.651738 140.941688,-2.651323 140.942169,-2.651974 140.942356,-2.652069 140.942652,-2.652678 140.942438,-2.652787 140.942438,-2.653329 140.942556,-2.655538 140.943625,-2.655779 140.944864,-2.654956 140.944864,-2.654685 140.945134,-2.654685 140.945134,-2.654413 140.945403,-2.654413 140.945673,-2.654413 140.945891,-2.654107 140.947961,-2.654518 140.948099,-2.653329 140.947560,-2.653329 140.947560,-2.653058 140.946092,-2.652365 140.944800,-2.652084 140.942828,-2.650498 140.942588,-2.650196 140.940935,-2.648932 140.940551,-2.648449 140.940282,-2.648449 140.940012,-2.648449 140.940012,-2.648178 140.939743,-2.648178 140.939743,-2.647907</coordinates></LinearRing></outerBoundaryIs></Polygon>
<Polygon><outerBoundaryIs><LinearRing><coordinates>140.670178,-2.645154 140.670178,-2.644882 140.670448,-2.644883 140.670668,-2.644020 140.670987,-2.643798 140.670987,-2.643527 140.671151,-2.643078 140.671104,-2.642482 140.669654,-2.642599 140.668199,-2.643415 140.668022,-2.645153 140.668022,-2.645424 140.668291,-2.645424 140.668291,-2.648406 140.668290,-2.648677 140.668290,-2.648948 140.668021,-2.648948 140.668021,-2.649219 140.667677,-2.651322 140.668172,-2.652590 140.668289,-2.653286 140.668559,-2.653286 140.668559,-2.654099 140.668558,-2.654641 140.668708,-2.654762 140.669389,-2.656388 140.670157,-2.655397 140.669518,-2.651399 140.669758,-2.650696 140.669907,-2.650575 140.670177,-2.648409 140.669873,-2.645942 140.670178,-2.645696 140.670178,-2.645154</coordinates></LinearRing></outerBoundaryIs></Polygon>
<Polygon><outerBoundaryIs><LinearRing><coordinates>140.777286,-2.641473 140.777732,-2.641247 140.777030,-2.640890 140.776835,-2.641470 140.777196,-2.641653 140.777286,-2.641473</coordinates></LinearRing></outerBoundaryIs></Polygon>
<Polygon><outerBoundaryIs><LinearRing><coordinates>140.922491,-2.636520 140.922601,-2.637223 140.923459,-2.638529 140.923569,-2.638960 140.923569,-2.639231 140.924000,-2.639450 140.924108,-2.640316 140.924378,-2.640316 140.924378,-2.640587 140.924592,-2.641020 140.924199,-2.641220 140.923947,-2.641721 140.923839,-2.640858 140.923072,-2.640626 140.921413,-2.638689 140.919992,-2.638127 140.918516,-2.638710 140.917572,-2.639940 140.917908,-2.641400 140.918178,-2.641400 140.918178,-2.641671 140.919321,-2.642558 140.919526,-2.643297 140.919899,-2.644211 140.919256,-2.644382 140.919256,-2.644653 140.918986,-2.644653 140.918447,-2.644653 140.917908,-2.644653 140.917908,-2.644382 140.917639,-2.644382 140.917369,-2.644382 140.917369,-2.644110 140.917084,-2.643855 140.916584,-2.642226 140.915481,-2.641543 140.913083,-2.642188 140.912062,-2.643803 140.912148,-2.645250 140.913984,-2.646900 140.914353,-2.647708 140.914134,-2.647906 140.914134,-2.648719 140.913864,-2.648719 140.913667,-2.649029 140.912471,-2.649367 140.911027,-2.648902 140.910082,-2.648143 140.908199,-2.647264 140.906856,-2.647905 140.906856,-2.648447 140.906316,-2.648447 140.906187,-2.648588 140.904131,-2.648917 140.903108,-2.649461 140.900360,-2.649351 140.899288,-2.649860 140.896752,-2.652223 140.897011,-2.653467 140.897507,-2.654891 140.896969,-2.655393 140.895767,-2.657264 140.894245,-2.658317 140.893511,-2.658346 140.891417,-2.658263 140.891090,-2.658617 140.888721,-2.658996 140.888295,-2.660218 140.889702,-2.660274 140.891122,-2.659179 140.892211,-2.659136 140.894864,-2.659420 140.896908,-2.660141 140.899761,-2.658889 140.900778,-2.659958 140.901593,-2.661953 140.901192,-2.663082 140.898118,-2.666529 140.898044,-2.668407 140.898399,-2.669908 140.900255,-2.670264 140.900644,-2.670686 140.904298,-2.671078 140.904428,-2.671219 140.905093,-2.671390 140.905236,-2.672303 140.905236,-2.672574 140.904967,-2.672574 140.904967,-2.672845 140.904578,-2.673411 140.903619,-2.673658 140.903528,-2.674109 140.902901,-2.674291 140.902628,-2.674834 140.901553,-2.674651 140.901281,-2.674111 140.900565,-2.673747 140.900384,-2.673387 140.900114,-2.673387 140.900114,-2.673116 140.899067,-2.672303 140.898767,-2.671218 140.898615,-2.671100 140.898380,-2.670794 140.897264,-2.670558 140.895018,-2.671216 140.894184,-2.672302 140.894184,-2.672573 140.894548,-2.672856 140.894001,-2.676091 140.893644,-2.676368 140.893404,-2.676670 140.891757,-2.677995 140.890306,-2.679950 140.890145,-2.681043 140.890796,-2.681548 140.890292,-2.683027 140.890139,-2.683145 140.890139,-2.683416 140.889870,-2.683416 140.889600,-2.683416 140.889600,-2.683687 140.887983,-2.683687 140.887865,-2.683840 140.886323,-2.684475 140.885743,-2.685230 140.885287,-2.685585 140.885287,-2.685856 140.885017,-2.685856 140.884799,-2.686289 140.883939,-2.686398 140.883804,-2.686745 140.883669,-2.686398 140.882929,-2.686329 140.881582,-2.684979 140.881513,-2.684500 140.881243,-2.684500 140.881243,-2.684229 140.878942,-2.684354 140.877469,-2.684500 140.877249,-2.685362 140.876930,-2.685584 140.876930,-2.686126 140.876391,-2.686126 140.875853,-2.686753 140.874136,-2.687226 140.871434,-2.686019 140.870279,-2.687020 140.870999,-2.688294 140.870999,-2.688836 140.870999,-2.689107 140.870729,-2.689107 140.870729,-2.689378 140.870190,-2.689378 140.869793,-2.689532 140.868995,-2.689432 140.867696,-2.690200 140.867308,-2.693315 140.866394,-2.694574 140.865607,-2.694800 140.865482,-2.694945 140.864114,-2.695738 140.862179,-2.697348 140.861293,-2.697510 140.861024,-2.697510 140.860889,-2.697857 140.860754,-2.697510 140.860485,-2.697510 140.859857,-2.697273 140.858646,-2.697397 140.857936,-2.698584 140.858519,-2.699608 140.860153,-2.700091 140.860484,-2.700492 140.861340,-2.700758 140.862217,-2.702381 140.860970,-2.704352 140.860087,-2.704972 140.857484,-2.705380 140.856762,-2.706420 140.856956,-2.709702 140.856176,-2.710580 140.854807,-2.711455 140.852863,-2.714148 140.851998,-2.714460 140.849898,-2.714951 140.848503,-2.716204 140.848404,-2.717867 140.849698,-2.719324 140.850823,-2.719021 140.853927,-2.717822 140.856364,-2.716396 140.857649,-2.714950 140.859120,-2.713804 140.862225,-2.712107 140.864130,-2.711750 140.867192,-2.710395 140.868174,-2.710651 140.870118,-2.711464 140.871421,-2.711021 140.872726,-2.709552 140.873154,-2.709168 140.873424,-2.708864 140.875897,-2.708179 140.878289,-2.706872 140.878957,-2.707128 140.879939,-2.707664 140.882052,-2.707791 140.885951,-2.706586 140.887685,-2.706315 140.889380,-2.705703 140.892079,-2.705865 140.892706,-2.704705 140.893352,-2.703289 140.896508,-2.700686 140.897795,-2.700608 140.897863,-2.701750 140.895402,-2.703961 140.895745,-2.706062 140.896763,-2.706618 140.897721,-2.706561 140.898621,-2.706976 140.898097,-2.707416 140.896465,-2.707672 140.893953,-2.709946 140.891216,-2.711209 140.890009,-2.713379 140.888989,-2.714849 140.888915,-2.716083 140.888963,-2.716896 140.888903,-2.717912 140.889544,-2.719316 140.890646,-2.719382 140.891975,-2.718449 140.893197,-2.719013 140.893768,-2.720070 140.893472,-2.722063 140.890829,-2.725109 140.890758,-2.726310 140.891299,-2.726919 140.892920,-2.726440 140.895171,-2.724430 140.897630,-2.724959 140.899126,-2.724268 140.902125,-2.721498 140.903892,-2.720209 140.904297,-2.719073 140.904638,-2.717237 140.906578,-2.714736 140.906993,-2.714992 140.907369,-2.716619 140.912639,-2.716350 140.912711,-2.715134 140.911850,-2.711899 140.912385,-2.710399 140.912670,-2.709470 140.913621,-2.707711 140.914512,-2.705760 140.914939,-2.705377 140.914939,-2.705106 140.915208,-2.705106 140.915493,-2.704748 140.917338,-2.703621 140.919993,-2.703233 140.920720,-2.701841 140.920050,-2.700695 140.918125,-2.699334 140.917905,-2.698057 140.917905,-2.697786 140.917905,-2.697244 140.918174,-2.697244 140.918458,-2.695406 140.917847,-2.694693 140.914815,-2.694382 140.915201,-2.691876 140.915604,-2.691405 140.915748,-2.691280 140.916956,-2.689602 140.917333,-2.686830 140.918800,-2.686772 140.919591,-2.687509 140.920185,-2.688638 140.918314,-2.691370 140.918670,-2.693301 140.920106,-2.693358 140.921539,-2.692766 140.921949,-2.692636 140.922245,-2.692302 140.924775,-2.691324 140.927679,-2.691769 140.930200,-2.691227 140.930153,-2.690437 140.929354,-2.690069 140.928569,-2.689639 140.927483,-2.689138 140.924417,-2.688657 140.923978,-2.687499 140.925037,-2.685539 140.924645,-2.683690 140.924375,-2.683690 140.924375,-2.683148 140.922613,-2.681667 140.922488,-2.681521 140.922219,-2.681521 140.921949,-2.681521 140.921949,-2.681250 140.921410,-2.680979 140.920871,-2.680705 140.920332,-2.679623 140.920150,-2.679497 140.919144,-2.677943 140.919466,-2.676597 140.919793,-2.676370 140.919903,-2.675939 140.920918,-2.674395 140.921488,-2.672863 140.920873,-2.671390 140.918562,-2.670155 140.918176,-2.669593 140.918176,-2.669051 140.918298,-2.668632 140.918805,-2.667276 140.919112,-2.664528 140.920518,-2.663914 140.921142,-2.662816 140.921142,-2.662545 140.921411,-2.662545 140.921643,-2.662208 140.923037,-2.661893 140.923298,-2.662274 140.923839,-2.662778 140.924330,-2.664339 140.927704,-2.669028 140.928010,-2.670031 140.924827,-2.672379 140.924516,-2.675969 140.924235,-2.678130 140.924253,-2.678583 140.925085,-2.679799 140.926339,-2.680394 140.928000,-2.679957 140.928284,-2.677270 140.929164,-2.676450 140.931380,-2.676539 140.933940,-2.677596 140.935375,-2.677857 140.936097,-2.675870 140.934713,-2.674581 140.932987,-2.671627 140.933433,-2.670778 140.934732,-2.670162 140.936097,-2.669133 140.935483,-2.667965 140.932863,-2.666482 140.932483,-2.666069 140.931912,-2.663661 140.931188,-2.662603 140.928555,-2.662708 140.927616,-2.662670 140.926585,-2.660009 140.924137,-2.659229 140.922146,-2.657694 140.920064,-2.657936 140.919794,-2.657936 140.919794,-2.657665 140.919449,-2.657530 140.919794,-2.657394 140.919794,-2.656852 140.920967,-2.654304 140.921142,-2.654141 140.921142,-2.653870 140.921412,-2.653870 140.921732,-2.653496 140.923911,-2.652233 140.925600,-2.651847 140.928006,-2.649658 140.928695,-2.649408 140.930409,-2.650040 140.931901,-2.649920 140.932464,-2.649262 140.932464,-2.648991 140.932734,-2.648991 140.933235,-2.648541 140.932861,-2.646423 140.932558,-2.644139 140.928650,-2.641993 140.927882,-2.641129 140.927668,-2.640696 140.927882,-2.640587 140.927735,-2.638228 140.926983,-2.637552 140.924673,-2.637190 140.923173,-2.636648 140.922491,-2.636520</coordinates></LinearRing></outerBoundaryIs><innerBoundaryIs><LinearRing><coordinates>140.925351,-2.639737 140.925282,-2.638561 140.926632,-2.638868 140.926677,-2.639638 140.926540,-2.641945 140.929088,-2.643441 140.931783,-2.644956 140.931458,-2.648564 140.930004,-2.648651 140.928904,-2.648050 140.927251,-2.648726 140.926534,-2.649533 140.925062,-2.649335 140.923717,-2.648126 140.923682,-2.647540 140.923966,-2.647220 140.926241,-2.647356 140.927195,-2.646499 140.927285,-2.644982 140.926946,-2.644239 140.926054,-2.642954 140.926200,-2.640499 140.925351,-2.639737</coordinates></LinearRing></innerBoundaryIs><innerBoundaryIs><LinearRing><coordinates>140.921861,-2.647273 140.921233,-2.648539 140.921037,-2.650101 140.920035,-2.650979 140.919076,-2.650797 140.918986,-2.650617 140.918572,-2.650491 140.916690,-2.648870 140.916560,-2.648719 140.916290,-2.648719 140.916290,-2.648448 140.916021,-2.648448 140.916021,-2.648177 140.915303,-2.647815 140.915122,-2.647183 140.914764,-2.646730 140.914673,-2.644652 140.914404,-2.644652 140.914404,-2.643839 140.915482,-2.643839 140.915482,-2.644381 140.916441,-2.644629 140.917447,-2.646093 140.918986,-2.646573 140.920444,-2.646119 140.921143,-2.646008 140.921682,-2.646008 140.922042,-2.646192 140.921861,-2.647273</coordinates></LinearRing></innerBoundaryIs><innerBoundaryIs><LinearRing><coordinates>140.922382,-2.650814 140.922490,-2.651430 140.922140,-2.651279 140.922382,-2.650814</coordinates></LinearRing></innerBoundaryIs><innerBoundaryIs><LinearRing><coordinates>140.916475,-2.651045 140.916123,-2.651262 140.916021,-2.651430 140.914840,-2.650803 140.915083,-2.650064 140.916054,-2.649759 140.916475,-2.651045</coordinates></LinearRing></innerBoundaryIs><innerBoundaryIs><LinearRing><coordinates>140.912996,-2.650746 140.913325,-2.651159 140.914211,-2.651271 140.913864,-2.651972 140.913741,-2.652982 140.913009,-2.654780 140.912786,-2.654954 140.912785,-2.657394 140.912516,-2.657394 140.912516,-2.659562 140.912516,-2.660104 140.912516,-2.660376 140.912246,-2.660376 140.912246,-2.660647 140.912246,-2.660918 140.911976,-2.660918 140.911976,-2.661189 140.911707,-2.661189 140.911437,-2.661189 140.911119,-2.661822 140.909371,-2.661640 140.909281,-2.661460 140.908742,-2.661460 140.908742,-2.660375 140.908869,-2.659690 140.910957,-2.656684 140.911593,-2.655292 140.911525,-2.654152 140.910407,-2.652542 140.908600,-2.651844 140.908473,-2.651700 140.907843,-2.651572 140.908024,-2.650978 140.908742,-2.650616 140.909668,-2.650258 140.912996,-2.650746</coordinates></LinearRing></innerBoundaryIs><innerBoundaryIs><LinearRing><coordinates>140.921331,-2.651862 140.921805,-2.651628 140.921951,-2.651972 140.921331,-2.651862</coordinates></LinearRing></innerBoundaryIs><innerBoundaryIs><LinearRing><coordinates>140.918070,-2.652435 140.920153,-2.652125 140.920497,-2.652649 140.920182,-2.653175 140.919947,-2.653752 140.919410,-2.654169 140.919101,-2.654927 140.918564,-2.655343 140.918446,-2.655496 140.917537,-2.655242 140.918060,-2.654836 140.918294,-2.654530 140.918607,-2.654287 140.918070,-2.652435</coordinates></LinearRing></innerBoundaryIs><innerBoundaryIs><LinearRing><coordinates>140.916417,-2.654826 140.917495,-2.655161 140.917241,-2.655911 140.916196,-2.656393 140.914530,-2.659419 140.914403,-2.659833 140.913467,-2.658992 140.913941,-2.655239 140.914373,-2.654294 140.915049,-2.654254 140.916417,-2.654826</coordinates></LinearRing></innerBoundaryIs><innerBoundaryIs><LinearRing><coordinates>140.917309,-2.657572 140.917545,-2.657334 140.917638,-2.657665 140.917309,-2.657572</coordinates></LinearRing></innerBoundaryIs><innerBoundaryIs><LinearRing><coordinates>140.916479,-2.658097 140.916952,-2.657863 140.917098,-2.658207 140.916479,-2.658097</coordinates></LinearRing></innerBoundaryIs><innerBoundaryIs><LinearRing><coordinates>140.917506,-2.660183 140.918549,-2.661086 140.920028,-2.661587 140.919627,-2.661835 140.919524,-2.662003 140.917290,-2.661890 140.916763,-2.660708 140.917506,-2.660183</coordinates></LinearRing></innerBoundaryIs><innerBoundaryIs><LinearRing><coordinates>140.914128,-2.661462 140.913863,-2.662544 140.912325,-2.662431 140.913214,-2.661078 140.913457,-2.660426 140.914128,-2.661462</coordinates></LinearRing></innerBoundaryIs><innerBoundaryIs><LinearRing><coordinates>140.908058,-2.662147 140.909801,-2.663158 140.908742,-2.666695 140.906690,-2.667010 140.904014,-2.667820 140.903889,-2.667965 140.902442,-2.667364 140.901608,-2.664562 140.903176,-2.661876 140.903692,-2.662282 140.904725,-2.663941 140.906363,-2.665109 140.907754,-2.664724 140.907821,-2.663884 140.907409,-2.662508 140.906470,-2.661981 140.905156,-2.661391 140.904713,-2.660594 140.905809,-2.659978 140.907152,-2.660567 140.908058,-2.662147</coordinates></LinearRing></innerBoundaryIs><innerBoundaryIs><LinearRing><coordinates>140.909661,-2.667596 140.909962,-2.666754 140.910216,-2.665383 140.910359,-2.665255 140.910359,-2.664984 140.910359,-2.664713 140.910628,-2.664713 140.911108,-2.664088 140.914399,-2.663544 140.914672,-2.663900 140.915278,-2.664088 140.915676,-2.665583 140.915469,-2.669072 140.917109,-2.671740 140.916783,-2.677233 140.918280,-2.679389 140.918842,-2.682033 140.918130,-2.683004 140.915182,-2.684615 140.914671,-2.684774 140.914546,-2.684919 140.912006,-2.685253 140.909984,-2.688084 140.909279,-2.688298 140.909124,-2.688465 140.907629,-2.689175 140.905961,-2.690202 140.903747,-2.691138 140.903266,-2.692665 140.901638,-2.695450 140.900557,-2.696026 140.897007,-2.696289 140.894670,-2.696595 140.890242,-2.696418 140.888669,-2.697439 140.885219,-2.700550 140.882755,-2.702007 140.881013,-2.703629 140.879251,-2.706045 140.878726,-2.706066 140.878136,-2.705785 140.876400,-2.704446 140.875258,-2.704401 140.872621,-2.704955 140.872171,-2.704973 140.869862,-2.704159 140.867641,-2.703803 140.867604,-2.702860 140.869520,-2.701447 140.870980,-2.699661 140.872755,-2.698194 140.874027,-2.696568 140.876215,-2.696218 140.876531,-2.694395 140.876390,-2.693445 140.876390,-2.692632 140.876660,-2.692632 140.877427,-2.692434 140.878374,-2.690973 140.877628,-2.688554 140.877939,-2.687196 140.879451,-2.686558 140.880899,-2.686785 140.881672,-2.687322 140.881782,-2.687753 140.882052,-2.687753 140.882052,-2.688024 140.882052,-2.688295 140.882572,-2.688746 140.882368,-2.691293 140.882590,-2.693988 140.882936,-2.694124 140.882590,-2.694259 140.882431,-2.695456 140.881470,-2.695514 140.879894,-2.695089 140.877742,-2.696766 140.875867,-2.697118 140.874133,-2.699369 140.874031,-2.701080 140.874533,-2.701645 140.875637,-2.702248 140.879154,-2.701847 140.879767,-2.700366 140.880197,-2.698049 140.880910,-2.697246 140.882463,-2.696029 140.882728,-2.695731 140.885683,-2.694116 140.886095,-2.693988 140.886095,-2.693717 140.886364,-2.693717 140.886759,-2.693572 140.889011,-2.693159 140.890623,-2.692255 140.890947,-2.692633 140.891359,-2.692761 140.892895,-2.693840 140.896858,-2.692727 140.898510,-2.691567 140.898765,-2.689652 140.898765,-2.689381 140.898613,-2.689263 140.898198,-2.688242 140.896242,-2.687437 140.896070,-2.687212 140.895800,-2.687212 140.895800,-2.686941 140.894910,-2.686323 140.894722,-2.685585 140.894452,-2.685585 140.894452,-2.685314 140.894452,-2.685043 140.894183,-2.685043 140.894183,-2.684501 140.894041,-2.684373 140.892026,-2.682061 140.891383,-2.681895 140.891218,-2.681248 140.891218,-2.680706 140.891360,-2.680206 140.892146,-2.679501 140.895050,-2.680335 140.897339,-2.679812 140.896999,-2.679230 140.896879,-2.678808 140.896070,-2.678808 140.896070,-2.677724 140.895733,-2.677452 140.895435,-2.675037 140.895801,-2.674742 140.896039,-2.673336 140.896749,-2.673230 140.897419,-2.673387 140.897688,-2.673387 140.897688,-2.673658 140.898250,-2.674110 140.899329,-2.675897 140.900923,-2.676098 140.901283,-2.675918 140.901732,-2.675827 140.902129,-2.675379 140.904438,-2.675518 140.905139,-2.674888 140.908059,-2.671582 140.907711,-2.669774 140.907149,-2.668733 140.908060,-2.668094 140.909661,-2.667596</coordinates></LinearRing></innerBoundaryIs><innerBoundaryIs><LinearRing><coordinates>140.918117,-2.663807 140.918354,-2.663570 140.918446,-2.663900 140.918117,-2.663807</coordinates></LinearRing></innerBoundaryIs><innerBoundaryIs><LinearRing><coordinates>140.916655,-2.667297 140.917633,-2.665677 140.917517,-2.667033 140.917218,-2.667274 140.917098,-2.667424 140.916655,-2.667297</coordinates></LinearRing></innerBoundaryIs><innerBoundaryIs><LinearRing><coordinates>140.918056,-2.675243 140.918320,-2.672732 140.919074,-2.671785 140.920121,-2.672229 140.920232,-2.673121 140.919920,-2.673864 140.919134,-2.675165 140.918565,-2.675406 140.918445,-2.675557 140.918056,-2.675243</coordinates></LinearRing></innerBoundaryIs><innerBoundaryIs><LinearRing><coordinates>140.918826,-2.684639 140.919377,-2.684162 140.920217,-2.681938 140.921906,-2.682335 140.923649,-2.683845 140.923749,-2.685105 140.922438,-2.688074 140.923152,-2.690696 140.922363,-2.691155 140.920995,-2.691677 140.920870,-2.691823 140.920123,-2.691175 140.921285,-2.689528 140.921534,-2.688966 140.921914,-2.688637 140.920378,-2.685956 140.919937,-2.685442 140.918826,-2.684639</coordinates></LinearRing></innerBoundaryIs><innerBoundaryIs><LinearRing><coordinates>140.916288,-2.685587 140.915976,-2.689117 140.914482,-2.691331 140.913394,-2.694529 140.913970,-2.695724 140.916948,-2.696049 140.916964,-2.696837 140.916912,-2.699390 140.917621,-2.701856 140.916969,-2.702538 140.914101,-2.704676 140.911717,-2.707835 140.911032,-2.709581 140.910271,-2.711468 140.911092,-2.714692 140.909980,-2.715268 140.908886,-2.714759 140.908463,-2.713514 140.907818,-2.711516 140.905148,-2.711173 140.904108,-2.712177 140.903753,-2.714731 140.903478,-2.716081 140.903168,-2.718944 140.902405,-2.719339 140.900484,-2.719654 140.899204,-2.720890 140.897636,-2.723671 140.896530,-2.723344 140.895130,-2.722421 140.894829,-2.719318 140.893256,-2.716905 140.892293,-2.716885 140.890557,-2.716920 140.890163,-2.716150 140.892089,-2.714290 140.892506,-2.712140 140.896640,-2.709572 140.898809,-2.709617 140.899713,-2.709176 140.901536,-2.708232 140.903169,-2.708198 140.904023,-2.708762 140.905614,-2.709846 140.908591,-2.709484 140.908627,-2.707738 140.908087,-2.706618 140.905930,-2.704972 140.904557,-2.705238 140.902458,-2.705778 140.900558,-2.705817 140.900001,-2.705279 140.899441,-2.704185 140.899705,-2.703611 140.900789,-2.702261 140.901674,-2.701060 140.903749,-2.699056 140.903425,-2.697992 140.901533,-2.698763 140.898327,-2.698697 140.894855,-2.699378 140.892775,-2.700646 140.890855,-2.700607 140.889333,-2.701610 140.887399,-2.704576 140.885417,-2.704965 140.884318,-2.705714 140.881965,-2.706320 140.881586,-2.705370 140.881985,-2.704543 140.883891,-2.703287 140.885483,-2.701621 140.889726,-2.697670 140.900654,-2.697182 140.902298,-2.696201 140.903485,-2.694128 140.903992,-2.693078 140.905358,-2.691648 140.907722,-2.690207 140.910329,-2.688935 140.912604,-2.686555 140.913455,-2.686262 140.916288,-2.685587 140.916438,-2.685235 140.916901,-2.685479 140.916288,-2.685587</coordinates></LinearRing></innerBoundaryIs><innerBoundaryIs><LinearRing><coordinates>140.870826,-2.706249 140.871394,-2.707840 140.870795,-2.709388 140.866657,-2.709140 140.865178,-2.709822 140.864045,-2.710441 140.861558,-2.711213 140.857645,-2.713361 140.855503,-2.715273 140.854679,-2.715529 140.854552,-2.715672 140.854054,-2.715224 140.855147,-2.712829 140.857536,-2.711727 140.858199,-2.710123 140.858661,-2.708618 140.859350,-2.707530 140.860884,-2.706410 140.863837,-2.703069 140.864138,-2.699843 140.865734,-2.698723 140.867586,-2.697538 140.867967,-2.694277 140.868978,-2.693566 140.869848,-2.694545 140.872204,-2.696052 140.871788,-2.697782 140.870050,-2.698893 140.868227,-2.700945 140.865857,-2.702332 140.865209,-2.703531 140.865916,-2.705478 140.867357,-2.705788 140.869138,-2.705470 140.870826,-2.706249</coordinates></LinearRing></innerBoundaryIs><innerBoundaryIs><LinearRing><coordinates>140.863538,-2.698930 140.862911,-2.699950 140.861826,-2.699613 140.860865,-2.698998 140.861705,-2.698738 140.863208,-2.698196 140.863538,-2.698930</coordinates></LinearRing></innerBoundaryIs><innerBoundaryIs><LinearRing><coordinates>140.871725,-2.694388 140.870619,-2.693620 140.870895,-2.692521 140.873265,-2.692765 140.873045,-2.693876 140.872616,-2.694529 140.871725,-2.694388</coordinates></LinearRing></innerBoundaryIs><innerBoundaryIs><LinearRing><coordinates>140.876273,-2.688413 140.876508,-2.689261 140.877011,-2.690548 140.876542,-2.691159 140.875969,-2.691395 140.875851,-2.691548 140.875195,-2.691395 140.871966,-2.691140 140.871642,-2.690311 140.872734,-2.689497 140.874469,-2.689129 140.875747,-2.688176 140.876273,-2.688413</coordinates></LinearRing></innerBoundaryIs><innerBoundaryIs><LinearRing><coordinates>140.888342,-2.687392 140.887982,-2.686940 140.887064,-2.686669 140.887713,-2.686127 140.887983,-2.685788 140.888795,-2.685686 140.890052,-2.686219 140.891218,-2.687158 140.891760,-2.688086 140.890363,-2.688626 140.888342,-2.687392</coordinates></LinearRing></innerBoundaryIs><innerBoundaryIs><LinearRing><coordinates>140.892377,-2.686276 140.891100,-2.685285 140.891514,-2.684112 140.892842,-2.684372 140.893257,-2.685432 140.893374,-2.686399 140.892377,-2.686276</coordinates></LinearRing></innerBoundaryIs><innerBoundaryIs><LinearRing><coordinates>140.888372,-2.688967 140.888042,-2.691229 140.886535,-2.692442 140.885032,-2.693360 140.884747,-2.693717 140.883838,-2.693456 140.883651,-2.691943 140.885945,-2.690096 140.885706,-2.688416 140.885279,-2.687686 140.886368,-2.687550 140.888372,-2.688967</coordinates></LinearRing></innerBoundaryIs><innerBoundaryIs><LinearRing><coordinates>140.894722,-2.689381 140.895050,-2.689474 140.894814,-2.689711 140.894722,-2.689381 140.894452,-2.689381 140.894452,-2.689110 140.894123,-2.689017 140.894360,-2.688779 140.894452,-2.689110 140.894722,-2.689110 140.894722,-2.689381</coordinates></LinearRing></innerBoundaryIs><innerBoundaryIs><LinearRing><coordinates>140.896853,-2.689314 140.897624,-2.690407 140.897276,-2.691190 140.896194,-2.691675 140.895675,-2.691966 140.894577,-2.692217 140.894452,-2.692363 140.892723,-2.692185 140.892067,-2.691002 140.892666,-2.690303 140.894912,-2.691133 140.896092,-2.690537 140.896853,-2.689314</coordinates></LinearRing></innerBoundaryIs><innerBoundaryIs><LinearRing><coordinates>140.902541,-2.669050 140.902891,-2.669207 140.902271,-2.669321 140.901932,-2.669717 140.898757,-2.669398 140.898497,-2.667965 140.898497,-2.667694 140.898588,-2.666697 140.899666,-2.666159 140.900115,-2.666067 140.900654,-2.666339 140.901032,-2.666691 140.902541,-2.669050</coordinates></LinearRing></innerBoundaryIs><innerBoundaryIs><LinearRing><coordinates>140.904908,-2.668691 140.905421,-2.668193 140.905506,-2.668779 140.904908,-2.668691</coordinates></LinearRing></innerBoundaryIs><innerBoundaryIs><LinearRing><coordinates>140.905142,-2.662736 140.905647,-2.662481 140.905776,-2.663086 140.905142,-2.662736</coordinates></LinearRing></innerBoundaryIs><innerBoundaryIs><LinearRing><coordinates>140.903620,-2.660646 140.903230,-2.660332 140.903510,-2.658628 140.903800,-2.659199 140.903620,-2.660646</coordinates></LinearRing></innerBoundaryIs><innerBoundaryIs><LinearRing><coordinates>140.902654,-2.658861 140.902542,-2.659290 140.901659,-2.659056 140.901489,-2.658194 140.902680,-2.657280 140.903455,-2.657594 140.902654,-2.658861</coordinates></LinearRing></innerBoundaryIs><innerBoundaryIs><LinearRing><coordinates>140.906070,-2.658593 140.904120,-2.656316 140.900944,-2.655898 140.898648,-2.654868 140.898583,-2.654057 140.899785,-2.653200 140.903496,-2.652117 140.904709,-2.651669 140.904968,-2.651971 140.905238,-2.651971 140.906521,-2.652302 140.907829,-2.653054 140.908203,-2.653598 140.909061,-2.653820 140.909281,-2.654682 140.909551,-2.654682 140.909551,-2.656580 140.909281,-2.656580 140.909176,-2.657415 140.907843,-2.658658 140.907124,-2.659020 140.906940,-2.659106 140.906691,-2.659645 140.906585,-2.658749 140.906070,-2.658593</coordinates></LinearRing></innerBoundaryIs><innerBoundaryIs><LinearRing><coordinates>140.924378,-2.645466 140.923741,-2.645101 140.923951,-2.642396 140.924206,-2.643199 140.924378,-2.643298 140.924917,-2.643298 140.924917,-2.643840 140.925816,-2.644346 140.926265,-2.645467 140.926103,-2.646117 140.925071,-2.646378 140.924647,-2.645737 140.924378,-2.645737 140.924378,-2.645466</coordinates></LinearRing></innerBoundaryIs><innerBoundaryIs><LinearRing><coordinates>140.922785,-2.643298 140.922491,-2.644653 140.921189,-2.644482 140.920288,-2.642449 140.918862,-2.640427 140.919346,-2.639403 140.920145,-2.639338 140.922338,-2.641239 140.922785,-2.643298</coordinates></LinearRing></innerBoundaryIs><innerBoundaryIs><LinearRing><coordinates>140.930431,-2.670010 140.929569,-2.667724 140.928565,-2.667008 140.927566,-2.666379 140.925330,-2.663753 140.925583,-2.662107 140.926868,-2.663777 140.928145,-2.664688 140.929813,-2.664553 140.930452,-2.664840 140.931268,-2.667003 140.933936,-2.668550 140.933545,-2.669140 140.931860,-2.669896 140.931655,-2.670136 140.930431,-2.670010</coordinates></LinearRing></innerBoundaryIs><innerBoundaryIs><LinearRing><coordinates>140.928585,-2.673254 140.928519,-2.672961 140.929231,-2.672694 140.929624,-2.672121 140.930590,-2.671489 140.930917,-2.672960 140.929877,-2.673229 140.929767,-2.673389 140.928585,-2.673254</coordinates></LinearRing></innerBoundaryIs></Polygon>
<Polygon><outerBoundaryIs><LinearRing><coordinates>140.922491,-2.636520 140.922399,-2.636190 140.922163,-2.636427 140.922491,-2.636520</coordinates></LinearRing></outerBoundaryIs></Polygon>
<Polygon><outerBoundaryIs><LinearRing><coordinates>140.642067,-2.640746 140.642684,-2.640266 140.643104,-2.638791 140.643344,-2.637405 140.643494,-2.637285 140.643494,-2.637014 140.643881,-2.635334 140.643395,-2.634565 140.642368,-2.635362 140.641490,-2.637608 140.641728,-2.641578 140.642067,-2.640746</coordinates></LinearRing></outerBoundaryIs></Polygon>
<Polygon><outerBoundaryIs><LinearRing><coordinates>140.720646,-2.634401 140.720380,-2.633541 140.719347,-2.633865 140.719138,-2.635010 140.720319,-2.635136 140.720646,-2.634401</coordinates></LinearRing></outerBoundaryIs></Polygon>
<Polygon><outerBoundaryIs><LinearRing><coordinates>140.734337,-2.633241 140.734067,-2.633241 140.734067,-2.633512 140.734337,-2.633512 140.734337,-2.633241</coordinates></LinearRing></outerBoundaryIs></Polygon>
<Polygon><outerBoundaryIs><LinearRing><coordinates>140.712773,-2.630254 140.712326,-2.629604 140.711695,-2.629441 140.712141,-2.630091 140.712773,-2.630254</coordinates></LinearRing></outerBoundaryIs></Polygon>
<Polygon><outerBoundaryIs><LinearRing><coordinates>140.712773,-2.630254 140.712773,-2.630526 140.714929,-2.630526 140.715199,-2.630526 140.715524,-2.630132 140.719234,-2.630594 140.720291,-2.631250 140.720590,-2.631612 140.720859,-2.631612 140.720859,-2.631883 140.721795,-2.632568 140.723158,-2.633096 140.725564,-2.634161 140.728137,-2.634324 140.732180,-2.634325 140.732415,-2.634019 140.733798,-2.633783 140.733798,-2.633512 140.730510,-2.633348 140.729355,-2.633652 140.726791,-2.633960 140.725463,-2.633610 140.722645,-2.632109 140.721419,-2.630778 140.720535,-2.629954 140.719781,-2.629714 140.719512,-2.629714 140.719512,-2.629443 140.718524,-2.629351 140.718164,-2.629171 140.716412,-2.629317 140.715873,-2.629274 140.714934,-2.629349 140.714265,-2.630129 140.712773,-2.630254</coordinates></LinearRing></outerBoundaryIs></Polygon>
<Polygon><outerBoundaryIs><LinearRing><coordinates>140.710886,-2.628899 140.710886,-2.629170 140.711155,-2.629170 140.711156,-2.628899 140.710886,-2.628899</coordinates></LinearRing></outerBoundaryIs></Polygon>
<Polygon><outerBoundaryIs><LinearRing><coordinates>140.706843,-2.628627 140.706573,-2.628626 140.706573,-2.628898 140.706843,-2.628898 140.706843,-2.628627</coordinates></LinearRing></outerBoundaryIs></Polygon>
<Polygon><outerBoundaryIs><LinearRing><coordinates>140.644844,-2.629424 140.644677,-2.629320 140.644266,-2.628649 140.643288,-2.628042 140.642854,-2.629320 140.642688,-2.629423 140.642687,-2.629965 140.642418,-2.629965 140.642242,-2.630725 140.642687,-2.631863 140.642956,-2.631863 140.642956,-2.632134 140.643226,-2.632676 140.644161,-2.633116 140.644843,-2.632948 140.645231,-2.632382 140.646191,-2.632135 140.646308,-2.631982 140.647152,-2.631475 140.648260,-2.630650 140.647715,-2.630227 140.646582,-2.630395 140.646461,-2.630237 140.646013,-2.630146 140.645113,-2.629695 140.644844,-2.629695 140.644844,-2.629424</coordinates></LinearRing></outerBoundaryIs><innerBoundaryIs><LinearRing><coordinates>140.643765,-2.631383 140.643560,-2.630460 140.644312,-2.629967 140.644790,-2.630706 140.644574,-2.631592 140.643765,-2.631383</coordinates></LinearRing></innerBoundaryIs></Polygon>
<Polygon><outerBoundaryIs><LinearRing><coordinates>140.710886,-2.628899 140.710717,-2.628237 140.709379,-2.627974 140.708620,-2.627653 140.707652,-2.627542 140.707652,-2.627813 140.707382,-2.627813 140.706843,-2.628627 140.710347,-2.628627 140.710886,-2.628899</coordinates></LinearRing></outerBoundaryIs></Polygon>
<Polygon><outerBoundaryIs><LinearRing><coordinates>140.697948,-2.623745 140.697679,-2.623745 140.697873,-2.625311 140.699670,-2.626757 140.701332,-2.627119 140.701452,-2.627270 140.701721,-2.627270 140.702579,-2.627492 140.702799,-2.627812 140.703339,-2.627812 140.703339,-2.628084 140.703608,-2.628084 140.703608,-2.628355 140.704042,-2.628461 140.704616,-2.628856 140.706063,-2.629274 140.706303,-2.628897 140.706036,-2.628508 140.705335,-2.628244 140.703069,-2.626728 140.702530,-2.626728 140.702530,-2.626457 140.701991,-2.626457 140.701991,-2.626186 140.701722,-2.626186 140.701182,-2.626185 140.701183,-2.625914 140.699970,-2.626066 140.699652,-2.626027 140.699718,-2.625495 140.699565,-2.625372 140.699026,-2.625372 140.699026,-2.624829 140.698757,-2.624829 140.698757,-2.624287 140.697948,-2.624287 140.697948,-2.623745</coordinates></LinearRing></outerBoundaryIs></Polygon>
<Polygon><outerBoundaryIs><LinearRing><coordinates>140.909823,-2.621610 140.910092,-2.622152 140.910810,-2.622243 140.911171,-2.622423 140.911528,-2.622226 140.910599,-2.621714 140.909823,-2.621610</coordinates></LinearRing></outerBoundaryIs></Polygon>
<Polygon><outerBoundaryIs><LinearRing><coordinates>140.645924,-2.622647 140.645767,-2.622534 140.645065,-2.621547 140.644027,-2.621753 140.643655,-2.623617 140.643498,-2.623730 140.643498,-2.624273 140.643110,-2.625952 140.643348,-2.626328 140.644306,-2.626170 140.644306,-2.625899 140.644575,-2.625899 140.644575,-2.625628 140.645115,-2.625628 140.645384,-2.625629 140.645502,-2.625476 140.646658,-2.624579 140.646463,-2.623731 140.646284,-2.623369 140.646194,-2.622918 140.645924,-2.622918 140.645924,-2.622647</coordinates></LinearRing></outerBoundaryIs></Polygon>
<Polygon><outerBoundaryIs><LinearRing><coordinates>140.927217,-2.621936 140.927344,-2.620526 140.927344,-2.620255 140.926962,-2.620097 140.925385,-2.619871 140.924638,-2.620920 140.925553,-2.622266 140.927217,-2.621936</coordinates></LinearRing></outerBoundaryIs></Polygon>
<Polygon><outerBoundaryIs><LinearRing><coordinates>140.893781,-2.620386 140.894348,-2.620109 140.894318,-2.618652 140.892260,-2.617295 140.889744,-2.617528 140.893649,-2.620524 140.893781,-2.620386</coordinates></LinearRing></outerBoundaryIs></Polygon>
<Polygon><outerBoundaryIs><LinearRing><coordinates>140.705251,-2.617902 140.704475,-2.617363 140.702802,-2.617240 140.702802,-2.617511 140.702532,-2.617511 140.702263,-2.617511 140.702263,-2.617782 140.702263,-2.618053 140.701993,-2.618053 140.701993,-2.619408 140.702353,-2.619228 140.703071,-2.619138 140.703071,-2.618867 140.702716,-2.618700 140.702940,-2.617967 140.704457,-2.618155 140.704769,-2.618703 140.704419,-2.618867 140.704419,-2.619138 140.705137,-2.619047 140.705497,-2.618867 140.705251,-2.617902</coordinates></LinearRing></outerBoundaryIs></Polygon>
<Polygon><outerBoundaryIs><LinearRing><coordinates>140.888528,-2.615915 140.886786,-2.615769 140.885024,-2.615643 140.883830,-2.617143 140.886827,-2.617668 140.889105,-2.617933 140.889456,-2.617174 140.888528,-2.615915</coordinates></LinearRing></outerBoundaryIs><innerBoundaryIs><LinearRing><coordinates>140.887099,-2.616618 140.887573,-2.616384 140.887719,-2.616728 140.887099,-2.616618</coordinates></LinearRing></innerBoundaryIs></Polygon>
<Polygon><outerBoundaryIs><LinearRing><coordinates>140.686899,-2.615067 140.687087,-2.615805 140.688136,-2.616534 140.688246,-2.616694 140.688703,-2.616787 140.689773,-2.617328 140.689863,-2.617508 140.691480,-2.617712 140.691750,-2.618051 140.692289,-2.618051 140.692289,-2.618322 140.694292,-2.618664 140.694445,-2.618864 140.697141,-2.618865 140.697141,-2.619136 140.698213,-2.619320 140.698488,-2.619679 140.699335,-2.619780 140.699647,-2.620328 140.699113,-2.620578 140.699027,-2.620763 140.699027,-2.621034 140.699387,-2.620854 140.700375,-2.620763 140.700275,-2.619360 140.699836,-2.619137 140.698883,-2.619011 140.697224,-2.617969 140.692252,-2.617550 140.690274,-2.616819 140.689771,-2.616859 140.688821,-2.616508 140.688266,-2.615861 140.686899,-2.615067</coordinates></LinearRing></outerBoundaryIs></Polygon>
<Polygon><outerBoundaryIs><LinearRing><coordinates>140.940283,-2.614834 140.940465,-2.614474 140.940823,-2.614292 140.940561,-2.613911 140.938983,-2.614267 140.938286,-2.614723 140.937588,-2.614834 140.937896,-2.615221 140.940283,-2.614834</coordinates></LinearRing></outerBoundaryIs></Polygon>
<Polygon><outerBoundaryIs><LinearRing><coordinates>140.870952,-2.615729 140.870768,-2.614904 140.869362,-2.614097 140.869120,-2.613744 140.868042,-2.613744 140.869230,-2.615531 140.869867,-2.615974 140.870952,-2.615729</coordinates></LinearRing></outerBoundaryIs></Polygon>
<Polygon><outerBoundaryIs><LinearRing><coordinates>140.865885,-2.613473 140.865736,-2.613352 140.862798,-2.612936 140.862111,-2.613201 140.861989,-2.613349 140.861260,-2.613958 140.860911,-2.615462 140.861745,-2.616577 140.864539,-2.616291 140.865348,-2.615312 140.865885,-2.613473</coordinates></LinearRing></outerBoundaryIs><innerBoundaryIs><LinearRing><coordinates>140.862848,-2.614709 140.862635,-2.614190 140.863601,-2.614594 140.863729,-2.614828 140.862848,-2.614709</coordinates></LinearRing></innerBoundaryIs></Polygon>
<Polygon><outerBoundaryIs><LinearRing><coordinates>140.949000,-2.613570 140.949716,-2.613206 140.949988,-2.612666 140.947949,-2.612875 140.946841,-2.613665 140.945851,-2.613585 140.945011,-2.613896 140.944596,-2.614021 140.944596,-2.614292 140.945405,-2.614292 140.945405,-2.614563 140.946214,-2.614563 140.946324,-2.614403 140.947831,-2.614021 140.948101,-2.614021 140.948101,-2.613750 140.948370,-2.613750 140.948909,-2.613750 140.949000,-2.613570</coordinates></LinearRing></outerBoundaryIs></Polygon>
<Polygon><outerBoundaryIs><LinearRing><coordinates>140.616815,-2.612337 140.615637,-2.612641 140.615357,-2.613004 140.616276,-2.613150 140.616815,-2.612337</coordinates></LinearRing></outerBoundaryIs></Polygon>
<Polygon><outerBoundaryIs><LinearRing><coordinates>140.616815,-2.612337 140.617085,-2.612337 140.617085,-2.612066 140.616815,-2.612066 140.616815,-2.612337</coordinates></LinearRing></outerBoundaryIs></Polygon>
<Polygon><outerBoundaryIs><LinearRing><coordinates>140.617085,-2.612066 140.617354,-2.612066 140.617354,-2.611795 140.617085,-2.611795 140.617085,-2.612066</coordinates></LinearRing></outerBoundaryIs></Polygon>
<Polygon><outerBoundaryIs><LinearRing><coordinates>140.726255,-2.611552 140.726043,-2.611131 140.725446,-2.611010 140.725334,-2.611168 140.724800,-2.611552 140.725333,-2.611937 140.725558,-2.612252 140.726011,-2.612479 140.726255,-2.611552</coordinates></LinearRing></outerBoundaryIs></Polygon>
<Polygon><outerBoundaryIs><LinearRing><coordinates>140.617354,-2.611795 140.617713,-2.611613 140.618075,-2.610893 140.618433,-2.610711 140.618280,-2.610488 140.617652,-2.610630 140.617354,-2.611795</coordinates></LinearRing></outerBoundaryIs></Polygon>
<Polygon><outerBoundaryIs><LinearRing><coordinates>140.849417,-2.611030 140.844715,-2.610634 140.842579,-2.610343 140.841086,-2.610217 140.841475,-2.611518 140.842491,-2.612398 140.844590,-2.612229 140.845167,-2.612275 140.848057,-2.614090 140.850060,-2.614410 140.853615,-2.613630 140.854419,-2.612925 140.854025,-2.611845 140.853523,-2.611660 140.849417,-2.611030</coordinates></LinearRing></outerBoundaryIs><innerBoundaryIs><LinearRing><coordinates>140.848031,-2.611186 140.850018,-2.611794 140.850251,-2.612658 140.850914,-2.612859 140.850520,-2.613200 140.849173,-2.613200 140.848744,-2.613089 140.848094,-2.612658 140.847597,-2.612285 140.848031,-2.611186</coordinates></LinearRing></innerBoundaryIs><innerBoundaryIs><LinearRing><coordinates>140.846747,-2.611844 140.846654,-2.612175 140.846418,-2.611937 140.846747,-2.611844 140.846897,-2.611492 140.847359,-2.611736 140.846747,-2.611844</coordinates></LinearRing></innerBoundaryIs></Polygon>
<Polygon><outerBoundaryIs><LinearRing><coordinates>140.985667,-2.611655 140.985964,-2.610406 140.983022,-2.610101 140.980593,-2.611186 140.979909,-2.611311 140.979774,-2.611658 140.979639,-2.611311 140.978831,-2.611311 140.977386,-2.610666 140.975342,-2.610372 140.974662,-2.612055 140.975712,-2.613063 140.978686,-2.612521 140.983924,-2.612037 140.985667,-2.611655</coordinates></LinearRing></outerBoundaryIs></Polygon>
<Polygon><outerBoundaryIs><LinearRing><coordinates>140.618972,-2.609898 140.618644,-2.609991 140.618880,-2.610228 140.618972,-2.609898</coordinates></LinearRing></outerBoundaryIs></Polygon>
<Polygon><outerBoundaryIs><LinearRing><coordinates>140.958883,-2.609684 140.958462,-2.609802 140.957844,-2.610177 140.956862,-2.610031 140.956095,-2.610144 140.955262,-2.610650 140.954688,-2.610886 140.954033,-2.611739 140.952414,-2.612395 140.952529,-2.612735 140.953963,-2.612597 140.954369,-2.612193 140.954840,-2.612124 140.955021,-2.611764 140.955379,-2.611582 140.955739,-2.611402 140.956727,-2.611311 140.956837,-2.611150 140.958128,-2.610817 140.958883,-2.609684</coordinates></LinearRing></outerBoundaryIs></Polygon>
<Polygon><outerBoundaryIs><LinearRing><coordinates>140.618972,-2.609898 140.619301,-2.609805 140.619065,-2.609567 140.618972,-2.609898</coordinates></LinearRing></outerBoundaryIs></Polygon>
<Polygon><outerBoundaryIs><LinearRing><coordinates>140.824898,-2.712415 140.825176,-2.712243 140.825810,-2.710350 140.825977,-2.710247 140.825977,-2.709704 140.826731,-2.707996 140.826626,-2.706671 140.825632,-2.704880 140.824340,-2.703760 140.824091,-2.703469 140.823402,-2.703349 140.822079,-2.702566 140.821934,-2.702384 140.821934,-2.702113 140.821642,-2.701932 140.821309,-2.700858 140.821768,-2.699506 140.821935,-2.699403 140.821935,-2.696149 140.822474,-2.696150 140.822475,-2.695878 140.822744,-2.695878 140.823359,-2.694983 140.824092,-2.694794 140.824254,-2.694159 140.824901,-2.693710 140.824901,-2.693168 140.825171,-2.693168 140.825383,-2.692747 140.825979,-2.692626 140.826104,-2.692480 140.828214,-2.691999 140.829090,-2.690874 140.829377,-2.689917 140.830321,-2.687416 140.831405,-2.686808 140.832567,-2.687257 140.832712,-2.689068 140.832200,-2.689665 140.831910,-2.689916 140.831254,-2.690944 140.831723,-2.691904 140.832954,-2.692391 140.834336,-2.692627 140.834875,-2.692627 140.835415,-2.692627 140.835415,-2.692898 140.837461,-2.692788 140.838110,-2.692628 140.838110,-2.692356 140.838380,-2.692357 140.838650,-2.692357 140.838831,-2.691995 140.839728,-2.691543 140.840231,-2.691358 140.843251,-2.691114 140.843679,-2.692079 140.845952,-2.691663 140.847007,-2.691273 140.847456,-2.690372 140.847815,-2.690189 140.847975,-2.689536 140.848085,-2.688291 140.847764,-2.687642 140.848085,-2.687478 140.848264,-2.686043 140.850964,-2.685648 140.852249,-2.684888 140.852668,-2.684768 140.853862,-2.683140 140.853257,-2.682077 140.850493,-2.682360 140.850243,-2.682057 140.848673,-2.681963 140.848895,-2.681514 140.848394,-2.681204 140.847983,-2.680533 140.847146,-2.680246 140.846325,-2.680616 140.846096,-2.682495 140.845929,-2.682598 140.845813,-2.683337 140.845280,-2.684114 140.845120,-2.684225 140.845479,-2.685207 140.843772,-2.685038 140.842914,-2.685259 140.842364,-2.686060 140.842803,-2.688028 140.842424,-2.688291 140.842424,-2.688833 140.842424,-2.689104 140.842154,-2.689104 140.841885,-2.689104 140.841420,-2.689710 140.838767,-2.689256 140.838650,-2.689103 140.837841,-2.689103 140.836763,-2.689103 140.835954,-2.689103 140.835954,-2.688832 140.835748,-2.688640 140.833133,-2.682800 140.833063,-2.681038 140.834458,-2.677825 140.834546,-2.675615 140.833940,-2.674323 140.833131,-2.672786 140.833467,-2.670918 140.834367,-2.670439 140.837087,-2.669723 140.840390,-2.669405 140.844663,-2.665493 140.845672,-2.663768 140.846427,-2.663738 140.848695,-2.666200 140.850104,-2.667287 140.852353,-2.668882 140.851462,-2.670270 140.850397,-2.671826 140.850343,-2.673197 140.850772,-2.673663 140.851332,-2.674185 140.851721,-2.674607 140.852001,-2.674868 140.852130,-2.675009 140.852400,-2.675009 140.852670,-2.675009 140.852670,-2.675280 140.854125,-2.675930 140.856941,-2.675155 140.857985,-2.675516 140.859679,-2.677494 140.860945,-2.678204 140.863815,-2.678990 140.865904,-2.680163 140.867034,-2.677616 140.867226,-2.677450 140.867704,-2.675768 140.867346,-2.673534 140.867227,-2.672570 140.866957,-2.672570 140.866957,-2.671486 140.866815,-2.671358 140.865895,-2.667999 140.863392,-2.668149 140.862694,-2.667768 140.862791,-2.666146 140.863184,-2.665793 140.863456,-2.665253 140.863993,-2.664980 140.864158,-2.664787 140.865216,-2.664312 140.866095,-2.663819 140.866946,-2.662452 140.866798,-2.660591 140.865494,-2.659975 140.862344,-2.660549 140.860758,-2.661455 140.860758,-2.661997 140.860489,-2.661997 140.858268,-2.661802 140.857860,-2.659223 140.856026,-2.658353 140.853003,-2.656021 140.850645,-2.655360 140.849308,-2.654807 140.848042,-2.654546 140.845283,-2.655685 140.842949,-2.655592 140.839983,-2.654546 140.837856,-2.656854 140.837219,-2.657448 140.834719,-2.657787 140.834765,-2.656620 140.835689,-2.655759 140.836223,-2.655159 140.837385,-2.654415 140.837784,-2.653542 140.837020,-2.652441 140.833092,-2.652107 140.832597,-2.653191 140.831733,-2.654312 140.829625,-2.654967 140.828327,-2.656427 140.827950,-2.661660 140.826390,-2.662392 140.824509,-2.660665 140.825049,-2.659152 140.825010,-2.658486 140.823712,-2.658069 140.823390,-2.661175 140.822114,-2.662320 140.820918,-2.662662 140.819342,-2.660887 140.817897,-2.660094 140.817627,-2.660094 140.817627,-2.659823 140.817357,-2.658715 140.817859,-2.656747 140.818277,-2.656139 140.818437,-2.656028 140.818654,-2.654771 140.819085,-2.653468 140.821273,-2.653742 140.822434,-2.653408 140.824932,-2.652275 140.826577,-2.648206 140.826914,-2.646720 140.825944,-2.645383 140.824369,-2.645185 140.824057,-2.645577 140.822579,-2.645332 140.821254,-2.644522 140.821134,-2.644371 140.820758,-2.644100 140.821134,-2.643829 140.820735,-2.643146 140.817483,-2.639540 140.813446,-2.637959 140.810676,-2.635822 140.807689,-2.634715 140.806216,-2.633930 140.802591,-2.633612 140.800052,-2.630131 140.799841,-2.629458 140.799571,-2.629458 140.799571,-2.629187 140.797569,-2.627462 140.795579,-2.626307 140.795259,-2.625933 140.794989,-2.625933 140.794720,-2.625933 140.794720,-2.625662 140.794450,-2.625662 140.794450,-2.625391 140.793911,-2.624578 140.792978,-2.623890 140.791610,-2.623367 140.789763,-2.621830 140.789101,-2.621057 140.789608,-2.620145 140.791900,-2.619843 140.793108,-2.619166 140.793498,-2.618038 140.791614,-2.617192 140.791363,-2.612233 140.790820,-2.611254 140.789596,-2.609518 140.786917,-2.607964 140.785019,-2.607769 140.785109,-2.607949 140.785467,-2.608131 140.785769,-2.608732 140.786366,-2.608853 140.788337,-2.610019 140.789725,-2.611839 140.789861,-2.615307 140.789460,-2.616846 140.789122,-2.618622 140.787852,-2.620477 140.788153,-2.622255 140.790008,-2.623352 140.791295,-2.624345 140.792434,-2.624708 140.794580,-2.626616 140.798126,-2.628713 140.799711,-2.630673 140.800138,-2.631582 140.801776,-2.634134 140.803249,-2.635154 140.805610,-2.634533 140.807650,-2.635944 140.810038,-2.636517 140.813715,-2.639855 140.813776,-2.641406 140.811858,-2.643776 140.811819,-2.644750 140.812851,-2.645871 140.816169,-2.648765 140.819509,-2.649123 140.821601,-2.650737 140.822394,-2.650461 140.824767,-2.648632 140.824413,-2.651151 140.823159,-2.652019 140.821238,-2.652525 140.817961,-2.651560 140.816694,-2.652005 140.816649,-2.653157 140.817488,-2.654753 140.817229,-2.655897 140.816420,-2.657877 140.816763,-2.660283 140.817218,-2.660777 140.818746,-2.661680 140.819949,-2.663739 140.821178,-2.663788 140.822085,-2.663358 140.823364,-2.662678 140.824662,-2.662626 140.825315,-2.662936 140.827065,-2.663868 140.828229,-2.662784 140.828816,-2.661100 140.829147,-2.656588 140.830490,-2.655659 140.833589,-2.654747 140.834023,-2.655152 140.833672,-2.655900 140.832594,-2.657949 140.833386,-2.659142 140.837119,-2.658631 140.839525,-2.657069 140.839924,-2.656636 140.840829,-2.658045 140.843517,-2.657098 140.848180,-2.656913 140.848758,-2.658011 140.848317,-2.659954 140.847949,-2.659968 140.846935,-2.659428 140.845576,-2.659374 140.843387,-2.661062 140.841825,-2.661803 140.840684,-2.662866 140.840660,-2.663454 140.841091,-2.665107 140.840624,-2.664818 140.839920,-2.664054 140.838333,-2.663494 140.837220,-2.663450 140.835879,-2.664698 140.835499,-2.665787 140.835568,-2.667525 140.834798,-2.668360 140.834200,-2.667828 140.833841,-2.665937 140.832401,-2.665879 140.831335,-2.666571 140.830895,-2.667408 140.831034,-2.670939 140.830951,-2.673021 140.831986,-2.675992 140.831243,-2.678842 140.831502,-2.682737 140.831783,-2.684634 140.830219,-2.685376 140.829322,-2.686552 140.828580,-2.688908 140.828266,-2.689504 140.827503,-2.691128 140.826292,-2.691176 140.826885,-2.689296 140.827306,-2.688497 140.826660,-2.684763 140.827012,-2.683469 140.829615,-2.680509 140.829279,-2.679518 140.825949,-2.679197 140.824510,-2.675265 140.824485,-2.674645 140.824998,-2.673553 140.826382,-2.671844 140.826100,-2.671001 140.822406,-2.670291 140.819830,-2.668691 140.819252,-2.666856 140.818036,-2.665917 140.816501,-2.665428 140.815600,-2.664843 140.814425,-2.664029 140.813443,-2.664290 140.811275,-2.665054 140.809939,-2.665374 140.807643,-2.666183 140.804148,-2.664841 140.802709,-2.665236 140.801155,-2.667224 140.799561,-2.667882 140.797733,-2.668464 140.797031,-2.669118 140.796305,-2.670247 140.794859,-2.670304 140.792579,-2.669866 140.791920,-2.667081 140.790646,-2.664901 140.789002,-2.664025 140.787378,-2.664388 140.783890,-2.665753 140.783261,-2.666947 140.783592,-2.667713 140.784868,-2.670140 140.784484,-2.671522 140.783314,-2.672144 140.780570,-2.672253 140.780254,-2.670259 140.779333,-2.671210 140.780262,-2.672075 140.776798,-2.676186 140.775447,-2.676905 140.774370,-2.677416 140.774323,-2.678607 140.774623,-2.678933 140.778263,-2.679284 140.779732,-2.679982 140.779765,-2.680809 140.777997,-2.680879 140.773966,-2.680718 140.773274,-2.681362 140.772792,-2.681885 140.772299,-2.679801 140.771440,-2.677070 140.770560,-2.676461 140.768738,-2.676533 140.768123,-2.675634 140.768258,-2.672226 140.766979,-2.671341 140.764735,-2.671667 140.764380,-2.672685 140.763923,-2.674137 140.763459,-2.675125 140.762560,-2.674788 140.761271,-2.672904 140.760351,-2.671155 140.760327,-2.670541 140.761102,-2.668643 140.761164,-2.667094 140.760870,-2.665543 140.759812,-2.663532 140.759799,-2.663197 140.761417,-2.661198 140.760889,-2.659944 140.760609,-2.659683 140.757193,-2.655909 140.755484,-2.654316 140.754469,-2.652151 140.753775,-2.651137 140.751818,-2.646965 140.750373,-2.646908 140.749053,-2.646960 140.749010,-2.645877 140.749780,-2.645042 140.750716,-2.645450 140.752597,-2.646609 140.754130,-2.645882 140.754192,-2.644307 140.753453,-2.643156 140.751188,-2.642080 140.753334,-2.640727 140.754381,-2.640686 140.757718,-2.642758 140.759801,-2.645803 140.759840,-2.646801 140.759675,-2.650950 140.761954,-2.653074 140.761968,-2.653447 140.761429,-2.655517 140.762094,-2.657349 140.762972,-2.658302 140.765622,-2.658860 140.767797,-2.657894 140.769152,-2.656118 140.769658,-2.654667 140.769200,-2.652463 140.769506,-2.651813 140.770043,-2.650793 140.770075,-2.649972 140.769517,-2.649102 140.768439,-2.647687 140.768741,-2.647124 140.770313,-2.645660 140.770387,-2.643769 140.769248,-2.642104 140.769578,-2.641008 140.771864,-2.637748 140.773137,-2.637413 140.775869,-2.637988 140.776697,-2.637433 140.777289,-2.635734 140.777689,-2.631968 140.778603,-2.630976 140.779604,-2.630936 140.782179,-2.632307 140.783223,-2.632803 140.785103,-2.634342 140.786111,-2.633864 140.786761,-2.632628 140.786477,-2.631370 140.785711,-2.629173 140.787571,-2.626735 140.786208,-2.625530 140.783785,-2.625825 140.779190,-2.628504 140.774502,-2.628641 140.769803,-2.628974 140.767248,-2.627904 140.765210,-2.628511 140.763847,-2.628767 140.763450,-2.628910 140.763158,-2.629263 140.760380,-2.629547 140.758217,-2.628301 140.754634,-2.627763 140.752248,-2.626722 140.751590,-2.625925 140.751321,-2.625925 140.750781,-2.625925 140.750782,-2.625654 140.749047,-2.624959 140.748204,-2.624722 140.747447,-2.624263 140.745908,-2.623629 140.745391,-2.623484 140.745121,-2.623484 140.745121,-2.623213 140.744673,-2.623122 140.743413,-2.622491 140.742695,-2.622399 140.742156,-2.622399 140.742156,-2.622128 140.741617,-2.622128 140.741617,-2.621857 140.741169,-2.621766 140.739375,-2.620867 140.739192,-2.620501 140.738782,-2.620371 140.734954,-2.619020 140.734180,-2.619860 140.734224,-2.620988 140.735132,-2.622715 140.737174,-2.625240 140.738107,-2.626519 140.737842,-2.627278 140.737842,-2.627549 140.737842,-2.627820 140.737573,-2.627820 140.737080,-2.630771 140.736107,-2.631497 140.735415,-2.631886 140.735263,-2.632004 140.734337,-2.633241 140.735035,-2.633131 140.735685,-2.632970 140.735965,-2.632644 140.739418,-2.631599 140.741371,-2.630080 140.743628,-2.626983 140.743379,-2.625778 140.743001,-2.624744 140.743971,-2.624666 140.747064,-2.624984 140.749079,-2.625889 140.749578,-2.626322 140.749703,-2.626467 140.750113,-2.626598 140.753700,-2.628691 140.757210,-2.629115 140.757520,-2.629451 140.758035,-2.629607 140.759410,-2.631212 140.762674,-2.631514 140.763055,-2.632559 140.763419,-2.634172 140.764315,-2.634244 140.765381,-2.633321 140.765751,-2.632309 140.766350,-2.629659 140.767426,-2.629572 140.769626,-2.630385 140.771336,-2.630699 140.772180,-2.632601 140.773009,-2.634095 140.772650,-2.635427 140.770211,-2.637526 140.768445,-2.638273 140.767036,-2.638700 140.765963,-2.640421 140.763056,-2.640077 140.761229,-2.638493 140.759728,-2.636390 140.758934,-2.636326 140.757293,-2.639187 140.753746,-2.638900 140.750170,-2.641151 140.749825,-2.641774 140.749196,-2.643438 140.747586,-2.646023 140.747003,-2.646527 140.746731,-2.647069 140.745655,-2.647611 140.745386,-2.647611 140.744595,-2.648676 140.746609,-2.649898 140.747641,-2.649600 140.749643,-2.648307 140.750829,-2.648682 140.751198,-2.649628 140.751594,-2.651058 140.753154,-2.652269 140.753741,-2.653035 140.754060,-2.653256 140.754280,-2.654119 140.754432,-2.654237 140.755358,-2.655475 140.755628,-2.655475 140.755628,-2.655746 140.756225,-2.655867 140.756436,-2.656288 140.756706,-2.656288 140.756706,-2.656559 140.756975,-2.656559 140.756975,-2.656830 140.756975,-2.657102 140.757888,-2.657810 140.758592,-2.658728 140.759199,-2.659294 140.760064,-2.660938 140.758734,-2.662882 140.758709,-2.663514 140.760065,-2.666092 140.760151,-2.668290 140.759938,-2.668488 140.759938,-2.668759 140.759938,-2.669030 140.759669,-2.669030 140.759544,-2.669447 140.759004,-2.670923 140.759808,-2.672458 140.761140,-2.674598 140.762363,-2.676079 140.762633,-2.676079 140.762632,-2.676350 140.763052,-2.676471 140.764097,-2.678331 140.765816,-2.678546 140.767221,-2.677514 140.768413,-2.677857 140.770663,-2.678187 140.770989,-2.679333 140.771258,-2.679333 140.771258,-2.679605 140.771478,-2.680505 140.771008,-2.681766 140.770214,-2.682286 140.769640,-2.682044 140.769371,-2.682044 140.769371,-2.681773 140.768445,-2.681620 140.766675,-2.681501 140.766675,-2.681772 140.766136,-2.681772 140.765886,-2.682064 140.764663,-2.683123 140.765087,-2.684299 140.769098,-2.684670 140.769519,-2.685431 140.769370,-2.685839 140.769370,-2.686110 140.769545,-2.687522 140.771257,-2.687737 140.771526,-2.687737 140.772063,-2.686811 140.773820,-2.685233 140.774109,-2.682137 140.775260,-2.681606 140.777585,-2.681918 140.780621,-2.682205 140.781323,-2.682995 140.780753,-2.685134 140.780840,-2.686609 140.781478,-2.687790 140.784397,-2.688183 140.785806,-2.688098 140.787208,-2.688476 140.788837,-2.690310 140.790269,-2.690579 140.791781,-2.690905 140.792880,-2.690839 140.793219,-2.688778 140.791268,-2.687877 140.790419,-2.686921 140.790548,-2.684759 140.790500,-2.683958 140.789773,-2.682611 140.788031,-2.681045 140.786481,-2.680564 140.785245,-2.680118 140.783531,-2.680834 140.782097,-2.681361 140.781228,-2.680383 140.780525,-2.678543 140.780569,-2.677800 140.782275,-2.676710 140.783506,-2.676784 140.785078,-2.678963 140.786099,-2.678594 140.785835,-2.674137 140.786498,-2.671889 140.786995,-2.669214 140.787339,-2.668577 140.788759,-2.667922 140.790104,-2.668408 140.791753,-2.671256 140.795023,-2.673052 140.795790,-2.673916 140.795960,-2.674034 140.795790,-2.674729 140.795790,-2.675000 140.795520,-2.675000 140.795339,-2.675360 140.794981,-2.675542 140.794851,-2.675954 140.793513,-2.677708 140.794070,-2.679847 140.793772,-2.681105 140.793233,-2.683174 140.794409,-2.685319 140.796467,-2.685974 140.796597,-2.686115 140.796866,-2.686115 140.797406,-2.686115 140.797406,-2.686386 140.798213,-2.686613 140.798871,-2.687710 140.798635,-2.689251 140.798146,-2.689630 140.797253,-2.690842 140.797018,-2.691419 140.796478,-2.692318 140.796713,-2.693317 140.796865,-2.693435 140.797284,-2.693314 140.798603,-2.691658 140.798753,-2.691537 140.799022,-2.690995 140.799203,-2.690635 140.799561,-2.690453 140.799561,-2.690182 140.799831,-2.690182 140.800300,-2.689548 140.801286,-2.690866 140.800909,-2.691809 140.801051,-2.692413 140.801559,-2.693244 140.803232,-2.693810 140.803335,-2.693978 140.804144,-2.693978 140.804144,-2.694249 140.804413,-2.694249 140.804413,-2.694520 140.806560,-2.695137 140.807918,-2.694521 140.807827,-2.694341 140.807288,-2.694066 140.807558,-2.693667 140.808325,-2.694043 140.808996,-2.693708 140.809425,-2.693055 140.809536,-2.691268 140.809253,-2.691064 140.808840,-2.688990 140.808728,-2.686930 140.808458,-2.686930 140.808458,-2.685846 140.808189,-2.685846 140.808189,-2.685033 140.807919,-2.685033 140.807919,-2.684219 140.807919,-2.683948 140.807767,-2.683830 140.807453,-2.682696 140.806572,-2.681508 140.805117,-2.681133 140.805763,-2.680966 140.805383,-2.679876 140.805095,-2.678656 140.804376,-2.677853 140.800911,-2.679881 140.800533,-2.680233 140.799811,-2.681358 140.799433,-2.680553 140.799154,-2.680021 140.799024,-2.678796 140.798755,-2.678796 140.798755,-2.678254 140.798356,-2.677882 140.798626,-2.675584 140.800213,-2.670546 140.801882,-2.669857 140.804753,-2.669101 140.807958,-2.669229 140.808870,-2.668637 140.810948,-2.667036 140.815255,-2.666865 140.817436,-2.667387 140.817850,-2.672169 140.818850,-2.673542 140.820255,-2.674208 140.821105,-2.676910 140.823880,-2.677443 140.824268,-2.678181 140.825010,-2.680540 140.826037,-2.681086 140.826934,-2.681372 140.826421,-2.682347 140.826110,-2.683539 140.825980,-2.686391 140.826159,-2.686753 140.826250,-2.688289 140.826003,-2.689253 140.825441,-2.689644 140.825441,-2.689915 140.825171,-2.689915 140.824502,-2.690062 140.822806,-2.689924 140.821937,-2.690412 140.821292,-2.691164 140.819550,-2.692673 140.818937,-2.694721 140.818286,-2.696274 140.817932,-2.700530 140.819460,-2.702388 140.821540,-2.703594 140.823387,-2.705131 140.823821,-2.705638 140.824240,-2.705851 140.824360,-2.706451 140.824710,-2.706609 140.824090,-2.706722 140.824090,-2.707535 140.823821,-2.707535 140.823677,-2.708056 140.823164,-2.709315 140.823012,-2.709433 140.823012,-2.709975 140.822742,-2.709975 140.822621,-2.710575 140.822203,-2.710788 140.822112,-2.710968 140.821394,-2.711330 140.820855,-2.711601 140.820685,-2.711878 140.819308,-2.712350 140.818595,-2.712853 140.818159,-2.712956 140.818159,-2.713227 140.817620,-2.713227 140.817173,-2.713878 140.816541,-2.714040 140.816101,-2.714682 140.814984,-2.715457 140.814544,-2.716098 140.814384,-2.716209 140.814384,-2.716480 140.814384,-2.716751 140.814114,-2.716751 140.813730,-2.717827 140.815462,-2.717022 140.815462,-2.716751 140.815732,-2.716751 140.816285,-2.716367 140.817190,-2.714693 140.817955,-2.714163 140.819086,-2.713871 140.820082,-2.714096 140.821469,-2.713510 140.821663,-2.713228 140.820455,-2.712996 140.820715,-2.712816 140.822742,-2.711873 140.822901,-2.711762 140.823452,-2.710960 140.824090,-2.710517 140.824309,-2.708363 140.825547,-2.707480 140.825596,-2.708093 140.825313,-2.709037 140.824769,-2.710017 140.824629,-2.710789 140.824808,-2.711151 140.824898,-2.712415</coordinates></LinearRing></outerBoundaryIs><innerBoundaryIs><LinearRing><coordinates>140.824925,-2.691949 140.823783,-2.693754 140.821370,-2.696485 140.820999,-2.699274 140.820714,-2.700072 140.820587,-2.700487 140.819127,-2.700334 140.818915,-2.696747 140.820350,-2.693435 140.820989,-2.692715 140.822997,-2.691152 140.824448,-2.691065 140.824925,-2.691949</coordinates></LinearRing></innerBoundaryIs><innerBoundaryIs><LinearRing><coordinates>140.844657,-2.690074 140.843662,-2.689383 140.844364,-2.687120 140.845533,-2.686857 140.846578,-2.688471 140.846357,-2.689536 140.845879,-2.689868 140.845659,-2.690189 140.844657,-2.690074</coordinates></LinearRing></innerBoundaryIs><innerBoundaryIs><LinearRing><coordinates>140.835748,-2.691130 140.836810,-2.690434 140.837562,-2.690265 140.838221,-2.690722 140.837958,-2.691245 140.836873,-2.691654 140.836763,-2.691814 140.835748,-2.691130</coordinates></LinearRing></innerBoundaryIs><innerBoundaryIs><LinearRing><coordinates>140.849289,-2.684442 140.849039,-2.684642 140.848229,-2.685005 140.847546,-2.686665 140.847103,-2.686281 140.848354,-2.684100 140.849289,-2.684442</coordinates></LinearRing></innerBoundaryIs><innerBoundaryIs><LinearRing><coordinates>140.849475,-2.664009 140.848226,-2.662155 140.848675,-2.660266 140.850079,-2.663177 140.850652,-2.664027 140.850784,-2.664436 140.849475,-2.664009</coordinates></LinearRing></innerBoundaryIs><innerBoundaryIs><LinearRing><coordinates>140.854741,-2.663505 140.861097,-2.663213 140.863115,-2.661658 140.865276,-2.661325 140.865740,-2.661917 140.865090,-2.663153 140.863188,-2.664055 140.861706,-2.665662 140.860348,-2.666465 140.859971,-2.666875 140.860424,-2.668613 140.860347,-2.670541 140.860716,-2.670803 140.862882,-2.670232 140.864797,-2.670309 140.865713,-2.671735 140.866224,-2.673893 140.865879,-2.675552 140.865739,-2.675422 140.865045,-2.675394 140.863001,-2.674855 140.862361,-2.674161 140.860078,-2.673795 140.857774,-2.671785 140.854574,-2.671912 140.853888,-2.672981 140.852218,-2.673241 140.852280,-2.671651 140.854312,-2.670450 140.855086,-2.669245 140.854652,-2.668000 140.852444,-2.666694 140.851732,-2.665922 140.851333,-2.665549 140.853299,-2.664617 140.854741,-2.663505</coordinates></LinearRing></innerBoundaryIs><innerBoundaryIs><LinearRing><coordinates>140.851323,-2.664978 140.850994,-2.664885 140.851231,-2.664648 140.851323,-2.664978</coordinates></LinearRing></innerBoundaryIs><innerBoundaryIs><LinearRing><coordinates>140.825356,-2.646903 140.825447,-2.647896 140.824278,-2.647307 140.824541,-2.646721 140.825356,-2.646903</coordinates></LinearRing></innerBoundaryIs><innerBoundaryIs><LinearRing><coordinates>140.777611,-2.677224 140.778833,-2.676977 140.779251,-2.677302 140.778924,-2.677555 140.778806,-2.677708 140.777611,-2.677224</coordinates></LinearRing></innerBoundaryIs><innerBoundaryIs><LinearRing><coordinates>140.772705,-2.683743 140.772335,-2.684755 140.771167,-2.684402 140.770787,-2.683716 140.771140,-2.682922 140.771817,-2.682336 140.772406,-2.681648 140.772705,-2.683743</coordinates></LinearRing></innerBoundaryIs><innerBoundaryIs><LinearRing><coordinates>140.768562,-2.683128 140.767109,-2.683004 140.768330,-2.682763 140.768562,-2.683128</coordinates></LinearRing></innerBoundaryIs><innerBoundaryIs><LinearRing><coordinates>140.767326,-2.672904 140.767091,-2.675011 140.766551,-2.676461 140.765318,-2.675741 140.765059,-2.674724 140.765059,-2.674182 140.765059,-2.673368 140.765329,-2.673368 140.765329,-2.672826 140.765598,-2.672826 140.765861,-2.672445 140.767326,-2.672904</coordinates></LinearRing></innerBoundaryIs><innerBoundaryIs><LinearRing><coordinates>140.763708,-2.656853 140.762932,-2.655753 140.763207,-2.652323 140.761304,-2.650009 140.760827,-2.647807 140.761086,-2.644573 140.760307,-2.643321 140.759798,-2.642880 140.759424,-2.642443 140.758770,-2.641876 140.758656,-2.640440 140.760009,-2.640984 140.761336,-2.641931 140.764547,-2.642424 140.765085,-2.643393 140.765459,-2.644237 140.765856,-2.644581 140.766991,-2.647733 140.768597,-2.650321 140.767919,-2.652178 140.767839,-2.653173 140.767974,-2.654857 140.767525,-2.655867 140.766265,-2.656958 140.766141,-2.657103 140.763708,-2.656853</coordinates></LinearRing></innerBoundaryIs><innerBoundaryIs><LinearRing><coordinates>140.740087,-2.624161 140.739460,-2.624296 140.739115,-2.624161 140.739460,-2.624025 140.740087,-2.624161</coordinates></LinearRing></innerBoundaryIs><innerBoundaryIs><LinearRing><coordinates>140.787812,-2.687339 140.783354,-2.686376 140.782452,-2.685076 140.782806,-2.684057 140.784706,-2.681919 140.787576,-2.682235 140.788786,-2.683322 140.789446,-2.684544 140.789191,-2.686528 140.788779,-2.687469 140.787812,-2.687339</coordinates></LinearRing></innerBoundaryIs><innerBoundaryIs><LinearRing><coordinates>140.794900,-2.680583 140.795373,-2.680349 140.795519,-2.680693 140.794900,-2.680583</coordinates></LinearRing></innerBoundaryIs><innerBoundaryIs><LinearRing><coordinates>140.796237,-2.683296 140.796423,-2.682945 140.797295,-2.682517 140.797406,-2.683404 140.796237,-2.683296</coordinates></LinearRing></innerBoundaryIs><innerBoundaryIs><LinearRing><coordinates>140.803245,-2.684906 140.804512,-2.686198 140.804757,-2.689264 140.803605,-2.690725 140.802733,-2.689969 140.802094,-2.688528 140.799976,-2.686881 140.800253,-2.686173 140.803245,-2.684906</coordinates></LinearRing></innerBoundaryIs></Polygon>
<Polygon><outerBoundaryIs><LinearRing><coordinates>140.958883,-2.609684 140.959422,-2.609413 140.959604,-2.609053 140.959962,-2.608871 140.960391,-2.608218 140.960501,-2.607787 140.960030,-2.607855 140.958952,-2.608934 140.958883,-2.609684</coordinates></LinearRing></outerBoundaryIs></Polygon>
<Polygon><outerBoundaryIs><LinearRing><coordinates>140.972631,-2.608871 140.972631,-2.608600 140.974248,-2.608600 140.974518,-2.608600 140.975055,-2.608327 140.975326,-2.607787 140.969666,-2.607787 140.969666,-2.608058 140.970645,-2.608445 140.972244,-2.608718 140.972361,-2.608871 140.972631,-2.608871</coordinates></LinearRing></outerBoundaryIs></Polygon>
<Polygon><outerBoundaryIs><LinearRing><coordinates>140.686899,-2.615067 140.686789,-2.614094 140.686434,-2.613847 140.686789,-2.613601 140.687009,-2.613280 140.687919,-2.613046 140.687526,-2.612773 140.688508,-2.611279 140.689021,-2.609269 140.689877,-2.608948 140.689590,-2.607661 140.689327,-2.607478 140.689326,-2.608020 140.689057,-2.608020 140.689057,-2.608833 140.688787,-2.608833 140.688483,-2.610025 140.688248,-2.610188 140.688248,-2.610459 140.688248,-2.610730 140.687978,-2.610730 140.687618,-2.611452 140.687439,-2.611543 140.687439,-2.611814 140.687439,-2.612086 140.687169,-2.612085 140.687169,-2.612357 140.686899,-2.612356 140.686899,-2.612628 140.686630,-2.612628 140.686537,-2.613076 140.685997,-2.613775 140.686526,-2.614870 140.686899,-2.615067</coordinates></LinearRing></outerBoundaryIs></Polygon>
<Polygon><outerBoundaryIs><LinearRing><coordinates>140.966161,-2.607245 140.965892,-2.607245 140.966027,-2.607592 140.966161,-2.607245</coordinates></LinearRing></outerBoundaryIs></Polygon>
<Polygon><outerBoundaryIs><LinearRing><coordinates>140.980095,-2.607488 140.980448,-2.606974 140.977217,-2.607209 140.976944,-2.607516 140.978388,-2.607873 140.980095,-2.607488</coordinates></LinearRing></outerBoundaryIs></Polygon>
<Polygon><outerBoundaryIs><LinearRing><coordinates>140.961849,-2.606973 140.961579,-2.606595 140.961309,-2.606973 140.961849,-2.606973</coordinates></LinearRing></outerBoundaryIs></Polygon>
<Polygon><outerBoundaryIs><LinearRing><coordinates>140.782862,-2.606142 140.782432,-2.605926 140.782215,-2.606357 140.781784,-2.606142 140.781784,-2.606413 140.781515,-2.606413 140.781333,-2.606773 140.780975,-2.606955 140.780885,-2.607406 140.780505,-2.608175 140.780706,-2.608581 140.780706,-2.609123 140.781424,-2.609486 140.781514,-2.609666 140.781963,-2.609575 140.783039,-2.609037 140.783313,-2.608493 140.783850,-2.608220 140.783940,-2.608040 140.783671,-2.608040 140.783132,-2.608039 140.783132,-2.608311 140.782323,-2.608310 140.781875,-2.608963 140.781167,-2.608337 140.782323,-2.608039 140.782414,-2.607317 140.782772,-2.606593 140.782862,-2.606142</coordinates></LinearRing></outerBoundaryIs></Polygon>
<Polygon><outerBoundaryIs><LinearRing><coordinates>140.691483,-2.605309 140.691484,-2.605038 140.691214,-2.605038 140.691214,-2.605309 140.691483,-2.605309</coordinates></LinearRing></outerBoundaryIs></Polygon>
<Polygon><outerBoundaryIs><LinearRing><coordinates>140.990422,-2.605889 140.990422,-2.605618 140.990961,-2.605618 140.991173,-2.605197 140.992218,-2.604985 140.992309,-2.604805 140.990534,-2.604918 140.987121,-2.605604 140.986917,-2.605889 140.987955,-2.606282 140.990422,-2.605889</coordinates></LinearRing></outerBoundaryIs></Polygon>
<Polygon><outerBoundaryIs><LinearRing><coordinates>140.909823,-2.621610 140.909526,-2.621263 140.908180,-2.620291 140.904259,-2.619395 140.902545,-2.619169 140.902672,-2.620126 140.903480,-2.622081 140.903095,-2.622815 140.900900,-2.622023 140.899707,-2.622279 140.898472,-2.622724 140.897367,-2.621481 140.895366,-2.621837 140.893717,-2.622996 140.890727,-2.624359 140.888253,-2.625252 140.887624,-2.625289 140.887307,-2.625004 140.886626,-2.623927 140.886231,-2.623903 140.884215,-2.624446 140.883390,-2.624137 140.881661,-2.622006 140.881365,-2.621740 140.882228,-2.621342 140.883504,-2.618981 140.883641,-2.616668 140.883029,-2.616118 140.882598,-2.615372 140.880289,-2.614983 140.879902,-2.614830 140.879775,-2.614973 140.877079,-2.616452 140.877352,-2.619519 140.878696,-2.620379 140.878951,-2.620666 140.879486,-2.621147 140.879649,-2.623904 140.878681,-2.623648 140.878419,-2.621682 140.876540,-2.619566 140.876152,-2.619218 140.875582,-2.616751 140.874965,-2.616057 140.872893,-2.616434 140.871942,-2.617668 140.871016,-2.618951 140.869303,-2.620046 140.868712,-2.621140 140.868433,-2.624413 140.867154,-2.624489 140.865724,-2.623204 140.863897,-2.620832 140.863855,-2.620114 140.863918,-2.619054 140.862792,-2.618751 140.860890,-2.618495 140.857960,-2.617589 140.856038,-2.617139 140.855513,-2.616852 140.855232,-2.616869 140.853620,-2.616434 140.851060,-2.617123 140.849520,-2.616859 140.847620,-2.615524 140.846441,-2.615453 140.845526,-2.616038 140.844440,-2.616800 140.842975,-2.615658 140.841205,-2.614841 140.839877,-2.614115 140.837554,-2.614953 140.837220,-2.614210 140.837978,-2.612086 140.837627,-2.610427 140.836646,-2.610073 140.834667,-2.609763 140.834347,-2.609403 140.832191,-2.609131 140.831929,-2.609513 140.827545,-2.609282 140.827069,-2.608588 140.822487,-2.608046 140.822239,-2.608394 140.820395,-2.608764 140.818826,-2.608203 140.818444,-2.607503 140.817221,-2.607377 140.815479,-2.607231 140.814670,-2.607231 140.814670,-2.606960 140.813163,-2.606849 140.811864,-2.606528 140.810357,-2.606417 140.809959,-2.606597 140.809126,-2.606336 140.809009,-2.606146 140.808740,-2.606146 140.808740,-2.605875 140.807364,-2.605634 140.804112,-2.604699 140.803079,-2.604519 140.803969,-2.605678 140.805260,-2.606462 140.807275,-2.606806 140.807392,-2.606959 140.808867,-2.607374 140.813305,-2.607674 140.815082,-2.608715 140.816261,-2.609634 140.818044,-2.609528 140.820724,-2.610148 140.825496,-2.609419 140.825721,-2.609673 140.825991,-2.609673 140.826261,-2.609673 140.826261,-2.609944 140.826530,-2.609944 140.826530,-2.610215 140.826902,-2.610537 140.828019,-2.612487 140.828729,-2.612545 140.831740,-2.611201 140.833390,-2.611068 140.836109,-2.611426 140.836234,-2.611572 140.836592,-2.611754 140.836773,-2.612114 140.836592,-2.612474 140.836234,-2.612656 140.836234,-2.612927 140.835961,-2.613282 140.834894,-2.613924 140.835964,-2.615367 140.836376,-2.615495 140.837373,-2.616040 140.839219,-2.616387 140.840367,-2.618203 140.840687,-2.618222 140.841681,-2.617680 140.842306,-2.617935 140.844113,-2.621266 140.845001,-2.622544 140.845128,-2.622959 140.846027,-2.623073 140.845844,-2.623414 140.844724,-2.623974 140.844319,-2.623772 140.843780,-2.623772 140.843780,-2.623501 140.841823,-2.622938 140.841624,-2.622687 140.840766,-2.622465 140.840546,-2.622145 140.837730,-2.621790 140.837580,-2.621602 140.837311,-2.621602 140.835584,-2.621170 140.834615,-2.621060 140.834076,-2.621060 140.832694,-2.620823 140.832459,-2.620517 140.829559,-2.620166 140.826673,-2.620821 140.827482,-2.621184 140.828271,-2.621747 140.829099,-2.622269 140.830161,-2.623026 140.830302,-2.623499 140.830572,-2.623499 140.830572,-2.623770 140.830801,-2.624320 140.830032,-2.624854 140.829493,-2.624854 140.826774,-2.624512 140.823753,-2.625379 140.821281,-2.626840 140.819743,-2.628773 140.818968,-2.629040 140.818441,-2.628377 140.818029,-2.628249 140.817003,-2.627878 140.815282,-2.627981 140.814270,-2.629404 140.814951,-2.630664 140.817362,-2.630816 140.817362,-2.630545 140.817632,-2.630545 140.817901,-2.630545 140.817901,-2.630274 140.818440,-2.630274 140.818441,-2.630003 140.818710,-2.630003 140.819032,-2.629478 140.819663,-2.629281 140.821303,-2.629836 140.821406,-2.630004 140.823123,-2.630230 140.823292,-2.631902 140.823292,-2.632715 140.823292,-2.633257 140.823562,-2.633257 140.823562,-2.633528 140.823562,-2.633799 140.823831,-2.633799 140.823831,-2.634070 140.824101,-2.634070 140.824101,-2.634342 140.824370,-2.634884 140.824640,-2.634884 140.824640,-2.635155 140.825289,-2.635315 140.826796,-2.635426 140.827156,-2.635246 140.828144,-2.635155 140.830088,-2.634956 140.830507,-2.634013 140.829793,-2.633000 140.828000,-2.632590 140.827605,-2.632444 140.827336,-2.632444 140.826797,-2.632444 140.826797,-2.632173 140.826409,-2.631837 140.826349,-2.631084 140.826735,-2.630214 140.827942,-2.629672 140.829194,-2.627488 140.830287,-2.626998 140.830716,-2.626626 140.831645,-2.625325 140.832189,-2.624855 140.832728,-2.624855 140.834196,-2.625276 140.835304,-2.625518 140.835423,-2.625668 140.836232,-2.625668 140.837158,-2.625821 140.839197,-2.625940 140.839736,-2.625940 140.840935,-2.626091 140.843390,-2.626332 140.843510,-2.626483 140.844588,-2.626483 140.844588,-2.626754 140.844858,-2.626754 140.846735,-2.627966 140.847823,-2.627296 140.848004,-2.626936 140.848362,-2.626754 140.848362,-2.626483 140.848632,-2.626483 140.848752,-2.626333 140.850615,-2.625195 140.851148,-2.623321 140.852049,-2.620966 140.851573,-2.620151 140.849172,-2.620451 140.848274,-2.620339 140.846092,-2.618583 140.845708,-2.617667 140.846207,-2.617266 140.846526,-2.616633 140.847464,-2.616815 140.847555,-2.616995 140.848246,-2.617113 140.850950,-2.618195 140.853331,-2.617149 140.854390,-2.617583 140.854563,-2.617809 140.855190,-2.617945 140.854563,-2.618080 140.854443,-2.618502 140.853704,-2.620223 140.854628,-2.621183 140.856243,-2.620559 140.856450,-2.618894 140.855812,-2.618742 140.857259,-2.618623 140.857528,-2.618244 140.857798,-2.618623 140.858479,-2.618751 140.859670,-2.619180 140.861663,-2.619800 140.862253,-2.620649 140.863186,-2.622260 140.865169,-2.624043 140.865803,-2.626815 140.865019,-2.627697 140.864124,-2.627441 140.862966,-2.626628 140.861931,-2.626991 140.860853,-2.627748 140.858514,-2.628474 140.857669,-2.629689 140.858089,-2.630900 140.859354,-2.632037 140.859144,-2.635430 140.860135,-2.636175 140.860913,-2.635855 140.861570,-2.635431 140.861570,-2.635160 140.861839,-2.635160 140.861930,-2.634708 140.862288,-2.633984 140.862470,-2.632533 140.863009,-2.631456 140.863188,-2.631364 140.864071,-2.630214 140.865652,-2.629979 140.865883,-2.630280 140.866153,-2.630280 140.866423,-2.630280 140.866423,-2.630552 140.866582,-2.630662 140.867300,-2.631709 140.868261,-2.632114 140.869665,-2.631798 140.869927,-2.632178 140.870196,-2.632178 140.870466,-2.632179 140.870466,-2.632450 140.870880,-2.632575 140.872194,-2.633512 140.875033,-2.634372 140.875645,-2.634903 140.877055,-2.636735 140.878427,-2.637727 140.881081,-2.640142 140.882461,-2.640253 140.884538,-2.640085 140.886551,-2.641215 140.889773,-2.641718 140.890298,-2.641264 140.888689,-2.639307 140.888548,-2.637546 140.888796,-2.637331 140.888796,-2.637060 140.889608,-2.635643 140.892233,-2.634641 140.892859,-2.634098 140.893234,-2.633662 140.893637,-2.633312 140.894332,-2.632326 140.894997,-2.631260 140.895535,-2.631097 140.895805,-2.631097 140.899189,-2.631217 140.900874,-2.632573 140.902633,-2.632001 140.903472,-2.630947 140.903622,-2.630826 140.903622,-2.629471 140.903622,-2.628115 140.903408,-2.628006 140.903622,-2.627573 140.903622,-2.627302 140.904162,-2.627302 140.904424,-2.626920 140.906390,-2.627164 140.906857,-2.627844 140.906857,-2.628115 140.907004,-2.628238 140.907468,-2.629315 140.909360,-2.628226 140.911219,-2.628571 140.912064,-2.627865 140.912371,-2.627154 140.912518,-2.627031 140.912317,-2.626625 140.912518,-2.626218 140.912518,-2.625947 140.912788,-2.625947 140.912909,-2.625342 140.913485,-2.625059 140.913596,-2.625947 140.913876,-2.627045 140.914515,-2.627463 140.916022,-2.627574 140.916561,-2.627303 140.917135,-2.627800 140.918598,-2.629876 140.917784,-2.631819 140.918129,-2.634394 140.920188,-2.635267 140.920818,-2.635318 140.921538,-2.634477 140.921683,-2.634352 140.921683,-2.633809 140.921952,-2.633809 140.922021,-2.633336 140.922423,-2.632927 140.922560,-2.631710 140.922761,-2.631641 140.922761,-2.630556 140.922761,-2.630285 140.923031,-2.630285 140.923031,-2.630014 140.923300,-2.630014 140.923521,-2.629576 140.924648,-2.629472 140.924918,-2.629472 140.925028,-2.629312 140.925729,-2.629048 140.926240,-2.628303 140.925996,-2.627303 140.925727,-2.627303 140.925727,-2.626761 140.925302,-2.626646 140.924014,-2.625844 140.923725,-2.626917 140.923570,-2.627032 140.923570,-2.627303 140.923449,-2.627904 140.923031,-2.628117 140.922477,-2.628762 140.920605,-2.629472 140.919556,-2.629859 140.919796,-2.629201 140.919526,-2.629201 140.919527,-2.626490 140.919183,-2.626354 140.919720,-2.626142 140.919796,-2.625948 140.919796,-2.625677 140.920335,-2.625677 140.920605,-2.625677 140.921535,-2.625447 140.922644,-2.625697 140.923680,-2.625448 140.923031,-2.624050 140.923031,-2.623779 140.922762,-2.623779 140.922762,-2.623508 140.922762,-2.622966 140.922762,-2.621881 140.923031,-2.621881 140.923031,-2.621068 140.923301,-2.621068 140.923301,-2.619713 140.923031,-2.619713 140.923031,-2.618899 140.922762,-2.618899 140.922762,-2.616460 140.922871,-2.615594 140.923301,-2.615375 140.923301,-2.615104 140.923571,-2.615104 140.923571,-2.614833 140.923840,-2.614833 140.924112,-2.614293 140.924649,-2.614020 140.924921,-2.613480 140.925458,-2.613207 140.925729,-2.612667 140.926267,-2.612394 140.927287,-2.612141 140.927884,-2.612394 140.928742,-2.612615 140.928962,-2.612936 140.929232,-2.612936 140.929501,-2.612936 140.929501,-2.613207 140.930359,-2.613428 140.930579,-2.613749 140.930849,-2.613749 140.931119,-2.613749 140.931118,-2.614020 140.931388,-2.614020 140.931768,-2.614181 140.933382,-2.614598 140.933544,-2.614834 140.933814,-2.614834 140.934623,-2.614834 140.934373,-2.614543 140.932132,-2.613243 140.930654,-2.612795 140.930310,-2.612394 140.930040,-2.612394 140.930040,-2.612123 140.929322,-2.612032 140.928063,-2.611400 140.927614,-2.611309 140.927345,-2.611309 140.927345,-2.611038 140.926806,-2.611038 140.925727,-2.611309 140.925562,-2.611834 140.923960,-2.613327 140.923441,-2.613890 140.922445,-2.614818 140.922042,-2.615583 140.922365,-2.621517 140.921683,-2.622152 140.921480,-2.624159 140.919088,-2.624352 140.918449,-2.623237 140.917370,-2.623237 140.916961,-2.624180 140.916449,-2.625806 140.915093,-2.625860 140.914136,-2.623779 140.912788,-2.623778 140.912788,-2.624050 140.912518,-2.624050 140.912372,-2.624622 140.911011,-2.624973 140.909727,-2.625515 140.907843,-2.625267 140.907237,-2.624481 140.906930,-2.623277 140.906208,-2.622804 140.904701,-2.622693 140.904566,-2.622962 140.904162,-2.622151 140.904162,-2.620796 140.904432,-2.620796 140.904432,-2.620525 140.904701,-2.620525 140.905240,-2.620525 140.905375,-2.620178 140.905510,-2.620525 140.905779,-2.620525 140.907247,-2.620947 140.908355,-2.621188 140.908475,-2.621338 140.909174,-2.621449 140.909823,-2.621610</coordinates></LinearRing></outerBoundaryIs><innerBoundaryIs><LinearRing><coordinates>140.901029,-2.623128 140.902368,-2.624288 140.902790,-2.626630 140.902544,-2.627302 140.902544,-2.627573 140.902005,-2.627573 140.897962,-2.627573 140.897962,-2.627301 140.896883,-2.627301 140.894212,-2.627187 140.893501,-2.626151 140.893379,-2.625675 140.893165,-2.625566 140.893379,-2.625132 140.893576,-2.624360 140.894712,-2.623617 140.896031,-2.623320 140.896345,-2.623777 140.897618,-2.624716 140.898646,-2.624465 140.901029,-2.623128</coordinates></LinearRing></innerBoundaryIs><innerBoundaryIs><LinearRing><coordinates>140.903505,-2.625462 140.903789,-2.624551 140.904777,-2.624404 140.905133,-2.624998 140.904818,-2.625522 140.904701,-2.625947 140.903505,-2.625462</coordinates></LinearRing></innerBoundaryIs><innerBoundaryIs><LinearRing><coordinates>140.882705,-2.627995 140.881631,-2.628769 140.881518,-2.628927 140.880351,-2.628617 140.880104,-2.627359 140.881192,-2.626523 140.882370,-2.626289 140.882705,-2.627995</coordinates></LinearRing></innerBoundaryIs><innerBoundaryIs><LinearRing><coordinates>140.879243,-2.626625 140.878900,-2.629700 140.877588,-2.630649 140.876911,-2.630718 140.876249,-2.630430 140.874741,-2.629164 140.873167,-2.628188 140.872745,-2.627447 140.872416,-2.626319 140.870111,-2.623175 140.870032,-2.622395 140.870428,-2.621479 140.872936,-2.621156 140.874589,-2.620205 140.876480,-2.621378 140.876814,-2.622272 140.877108,-2.623605 140.877475,-2.624589 140.877745,-2.624589 140.877745,-2.624860 140.878284,-2.624860 140.878284,-2.625131 140.878553,-2.625131 140.878553,-2.625402 140.878911,-2.625584 140.879092,-2.625944 140.879243,-2.626625</coordinates></LinearRing></innerBoundaryIs><innerBoundaryIs><LinearRing><coordinates>140.885356,-2.628576 140.886692,-2.627827 140.890790,-2.628579 140.890890,-2.629832 140.890538,-2.630137 140.890414,-2.630283 140.888941,-2.630137 140.885457,-2.629844 140.885356,-2.628576</coordinates></LinearRing></innerBoundaryIs><innerBoundaryIs><LinearRing><coordinates>140.892450,-2.630143 140.892761,-2.628022 140.894188,-2.627844 140.894416,-2.629685 140.894187,-2.630283 140.892450,-2.630143</coordinates></LinearRing></innerBoundaryIs><innerBoundaryIs><LinearRing><coordinates>140.896144,-2.629847 140.895688,-2.628827 140.896561,-2.628268 140.899006,-2.628838 140.900657,-2.628592 140.902390,-2.628850 140.902661,-2.630316 140.901853,-2.630944 140.901735,-2.631097 140.900774,-2.630708 140.899461,-2.629588 140.898738,-2.629352 140.897572,-2.630059 140.896144,-2.629847</coordinates></LinearRing></innerBoundaryIs><innerBoundaryIs><LinearRing><coordinates>140.885419,-2.630968 140.891619,-2.631456 140.891222,-2.632810 140.888992,-2.632943 140.888796,-2.632722 140.886896,-2.632564 140.884097,-2.633749 140.882742,-2.633639 140.880808,-2.632116 140.880315,-2.630895 140.880709,-2.630553 140.880709,-2.630282 140.880979,-2.630282 140.881449,-2.630213 140.881856,-2.629809 140.882528,-2.629671 140.883073,-2.629129 140.883876,-2.629267 140.883944,-2.629740 140.885419,-2.630968</coordinates></LinearRing></innerBoundaryIs><innerBoundaryIs><LinearRing><coordinates>140.887541,-2.633687 140.889056,-2.634582 140.887972,-2.636436 140.887483,-2.638154 140.887651,-2.639510 140.887448,-2.640042 140.886644,-2.639901 140.884856,-2.638844 140.882461,-2.639143 140.881518,-2.639025 140.881128,-2.638535 140.880828,-2.638294 140.880527,-2.636208 140.879682,-2.635528 140.878822,-2.635635 140.878044,-2.635538 140.876786,-2.633958 140.876546,-2.633215 140.877532,-2.632797 140.878552,-2.632924 140.879345,-2.633920 140.881437,-2.634479 140.884120,-2.634740 140.887541,-2.633687</coordinates></LinearRing></innerBoundaryIs><innerBoundaryIs><LinearRing><coordinates>140.874634,-2.632847 140.874509,-2.632992 140.872704,-2.632755 140.871774,-2.631948 140.870947,-2.630983 140.868071,-2.630688 140.867387,-2.629453 140.867355,-2.629052 140.868640,-2.627938 140.869543,-2.625547 140.870752,-2.626715 140.871255,-2.629488 140.874005,-2.629993 140.875173,-2.632099 140.874924,-2.632596 140.874634,-2.632847</coordinates></LinearRing></innerBoundaryIs><innerBoundaryIs><LinearRing><coordinates>140.863025,-2.629748 140.861960,-2.631214 140.861840,-2.631635 140.860594,-2.631479 140.859165,-2.629770 140.862530,-2.628804 140.863025,-2.629748</coordinates></LinearRing></innerBoundaryIs><innerBoundaryIs><LinearRing><coordinates>140.894937,-2.630461 140.895173,-2.630224 140.895266,-2.630554 140.894937,-2.630461</coordinates></LinearRing></innerBoundaryIs><innerBoundaryIs><LinearRing><coordinates>140.880980,-2.623505 140.881788,-2.623505 140.881788,-2.624589 140.880979,-2.624589 140.880980,-2.623505</coordinates></LinearRing></innerBoundaryIs><innerBoundaryIs><LinearRing><coordinates>140.880887,-2.625072 140.880979,-2.625402 140.880651,-2.625309 140.880887,-2.625072</coordinates></LinearRing></innerBoundaryIs><innerBoundaryIs><LinearRing><coordinates>140.890684,-2.625674 140.890776,-2.625344 140.891012,-2.625582 140.890684,-2.625674 140.890684,-2.626488 140.890683,-2.626759 140.890414,-2.626759 140.890414,-2.627030 140.890144,-2.627030 140.889784,-2.627210 140.888450,-2.627392 140.888167,-2.626886 140.888797,-2.626759 140.888797,-2.626487 140.889066,-2.626487 140.889455,-2.625922 140.890414,-2.625674 140.890684,-2.625674</coordinates></LinearRing></innerBoundaryIs><innerBoundaryIs><LinearRing><coordinates>140.885397,-2.626089 140.885007,-2.627135 140.884099,-2.626855 140.883944,-2.626216 140.883557,-2.625842 140.884753,-2.625674 140.885397,-2.626089</coordinates></LinearRing></innerBoundaryIs><innerBoundaryIs><LinearRing><coordinates>140.881378,-2.616550 140.881639,-2.616878 140.881939,-2.617119 140.882058,-2.617541 140.882443,-2.617829 140.882120,-2.619546 140.881519,-2.619710 140.881249,-2.619709 140.880938,-2.620101 140.880289,-2.619859 140.878434,-2.618365 140.878770,-2.616998 140.880349,-2.616065 140.881378,-2.616550</coordinates></LinearRing></innerBoundaryIs><innerBoundaryIs><LinearRing><coordinates>140.847823,-2.624314 140.846898,-2.621977 140.847869,-2.621485 140.849781,-2.621979 140.849883,-2.622672 140.849488,-2.623640 140.847823,-2.624314 140.847535,-2.626020 140.846253,-2.626396 140.845280,-2.625640 140.845519,-2.624964 140.846863,-2.624432 140.847823,-2.624314</coordinates></LinearRing></innerBoundaryIs><innerBoundaryIs><LinearRing><coordinates>140.842709,-2.624210 140.843688,-2.624999 140.842822,-2.625248 140.842702,-2.625398 140.841504,-2.625247 140.837430,-2.625006 140.836112,-2.624705 140.833871,-2.624312 140.831889,-2.623472 140.830452,-2.621493 140.832878,-2.621722 140.834466,-2.622023 140.836113,-2.622265 140.838509,-2.622837 140.840384,-2.623166 140.841204,-2.623651 140.842709,-2.624210</coordinates></LinearRing></innerBoundaryIs><innerBoundaryIs><LinearRing><coordinates>140.821836,-2.628702 140.821781,-2.628009 140.822984,-2.627151 140.824564,-2.626265 140.826524,-2.625542 140.828270,-2.625835 140.827868,-2.626674 140.827023,-2.627659 140.825341,-2.628718 140.824703,-2.631660 140.825971,-2.633141 140.826921,-2.633674 140.827535,-2.633950 140.826382,-2.634467 140.826257,-2.634613 140.825035,-2.634104 140.824495,-2.633132 140.824228,-2.630781 140.823437,-2.629858 140.821836,-2.628702</coordinates></LinearRing></innerBoundaryIs><innerBoundaryIs><LinearRing><coordinates>140.816664,-2.629572 140.816554,-2.630003 140.816371,-2.629876 140.815680,-2.628808 140.817012,-2.629034 140.816664,-2.629572</coordinates></LinearRing></innerBoundaryIs><innerBoundaryIs><LinearRing><coordinates>140.860661,-2.633855 140.860911,-2.632903 140.861031,-2.634075 140.860661,-2.633855</coordinates></LinearRing></innerBoundaryIs><innerBoundaryIs><LinearRing><coordinates>140.918368,-2.626651 140.918841,-2.626417 140.918987,-2.626761 140.918368,-2.626651</coordinates></LinearRing></innerBoundaryIs><innerBoundaryIs><LinearRing><coordinates>140.917311,-2.627210 140.917547,-2.626972 140.917640,-2.627303 140.917311,-2.627210</coordinates></LinearRing></innerBoundaryIs><innerBoundaryIs><LinearRing><coordinates>140.918593,-2.633226 140.918997,-2.631301 140.921052,-2.630431 140.921792,-2.631194 140.921288,-2.632328 140.920460,-2.633393 140.920065,-2.634080 140.918593,-2.633226</coordinates></LinearRing></innerBoundaryIs><innerBoundaryIs><LinearRing><coordinates>140.918449,-2.624321 140.917829,-2.624211 140.918302,-2.623977 140.918449,-2.624321</coordinates></LinearRing></innerBoundaryIs></Polygon>
<Polygon><outerBoundaryIs><LinearRing><coordinates>140.693670,-2.604798 140.694098,-2.603293 140.693910,-2.603141 140.693371,-2.603412 140.693190,-2.603772 140.692832,-2.603954 140.692650,-2.604314 140.692292,-2.604496 140.692292,-2.604767 140.691753,-2.604767 140.691753,-2.605038 140.693670,-2.604798</coordinates></LinearRing></outerBoundaryIs></Polygon>
<Polygon><outerBoundaryIs><LinearRing><coordinates>140.797689,-2.600723 140.798303,-2.601618 140.799466,-2.601918 140.799576,-2.602078 140.800384,-2.602078 140.800384,-2.602349 140.800833,-2.602441 140.801732,-2.602892 140.801622,-2.602189 140.801034,-2.601968 140.800241,-2.601448 140.800005,-2.601105 140.799845,-2.600994 140.799576,-2.600994 140.798338,-2.600883 140.797689,-2.600723</coordinates></LinearRing></outerBoundaryIs></Polygon>
<Polygon><outerBoundaryIs><LinearRing><coordinates>140.797689,-2.600723 140.797689,-2.600451 140.797419,-2.600451 140.797419,-2.600722 140.797689,-2.600723</coordinates></LinearRing></outerBoundaryIs></Polygon>
<Polygon><outerBoundaryIs><LinearRing><coordinates>140.797419,-2.600180 140.797420,-2.599909 140.797150,-2.599909 140.797150,-2.600180 140.797419,-2.600180</coordinates></LinearRing></outerBoundaryIs></Polygon>
<Polygon><outerBoundaryIs><LinearRing><coordinates>140.714877,-2.600931 140.713261,-2.599630 140.711881,-2.599802 140.711701,-2.601248 140.711971,-2.601248 140.711970,-2.602061 140.712090,-2.602483 140.712952,-2.603177 140.715236,-2.603538 140.715594,-2.602810 140.714877,-2.600931</coordinates></LinearRing></outerBoundaryIs></Polygon>
<Polygon><outerBoundaryIs><LinearRing><coordinates>140.690676,-2.599074 140.690676,-2.599616 140.691933,-2.600250 140.692024,-2.600430 140.692293,-2.600430 140.692293,-2.600701 140.693151,-2.600923 140.693371,-2.601244 140.693641,-2.601244 140.693910,-2.601244 140.693910,-2.601515 140.694132,-2.601361 140.693919,-2.600407 140.692134,-2.599777 140.691312,-2.599238 140.690676,-2.599074</coordinates></LinearRing></outerBoundaryIs></Polygon>
<Polygon><outerBoundaryIs><LinearRing><coordinates>140.690676,-2.599074 140.690677,-2.597990 140.690407,-2.597990 140.690407,-2.599074 140.690676,-2.599074</coordinates></LinearRing></outerBoundaryIs></Polygon>
<Polygon><outerBoundaryIs><LinearRing><coordinates>140.661294,-2.602591 140.660410,-2.601796 140.660044,-2.600992 140.660610,-2.597793 140.659946,-2.597196 140.658683,-2.597886 140.658102,-2.599159 140.658668,-2.601286 140.657541,-2.603371 140.657690,-2.605898 140.659945,-2.608554 140.660363,-2.608767 140.660484,-2.609368 140.660954,-2.609437 140.661361,-2.609841 140.662564,-2.609979 140.662640,-2.608555 140.662641,-2.608013 140.662765,-2.607325 140.663124,-2.606010 140.663018,-2.604679 140.661294,-2.602591</coordinates></LinearRing></outerBoundaryIs><innerBoundaryIs><LinearRing><coordinates>140.660444,-2.607600 140.659745,-2.607037 140.658784,-2.605713 140.658502,-2.603428 140.659664,-2.602742 140.661908,-2.604550 140.662112,-2.606198 140.661682,-2.607320 140.661562,-2.607741 140.660444,-2.607600</coordinates></LinearRing></innerBoundaryIs></Polygon>
<Polygon><outerBoundaryIs><LinearRing><coordinates>140.620332,-2.596146 140.619840,-2.596257 140.619952,-2.596758 140.619785,-2.597157 140.620593,-2.597157 140.621312,-2.596795 140.621402,-2.596615 140.621402,-2.596344 140.621133,-2.596344 140.620332,-2.596146</coordinates></LinearRing></outerBoundaryIs></Polygon>
<Polygon><outerBoundaryIs><LinearRing><coordinates>140.691315,-2.596957 140.690947,-2.596092 140.690677,-2.596092 140.690677,-2.596634 140.690407,-2.597177 140.690407,-2.597448 140.691315,-2.596957</coordinates></LinearRing></outerBoundaryIs></Polygon>
<Polygon><outerBoundaryIs><LinearRing><coordinates>140.793832,-2.597114 140.792472,-2.596762 140.791649,-2.596224 140.790142,-2.596113 140.790052,-2.596293 140.789334,-2.596658 140.788704,-2.597919 140.788525,-2.598010 140.788269,-2.599486 140.786820,-2.601884 140.785357,-2.602067 140.784211,-2.601805 140.783765,-2.602455 140.783133,-2.602618 140.783022,-2.603049 140.781944,-2.604690 140.783016,-2.605252 140.783243,-2.604084 140.783402,-2.603973 140.783583,-2.603613 140.783941,-2.603431 140.783941,-2.603160 140.784211,-2.603160 140.784480,-2.603160 140.784701,-2.602839 140.786644,-2.602338 140.788254,-2.601263 140.788375,-2.600663 140.788794,-2.600450 140.788794,-2.600179 140.788794,-2.599908 140.789063,-2.599908 140.789063,-2.599637 140.789368,-2.598444 140.789603,-2.598281 140.789850,-2.597314 140.792298,-2.597197 140.792568,-2.597198 140.792568,-2.597469 140.793426,-2.597690 140.793646,-2.598011 140.793916,-2.598011 140.794185,-2.598011 140.794185,-2.598282 140.795568,-2.598519 140.795802,-2.598825 140.796611,-2.598825 140.796611,-2.599367 140.797150,-2.599638 140.796922,-2.598744 140.793832,-2.597114</coordinates></LinearRing></outerBoundaryIs></Polygon>
<Polygon><outerBoundaryIs><LinearRing><coordinates>140.693445,-2.592014 140.692295,-2.592297 140.692295,-2.592569 140.692405,-2.592729 140.693654,-2.592951 140.693445,-2.592014</coordinates></LinearRing></outerBoundaryIs></Polygon>
<Polygon><outerBoundaryIs><LinearRing><coordinates>140.627769,-2.596760 140.629634,-2.595679 140.630969,-2.594628 140.632869,-2.594054 140.633616,-2.593635 140.633928,-2.591655 140.632647,-2.591343 140.629956,-2.593659 140.627601,-2.594557 140.626097,-2.595012 140.624782,-2.595949 140.624368,-2.596074 140.624367,-2.596345 140.624098,-2.596345 140.623289,-2.596345 140.623289,-2.596616 140.621672,-2.596616 140.621800,-2.596782 140.623250,-2.597356 140.624098,-2.597158 140.625694,-2.597001 140.626332,-2.599135 140.627187,-2.599745 140.628125,-2.600166 140.628809,-2.600759 140.629073,-2.601643 140.630151,-2.603380 140.629631,-2.604896 140.629486,-2.605022 140.629376,-2.605724 140.628947,-2.606377 140.628947,-2.606648 140.628408,-2.606648 140.628408,-2.606919 140.628138,-2.606919 140.627868,-2.606919 140.627868,-2.607190 140.626251,-2.607189 140.626251,-2.606918 140.625712,-2.606918 140.625443,-2.606918 140.625442,-2.607189 140.624364,-2.607189 140.624364,-2.607460 140.623825,-2.607460 140.623825,-2.607731 140.623286,-2.607730 140.623286,-2.608002 140.623016,-2.608002 140.622926,-2.608453 140.621850,-2.608996 140.621668,-2.609357 140.622746,-2.609357 140.622746,-2.609086 140.623016,-2.609086 140.623285,-2.609086 140.623286,-2.608815 140.623555,-2.608815 140.623825,-2.608815 140.624097,-2.608461 140.625678,-2.608093 140.627688,-2.608392 140.629312,-2.607496 140.629873,-2.606766 140.630025,-2.606648 140.630116,-2.606197 140.630564,-2.605293 140.630565,-2.605022 140.630834,-2.605022 140.631104,-2.604480 140.632231,-2.603051 140.632610,-2.601785 140.632562,-2.601187 140.631067,-2.599265 140.628245,-2.598410 140.627688,-2.597759 140.627769,-2.596760</coordinates></LinearRing></outerBoundaryIs></Polygon>
<Polygon><outerBoundaryIs><LinearRing><coordinates>140.694722,-2.590129 140.694452,-2.590129 140.694452,-2.590400 140.694722,-2.590400 140.694722,-2.590129</coordinates></LinearRing></outerBoundaryIs></Polygon>
<Polygon><outerBoundaryIs><LinearRing><coordinates>140.694722,-2.590129 140.695462,-2.590061 140.695869,-2.589656 140.696609,-2.589588 140.696609,-2.589317 140.696878,-2.589317 140.696879,-2.588774 140.695800,-2.588774 140.694722,-2.590129</coordinates></LinearRing></outerBoundaryIs></Polygon>
<Polygon><outerBoundaryIs><LinearRing><coordinates>140.715048,-2.589752 140.714399,-2.588779 140.714130,-2.588778 140.714010,-2.588929 140.712654,-2.589757 140.712512,-2.591218 140.713210,-2.591107 140.713767,-2.590297 140.714399,-2.590134 140.714669,-2.590134 140.714669,-2.590405 140.715208,-2.590405 140.715208,-2.590676 140.715587,-2.591585 140.715324,-2.592954 140.714606,-2.593116 140.714399,-2.592303 140.713802,-2.592181 140.713590,-2.591760 140.712781,-2.591760 140.712781,-2.592031 140.713320,-2.593116 140.714184,-2.593253 140.715207,-2.593923 140.715863,-2.593493 140.716126,-2.592143 140.716714,-2.591921 140.716825,-2.591761 140.716825,-2.591490 140.716555,-2.591490 140.716555,-2.590948 140.716332,-2.590622 140.715048,-2.589752</coordinates></LinearRing></outerBoundaryIs></Polygon>
<Polygon><outerBoundaryIs><LinearRing><coordinates>140.637956,-2.591580 140.638741,-2.591285 140.639105,-2.590309 140.638664,-2.588500 140.637563,-2.588748 140.636136,-2.589944 140.635849,-2.591162 140.637467,-2.591580 140.637846,-2.591741 140.637956,-2.591580</coordinates></LinearRing></outerBoundaryIs></Polygon>
<Polygon><outerBoundaryIs><LinearRing><coordinates>140.699035,-2.587962 140.699574,-2.587962 140.699574,-2.587691 140.699574,-2.587420 140.700113,-2.587420 140.700334,-2.586557 140.700653,-2.586336 140.700653,-2.586064 140.699575,-2.586064 140.699305,-2.586606 140.699696,-2.586933 140.698496,-2.587148 140.698496,-2.587419 140.697418,-2.587419 140.697418,-2.587690 140.698136,-2.587781 140.699035,-2.588233 140.699035,-2.587962</coordinates></LinearRing></outerBoundaryIs></Polygon>
<Polygon><outerBoundaryIs><LinearRing><coordinates>140.671923,-2.592124 140.670163,-2.589340 140.669804,-2.588075 140.669385,-2.586979 140.668031,-2.585888 140.667439,-2.585962 140.667060,-2.586865 140.667130,-2.587432 140.668387,-2.589164 140.669117,-2.590908 140.668926,-2.592449 140.668005,-2.594023 140.667646,-2.594881 140.667496,-2.595002 140.667675,-2.595364 140.667856,-2.596266 140.668214,-2.596720 140.668304,-2.597171 140.668574,-2.597171 140.668573,-2.597442 140.668843,-2.597442 140.668843,-2.597713 140.668843,-2.597984 140.668995,-2.598102 140.669538,-2.599438 140.670916,-2.600508 140.671268,-2.600967 140.671534,-2.601151 140.672284,-2.603306 140.672885,-2.604220 140.674071,-2.605249 140.674168,-2.606469 140.673308,-2.606951 140.669573,-2.607381 140.667613,-2.610210 140.666264,-2.610708 140.662785,-2.610426 140.664354,-2.611592 140.668454,-2.612089 140.669793,-2.611684 140.671261,-2.611143 140.673381,-2.611499 140.675426,-2.612958 140.677851,-2.613330 140.680203,-2.615183 140.681948,-2.615324 140.683125,-2.615066 140.684523,-2.613309 140.683545,-2.611635 140.683785,-2.610308 140.684235,-2.609130 140.684356,-2.608154 140.684169,-2.606638 140.684475,-2.606392 140.684324,-2.603698 140.683238,-2.603008 140.682210,-2.605197 140.681058,-2.606270 140.680510,-2.606248 140.679280,-2.604912 140.677660,-2.604396 140.677035,-2.604063 140.676529,-2.602454 140.676219,-2.601563 140.675304,-2.600709 140.673040,-2.599822 140.672347,-2.599070 140.671847,-2.598681 140.670343,-2.596640 140.670578,-2.595392 140.670730,-2.595274 140.670731,-2.594732 140.671000,-2.594732 140.672078,-2.593377 140.671923,-2.592124</coordinates></LinearRing></outerBoundaryIs><innerBoundaryIs><LinearRing><coordinates>140.669999,-2.593538 140.670344,-2.592522 140.670461,-2.593647 140.669999,-2.593538</coordinates></LinearRing></innerBoundaryIs><innerBoundaryIs><LinearRing><coordinates>140.669290,-2.594539 140.669537,-2.593838 140.669652,-2.594731 140.669290,-2.594539</coordinates></LinearRing></innerBoundaryIs><innerBoundaryIs><LinearRing><coordinates>140.674073,-2.603297 140.673853,-2.602976 140.673314,-2.602601 140.673556,-2.602119 140.674730,-2.602561 140.675311,-2.603408 140.674073,-2.603297</coordinates></LinearRing></innerBoundaryIs><innerBoundaryIs><LinearRing><coordinates>140.673167,-2.609744 140.676208,-2.608585 140.676566,-2.605834 140.678364,-2.606329 140.678779,-2.607716 140.680321,-2.610498 140.681628,-2.611085 140.682323,-2.612202 140.682711,-2.613745 140.681902,-2.614107 140.681777,-2.614253 140.680202,-2.613775 140.679227,-2.612209 140.678278,-2.611611 140.675953,-2.611798 140.673167,-2.609744</coordinates></LinearRing></innerBoundaryIs></Polygon>
<Polygon><outerBoundaryIs><LinearRing><coordinates>140.700384,-2.584438 140.700114,-2.584438 140.700114,-2.584709 140.700384,-2.584709 140.700384,-2.584438</coordinates></LinearRing></outerBoundaryIs></Polygon>
<Polygon><outerBoundaryIs><LinearRing><coordinates>140.700384,-2.584438 140.700838,-2.584343 140.701286,-2.583417 140.700654,-2.583082 140.700653,-2.583625 140.700384,-2.583625 140.700384,-2.584438</coordinates></LinearRing></outerBoundaryIs></Polygon>
<Polygon><outerBoundaryIs><LinearRing><coordinates>140.700384,-2.581185 140.700385,-2.580914 140.700115,-2.580914 140.700115,-2.581185 140.700384,-2.581185</coordinates></LinearRing></outerBoundaryIs></Polygon>
<Polygon><outerBoundaryIs><LinearRing><coordinates>140.642377,-2.586312 140.642700,-2.585236 140.641937,-2.585139 140.642252,-2.584514 140.642970,-2.584423 140.643151,-2.584063 140.643509,-2.583881 140.643509,-2.583610 140.643509,-2.583339 140.643779,-2.583339 140.645002,-2.581858 140.645252,-2.580826 140.643612,-2.581431 140.641948,-2.582741 140.641497,-2.583755 140.640069,-2.585432 140.639442,-2.586842 140.639813,-2.587258 140.642377,-2.586312</coordinates></LinearRing></outerBoundaryIs></Polygon>
<Polygon><outerBoundaryIs><LinearRing><coordinates>140.648611,-2.576741 140.647976,-2.577076 140.648363,-2.577376 140.648611,-2.576741</coordinates></LinearRing></outerBoundaryIs></Polygon>
<Polygon><outerBoundaryIs><LinearRing><coordinates>140.697152,-2.573594 140.696882,-2.573594 140.696882,-2.574949 140.697421,-2.574949 140.697242,-2.574587 140.697152,-2.573594</coordinates></LinearRing></outerBoundaryIs></Polygon>
<Polygon><outerBoundaryIs><LinearRing><coordinates>140.692736,-2.578310 140.693235,-2.577826 140.692036,-2.575086 140.693221,-2.571767 140.692597,-2.571206 140.690695,-2.571319 140.690286,-2.572651 140.690144,-2.572779 140.690144,-2.573050 140.690286,-2.573178 140.690540,-2.575091 140.690930,-2.576928 140.691923,-2.578359 140.692736,-2.578310</coordinates></LinearRing></outerBoundaryIs></Polygon>
<Polygon><outerBoundaryIs><LinearRing><coordinates>140.706355,-2.566449 140.705678,-2.566166 140.705399,-2.567225 140.706587,-2.567361 140.706355,-2.566449</coordinates></LinearRing></outerBoundaryIs></Polygon>
<Polygon><outerBoundaryIs><LinearRing><coordinates>140.661305,-2.563554 140.661663,-2.563372 140.661844,-2.563012 140.661844,-2.562741 140.662113,-2.562741 140.662471,-2.562559 140.662653,-2.562199 140.662653,-2.561928 140.662922,-2.561928 140.662812,-2.561226 140.661887,-2.561004 140.660496,-2.561928 140.660496,-2.562470 140.660496,-2.563554 140.661305,-2.563554</coordinates></LinearRing></outerBoundaryIs></Polygon>
<Polygon><outerBoundaryIs><LinearRing><coordinates>140.697152,-2.573594 140.697311,-2.573483 140.697654,-2.572984 140.698571,-2.574402 140.698229,-2.575220 140.700925,-2.575221 140.701387,-2.574548 140.702273,-2.574408 140.702401,-2.573546 140.702955,-2.572676 140.703115,-2.574256 140.702812,-2.574950 140.702971,-2.575332 140.703209,-2.577439 140.703889,-2.578475 140.704036,-2.578352 140.704325,-2.578002 140.705102,-2.578082 140.705621,-2.578029 140.704698,-2.579288 140.705140,-2.579514 140.705236,-2.581728 140.705344,-2.581943 140.705967,-2.581637 140.706269,-2.582170 140.705327,-2.582361 140.705145,-2.582992 140.704427,-2.583354 140.704427,-2.583626 140.704158,-2.583625 140.704055,-2.583793 140.703612,-2.584067 140.703246,-2.585148 140.702579,-2.585562 140.702270,-2.586065 140.702540,-2.586065 140.702540,-2.586607 140.703493,-2.586450 140.704005,-2.586760 140.704965,-2.586879 140.704966,-2.586608 140.706583,-2.586608 140.706583,-2.586879 140.707771,-2.586586 140.707281,-2.587040 140.706852,-2.587150 140.706852,-2.587421 140.707173,-2.588071 140.706852,-2.588235 140.706742,-2.588937 140.706582,-2.589590 140.707004,-2.589708 140.707361,-2.590174 140.708738,-2.591217 140.710059,-2.589259 140.711811,-2.588189 140.711973,-2.586880 140.710656,-2.585222 140.710207,-2.584049 140.709968,-2.582392 140.708890,-2.579990 140.709130,-2.579410 140.709280,-2.579289 140.709128,-2.578358 140.709011,-2.576578 140.708374,-2.576065 140.708083,-2.573706 140.708800,-2.571816 140.709282,-2.571428 140.709282,-2.571157 140.709282,-2.570615 140.709552,-2.570615 140.709552,-2.570343 140.709691,-2.569453 140.710361,-2.568988 140.710361,-2.568717 140.710630,-2.568717 140.711604,-2.568070 140.712248,-2.567904 140.712248,-2.567633 140.712517,-2.567633 140.712517,-2.567362 140.712787,-2.567362 140.712954,-2.566440 140.715144,-2.563375 140.716022,-2.563568 140.716201,-2.563477 140.716473,-2.562937 140.716831,-2.562755 140.717218,-2.561789 140.717796,-2.561004 140.717755,-2.560721 140.717910,-2.559773 140.716775,-2.560431 140.715753,-2.562212 140.715753,-2.562483 140.715483,-2.562483 140.712602,-2.565697 140.711978,-2.566278 140.711797,-2.566638 140.711439,-2.566820 140.711190,-2.567111 140.708426,-2.568713 140.708329,-2.569926 140.708204,-2.570072 140.708204,-2.570614 140.706806,-2.573252 140.706375,-2.575518 140.705639,-2.575909 140.704187,-2.573647 140.702702,-2.572033 140.700688,-2.572113 140.700387,-2.571155 140.700387,-2.570884 140.700226,-2.567672 140.699060,-2.566584 140.696206,-2.566697 140.695406,-2.569036 140.696344,-2.570340 140.697481,-2.569940 140.697152,-2.570883 140.697010,-2.571667 140.696074,-2.573322 140.697152,-2.573323 140.697152,-2.573594</coordinates></LinearRing></outerBoundaryIs><innerBoundaryIs><LinearRing><coordinates>140.703268,-2.585955 140.703741,-2.585721 140.703887,-2.586065 140.703268,-2.585955</coordinates></LinearRing></innerBoundaryIs><innerBoundaryIs><LinearRing><coordinates>140.698495,-2.568084 140.698707,-2.569034 140.698500,-2.569528 140.696504,-2.569021 140.696758,-2.567854 140.697820,-2.567615 140.698495,-2.568084</coordinates></LinearRing></innerBoundaryIs></Polygon>
<Polygon><outerBoundaryIs><LinearRing><coordinates>140.719258,-2.558147 140.719258,-2.557876 140.719258,-2.557605 140.719528,-2.557605 140.719528,-2.557062 140.719528,-2.556249 140.719357,-2.555580 140.718450,-2.555436 140.718450,-2.555978 140.718718,-2.556520 140.718450,-2.557062 140.718180,-2.558147 140.719258,-2.558147</coordinates></LinearRing></outerBoundaryIs></Polygon>
<Polygon><outerBoundaryIs><LinearRing><coordinates>140.718256,-2.553945 140.717911,-2.553809 140.717911,-2.554080 140.718256,-2.553945</coordinates></LinearRing></outerBoundaryIs></Polygon>
<Polygon><outerBoundaryIs><LinearRing><coordinates>140.718334,-2.547692 140.717946,-2.547390 140.716834,-2.547574 140.716834,-2.547845 140.717104,-2.547845 140.717104,-2.548116 140.717462,-2.548298 140.717643,-2.548658 140.717912,-2.548658 140.718451,-2.548930 140.718334,-2.547692</coordinates></LinearRing></outerBoundaryIs></Polygon>
<Polygon><outerBoundaryIs><LinearRing><coordinates>140.714305,-2.545812 140.714123,-2.544997 140.713600,-2.544862 140.713331,-2.544862 140.712253,-2.545404 140.712363,-2.545564 140.713253,-2.545900 140.714139,-2.546489 140.714305,-2.545812</coordinates></LinearRing></outerBoundaryIs></Polygon>
<Polygon><outerBoundaryIs><LinearRing><coordinates>140.702666,-2.545187 140.703393,-2.544624 140.703936,-2.543916 140.704436,-2.543776 140.704436,-2.543505 140.704279,-2.542573 140.702266,-2.542826 140.701567,-2.543368 140.700036,-2.545444 140.701510,-2.545663 140.702666,-2.545187</coordinates></LinearRing></outerBoundaryIs></Polygon>
<Polygon><outerBoundaryIs><LinearRing><coordinates>140.706863,-2.540252 140.706326,-2.540525 140.705964,-2.541245 140.705785,-2.541336 140.705784,-2.541607 140.705784,-2.541878 140.705515,-2.541878 140.705019,-2.542973 140.706510,-2.544131 140.706862,-2.544590 140.707271,-2.544720 140.708728,-2.545234 140.711714,-2.545404 140.711361,-2.544945 140.710672,-2.544409 140.709244,-2.544621 140.707525,-2.543941 140.707132,-2.543234 140.706473,-2.542597 140.707132,-2.541066 140.706863,-2.541065 140.706863,-2.540252</coordinates></LinearRing></outerBoundaryIs></Polygon>
<Polygon><outerBoundaryIs><LinearRing><coordinates>140.706863,-2.540252 140.707208,-2.540117 140.706863,-2.539981 140.706863,-2.540252</coordinates></LinearRing></outerBoundaryIs></Polygon>
<Polygon><outerBoundaryIs><LinearRing><coordinates>140.711985,-2.538627 140.711024,-2.538509 140.710098,-2.538355 140.710307,-2.538609 140.711435,-2.539292 140.711985,-2.538627</coordinates></LinearRing></outerBoundaryIs></Polygon>
<Polygon><outerBoundaryIs><LinearRing><coordinates>140.713332,-2.538085 140.712793,-2.538085 140.712793,-2.538356 140.713332,-2.538356 140.713332,-2.538085</coordinates></LinearRing></outerBoundaryIs></Polygon>
<Polygon><outerBoundaryIs><LinearRing><coordinates>140.743521,-2.536736 140.743656,-2.537083 140.743791,-2.536736 140.743521,-2.536736</coordinates></LinearRing></outerBoundaryIs></Polygon>
<Polygon><outerBoundaryIs><LinearRing><coordinates>140.744330,-2.537007 140.744330,-2.536736 140.744060,-2.536736 140.744060,-2.537007 140.744330,-2.537007</coordinates></LinearRing></outerBoundaryIs></Polygon>
<Polygon><outerBoundaryIs><LinearRing><coordinates>140.743521,-2.536736 140.743521,-2.536465 140.742982,-2.536465 140.742982,-2.536736 140.743521,-2.536736</coordinates></LinearRing></outerBoundaryIs></Polygon>
<Polygon><outerBoundaryIs><LinearRing><coordinates>140.713332,-2.538085 140.715023,-2.537789 140.716177,-2.536341 140.716298,-2.535917 140.715580,-2.536279 140.714859,-2.536910 140.714411,-2.537001 140.714411,-2.537272 140.714141,-2.537272 140.714051,-2.537452 140.713514,-2.537725 140.713332,-2.538085</coordinates></LinearRing></outerBoundaryIs></Polygon>
<Polygon><outerBoundaryIs><LinearRing><coordinates>140.716298,-2.535917 140.716567,-2.535917 140.716567,-2.535646 140.716298,-2.535646 140.716298,-2.535917</coordinates></LinearRing></outerBoundaryIs></Polygon>
<Polygon><outerBoundaryIs><LinearRing><coordinates>140.717376,-2.535375 140.716837,-2.535375 140.716837,-2.535646 140.717376,-2.535646 140.717376,-2.535375</coordinates></LinearRing></outerBoundaryIs></Polygon>
<Polygon><outerBoundaryIs><LinearRing><coordinates>140.717376,-2.535375 140.717646,-2.535375 140.717646,-2.535104 140.717376,-2.535104 140.717376,-2.535375</coordinates></LinearRing></outerBoundaryIs></Polygon>
<Polygon><outerBoundaryIs><LinearRing><coordinates>140.718724,-2.534833 140.718454,-2.534833 140.717915,-2.534833 140.717915,-2.535104 140.718724,-2.535104 140.718724,-2.534833</coordinates></LinearRing></outerBoundaryIs></Polygon>
<Polygon><outerBoundaryIs><LinearRing><coordinates>140.718724,-2.534833 140.719533,-2.534833 140.719533,-2.534562 140.718724,-2.534562 140.718724,-2.534833</coordinates></LinearRing></outerBoundaryIs></Polygon>
<Polygon><outerBoundaryIs><LinearRing><coordinates>140.738401,-2.532669 140.737862,-2.532668 140.737861,-2.534295 140.738040,-2.534657 140.738131,-2.535108 140.738469,-2.535601 140.739748,-2.536464 140.740017,-2.536464 140.740017,-2.536735 140.740287,-2.536735 140.741088,-2.536537 140.741518,-2.536634 140.741769,-2.536268 140.742308,-2.537054 140.742713,-2.536465 140.742713,-2.536194 140.740951,-2.535797 140.740826,-2.535651 140.739478,-2.535651 140.739478,-2.535109 140.739209,-2.535109 140.739209,-2.534837 140.738670,-2.534837 140.738670,-2.533211 140.738401,-2.533211 140.738401,-2.532669</coordinates></LinearRing></outerBoundaryIs></Polygon>
<Polygon><outerBoundaryIs><LinearRing><coordinates>140.744330,-2.537007 140.744440,-2.537168 140.745028,-2.537389 140.745677,-2.537821 140.746216,-2.537821 140.746666,-2.536919 140.747025,-2.536737 140.747295,-2.536737 140.747295,-2.536466 140.747116,-2.536374 140.746935,-2.535568 140.747295,-2.534839 140.747295,-2.534026 140.746932,-2.533711 140.746159,-2.532469 140.743734,-2.530368 140.742983,-2.530230 140.742983,-2.530501 140.743520,-2.530774 140.743792,-2.531314 140.744329,-2.531588 140.744600,-2.532128 140.744870,-2.532128 140.744870,-2.532670 140.745409,-2.532670 140.745409,-2.532941 140.745588,-2.533032 140.745948,-2.533754 140.746305,-2.534032 140.746486,-2.535110 140.746486,-2.535923 140.746217,-2.535923 140.746051,-2.537256 140.745408,-2.537007 140.744330,-2.537007</coordinates></LinearRing></outerBoundaryIs></Polygon>
<Polygon><outerBoundaryIs><LinearRing><coordinates>140.742983,-2.530230 140.742983,-2.529959 140.742714,-2.529959 140.742714,-2.530230 140.742983,-2.530230</coordinates></LinearRing></outerBoundaryIs></Polygon>
<Polygon><outerBoundaryIs><LinearRing><coordinates>140.723847,-2.527515 140.723577,-2.527515 140.723577,-2.529141 140.723577,-2.529412 140.723736,-2.529523 140.723956,-2.532013 140.724324,-2.533521 140.724115,-2.534021 140.724470,-2.534188 140.724142,-2.534742 140.722497,-2.534834 140.721848,-2.534673 140.721150,-2.534563 140.721323,-2.534815 140.722493,-2.535256 140.725181,-2.535487 140.725573,-2.533743 140.725023,-2.533361 140.724275,-2.532219 140.724814,-2.530928 140.724924,-2.530497 140.724925,-2.528871 140.724653,-2.528330 140.723937,-2.527966 140.723847,-2.527515</coordinates></LinearRing></outerBoundaryIs></Polygon>
<Polygon><outerBoundaryIs><LinearRing><coordinates>140.735706,-2.527517 140.735845,-2.528406 140.736600,-2.529736 140.737483,-2.530068 140.738132,-2.530500 140.738007,-2.530083 140.737323,-2.528873 140.737054,-2.528873 140.737054,-2.528602 140.736696,-2.528420 140.736515,-2.528060 140.736245,-2.528060 140.736245,-2.527789 140.735706,-2.527517</coordinates></LinearRing></outerBoundaryIs></Polygon>
<Polygon><outerBoundaryIs><LinearRing><coordinates>140.723847,-2.527515 140.724116,-2.527515 140.724116,-2.527244 140.723847,-2.527244 140.723847,-2.527515</coordinates></LinearRing></outerBoundaryIs></Polygon>
<Polygon><outerBoundaryIs><LinearRing><coordinates>140.735706,-2.527517 140.735706,-2.527246 140.735437,-2.527246 140.735437,-2.527517 140.735706,-2.527517</coordinates></LinearRing></outerBoundaryIs></Polygon>
<Polygon><outerBoundaryIs><LinearRing><coordinates>140.726273,-2.526431 140.726454,-2.526071 140.726812,-2.525889 140.726812,-2.525618 140.727082,-2.525618 140.727082,-2.525347 140.727767,-2.523519 140.728305,-2.523053 140.728618,-2.522688 140.728430,-2.521823 140.728271,-2.521934 140.727406,-2.523224 140.727082,-2.523449 140.727082,-2.523720 140.726632,-2.524622 140.726273,-2.524805 140.726001,-2.525345 140.725464,-2.525618 140.724925,-2.526431 140.726273,-2.526431</coordinates></LinearRing></outerBoundaryIs></Polygon>
<Polygon><outerBoundaryIs><LinearRing><coordinates>140.729778,-2.520739 140.729508,-2.520739 140.729508,-2.521010 140.729778,-2.521010 140.729778,-2.520739</coordinates></LinearRing></outerBoundaryIs></Polygon>
<Polygon><outerBoundaryIs><LinearRing><coordinates>140.729778,-2.520739 140.730136,-2.520557 140.730317,-2.520197 140.729778,-2.520197 140.729778,-2.520739</coordinates></LinearRing></outerBoundaryIs></Polygon>
<Polygon><outerBoundaryIs><LinearRing><coordinates>140.742714,-2.529959 140.742597,-2.529263 140.742028,-2.527808 140.741906,-2.524537 140.741512,-2.522764 140.740962,-2.521255 140.740829,-2.519657 140.740442,-2.518691 140.739599,-2.516828 140.739482,-2.516132 140.739213,-2.516132 140.739213,-2.515861 140.738798,-2.515736 140.737657,-2.515095 140.735495,-2.512065 140.735171,-2.510981 140.734480,-2.510592 140.733022,-2.509504 140.732139,-2.508018 140.732381,-2.506372 140.732288,-2.505737 140.731647,-2.504667 140.731399,-2.504474 140.731398,-2.505287 140.731398,-2.507998 140.731827,-2.508651 140.731937,-2.509083 140.732206,-2.509083 140.732206,-2.509354 140.732346,-2.509484 140.733823,-2.511523 140.734181,-2.511705 140.734362,-2.512065 140.735606,-2.514067 140.737595,-2.516403 140.737865,-2.516403 140.737865,-2.516674 140.738342,-2.516744 140.739144,-2.517557 140.739212,-2.518030 140.739596,-2.518363 140.739875,-2.521429 140.740165,-2.522222 140.740290,-2.522639 140.740567,-2.522871 140.741002,-2.526775 140.742084,-2.529432 140.742714,-2.529959</coordinates></LinearRing></outerBoundaryIs></Polygon>
<Polygon><outerBoundaryIs><LinearRing><coordinates>140.730321,-2.503118 140.730321,-2.503389 140.730590,-2.503389 140.730590,-2.503118 140.730321,-2.503118</coordinates></LinearRing></outerBoundaryIs></Polygon>
<Polygon><outerBoundaryIs><LinearRing><coordinates>140.730321,-2.503118 140.730200,-2.502518 140.729782,-2.502305 140.729902,-2.502905 140.730321,-2.503118</coordinates></LinearRing></outerBoundaryIs></Polygon>
<Polygon><outerBoundaryIs><LinearRing><coordinates>140.729782,-2.502305 140.730012,-2.500894 140.729243,-2.500678 140.729512,-2.501763 140.729512,-2.502305 140.729782,-2.502305</coordinates></LinearRing></outerBoundaryIs></Polygon>
<Polygon><outerBoundaryIs><LinearRing><coordinates>140.729243,-2.500678 140.729243,-2.500407 140.728974,-2.500407 140.728973,-2.500678 140.729243,-2.500678</coordinates></LinearRing></outerBoundaryIs></Polygon>
<Polygon><outerBoundaryIs><LinearRing><coordinates>140.725201,-2.497967 140.725201,-2.498238 140.726279,-2.498238 140.726279,-2.498509 140.726548,-2.498509 140.727087,-2.498509 140.727087,-2.497967 140.725201,-2.497967</coordinates></LinearRing></outerBoundaryIs></Polygon>
<Polygon><outerBoundaryIs><LinearRing><coordinates>140.725201,-2.497967 140.724983,-2.497534 140.724123,-2.497424 140.724123,-2.497695 140.724392,-2.497695 140.724662,-2.497695 140.724662,-2.497966 140.725201,-2.497967</coordinates></LinearRing></outerBoundaryIs></Polygon>
<Polygon><outerBoundaryIs><LinearRing><coordinates>140.724123,-2.497424 140.724123,-2.497153 140.723584,-2.497153 140.723583,-2.497424 140.724123,-2.497424</coordinates></LinearRing></outerBoundaryIs></Polygon>
<Polygon><outerBoundaryIs><LinearRing><coordinates>140.723584,-2.497153 140.723363,-2.496715 140.722236,-2.496611 140.722236,-2.496882 140.722775,-2.496882 140.723045,-2.496882 140.723044,-2.497153 140.723584,-2.497153</coordinates></LinearRing></outerBoundaryIs></Polygon>
<Polygon><outerBoundaryIs><LinearRing><coordinates>140.722236,-2.496611 140.722016,-2.496172 140.720888,-2.496068 140.721164,-2.496427 140.722236,-2.496611</coordinates></LinearRing></outerBoundaryIs></Polygon>
<Polygon><outerBoundaryIs><LinearRing><coordinates>140.720888,-2.496068 140.720889,-2.495797 140.720619,-2.495797 140.720619,-2.496068 140.720888,-2.496068</coordinates></LinearRing></outerBoundaryIs></Polygon>
<Polygon><outerBoundaryIs><LinearRing><coordinates>140.720619,-2.495797 140.720619,-2.495526 140.720350,-2.495526 140.720349,-2.495797 140.720619,-2.495797</coordinates></LinearRing></outerBoundaryIs></Polygon>
<Polygon><outerBoundaryIs><LinearRing><coordinates>140.720350,-2.495526 140.720350,-2.494984 140.720080,-2.494984 140.720080,-2.495526 140.720350,-2.495526</coordinates></LinearRing></outerBoundaryIs></Polygon>
<Polygon><outerBoundaryIs><LinearRing><coordinates>140.716038,-2.492543 140.716038,-2.492814 140.716307,-2.492814 140.716577,-2.492814 140.716577,-2.492543 140.716038,-2.492543</coordinates></LinearRing></outerBoundaryIs></Polygon>
<Polygon><outerBoundaryIs><LinearRing><coordinates>140.716038,-2.492543 140.716038,-2.492272 140.715499,-2.492272 140.715499,-2.492543 140.716038,-2.492543</coordinates></LinearRing></outerBoundaryIs></Polygon>
<Polygon><outerBoundaryIs><LinearRing><coordinates>140.715499,-2.492272 140.715499,-2.492001 140.715229,-2.492001 140.715229,-2.492272 140.715499,-2.492272</coordinates></LinearRing></outerBoundaryIs></Polygon>
<Polygon><outerBoundaryIs><LinearRing><coordinates>140.720080,-2.494984 140.720297,-2.494098 140.719702,-2.493179 140.720081,-2.492273 140.719542,-2.492273 140.719542,-2.492001 140.718892,-2.492433 140.717226,-2.492654 140.716846,-2.492814 140.716846,-2.493085 140.718733,-2.493086 140.718733,-2.492815 140.719541,-2.492815 140.719541,-2.493899 140.719811,-2.493899 140.719811,-2.494984 140.720080,-2.494984</coordinates></LinearRing></outerBoundaryIs></Polygon>
<Polygon><outerBoundaryIs><LinearRing><coordinates>140.717832,-2.491942 140.717596,-2.492179 140.717924,-2.492272 140.717832,-2.491942</coordinates></LinearRing></outerBoundaryIs></Polygon>
<Polygon><outerBoundaryIs><LinearRing><coordinates>140.714421,-2.491458 140.714421,-2.491729 140.714690,-2.491729 140.714690,-2.491458 140.714421,-2.491458</coordinates></LinearRing></outerBoundaryIs></Polygon>
<Polygon><outerBoundaryIs><LinearRing><coordinates>140.714421,-2.491458 140.714421,-2.491187 140.714151,-2.491187 140.714151,-2.491458 140.714421,-2.491458</coordinates></LinearRing></outerBoundaryIs></Polygon>
<Polygon><outerBoundaryIs><LinearRing><coordinates>140.714151,-2.491187 140.714061,-2.490736 140.713438,-2.489475 140.713074,-2.489289 140.713073,-2.489831 140.713252,-2.489922 140.713882,-2.491187 140.714151,-2.491187</coordinates></LinearRing></outerBoundaryIs></Polygon>
<Polygon><outerBoundaryIs><LinearRing><coordinates>140.712804,-2.487120 140.711732,-2.486937 140.711457,-2.486578 140.711297,-2.486689 140.710992,-2.487134 140.709840,-2.486849 140.710081,-2.487243 140.711287,-2.487656 140.711457,-2.487933 140.711726,-2.487933 140.711726,-2.487391 140.712804,-2.487392 140.712804,-2.487120</coordinates></LinearRing></outerBoundaryIs></Polygon>
<Polygon><outerBoundaryIs><LinearRing><coordinates>140.706067,-2.484950 140.706067,-2.485221 140.706974,-2.485365 140.707145,-2.486035 140.707684,-2.486035 140.707574,-2.485603 140.706910,-2.484742 140.706067,-2.484950</coordinates></LinearRing></outerBoundaryIs></Polygon>
<Polygon><outerBoundaryIs><LinearRing><coordinates>140.706067,-2.484950 140.705723,-2.484320 140.705528,-2.484679 140.705528,-2.484950 140.706067,-2.484950</coordinates></LinearRing></outerBoundaryIs></Polygon>
<Polygon><outerBoundaryIs><LinearRing><coordinates>140.705258,-2.484679 140.705160,-2.484188 140.704719,-2.484408 140.704719,-2.484679 140.705258,-2.484679</coordinates></LinearRing></outerBoundaryIs></Polygon>
<Polygon><outerBoundaryIs><LinearRing><coordinates>140.704180,-2.484137 140.704180,-2.483865 140.702024,-2.483865 140.702024,-2.484136 140.704180,-2.484137</coordinates></LinearRing></outerBoundaryIs></Polygon>
<Polygon><outerBoundaryIs><LinearRing><coordinates>140.698131,-2.481545 140.696903,-2.481424 140.697173,-2.481966 140.698141,-2.482619 140.698251,-2.482780 140.698790,-2.482780 140.698790,-2.483051 140.699329,-2.483051 140.698131,-2.481545</coordinates></LinearRing></outerBoundaryIs></Polygon>
<Polygon><outerBoundaryIs><LinearRing><coordinates>140.672806,-2.478547 140.672647,-2.478436 140.672747,-2.479840 140.673185,-2.480063 140.672806,-2.478547</coordinates></LinearRing></outerBoundaryIs></Polygon>
<Polygon><outerBoundaryIs><LinearRing><coordinates>140.694478,-2.478170 140.693518,-2.478288 140.693013,-2.478594 140.691477,-2.479226 140.691244,-2.480067 140.692322,-2.479525 140.692322,-2.479254 140.692592,-2.479254 140.692592,-2.478983 140.693400,-2.478983 140.693939,-2.478984 140.694209,-2.478984 140.694209,-2.479255 140.694478,-2.479255 140.694748,-2.479255 140.694478,-2.478170</coordinates></LinearRing></outerBoundaryIs></Polygon>
<Polygon><outerBoundaryIs><LinearRing><coordinates>140.694478,-2.478170 140.694807,-2.478078 140.694571,-2.477840 140.694478,-2.478170</coordinates></LinearRing></outerBoundaryIs></Polygon>
<Polygon><outerBoundaryIs><LinearRing><coordinates>140.687302,-2.478255 140.686035,-2.477670 140.684134,-2.477784 140.681224,-2.480051 140.677801,-2.481589 140.676156,-2.481490 140.675268,-2.480490 140.673455,-2.480334 140.673455,-2.480605 140.673994,-2.480605 140.673994,-2.480876 140.674263,-2.480876 140.674263,-2.481148 140.674712,-2.481239 140.675072,-2.481419 140.675790,-2.481781 140.675880,-2.481961 140.676150,-2.481961 140.676834,-2.482121 140.678458,-2.481844 140.679771,-2.481538 140.680462,-2.481420 140.680572,-2.481260 140.681700,-2.480496 140.682729,-2.479634 140.683158,-2.479523 140.683158,-2.479252 140.683428,-2.479252 140.683609,-2.478892 140.683967,-2.478710 140.684691,-2.478348 140.686443,-2.478547 140.686662,-2.478982 140.687020,-2.479164 140.687201,-2.479524 140.687470,-2.479524 140.687302,-2.478255</coordinates></LinearRing></outerBoundaryIs></Polygon>
<Polygon><outerBoundaryIs><LinearRing><coordinates>140.655667,-2.477619 140.655667,-2.477348 140.656206,-2.477348 140.656076,-2.477207 140.653241,-2.476534 140.653669,-2.477134 140.655285,-2.477461 140.655397,-2.477619 140.655667,-2.477619</coordinates></LinearRing></outerBoundaryIs></Polygon>
<Polygon><outerBoundaryIs><LinearRing><coordinates>140.652972,-2.476534 140.652837,-2.476186 140.652702,-2.476534 140.652972,-2.476534</coordinates></LinearRing></outerBoundaryIs></Polygon>
<Polygon><outerBoundaryIs><LinearRing><coordinates>140.671839,-2.475725 140.671839,-2.475996 140.672108,-2.475996 140.672108,-2.475725 140.671839,-2.475725</coordinates></LinearRing></outerBoundaryIs></Polygon>
<Polygon><outerBoundaryIs><LinearRing><coordinates>140.671839,-2.475725 140.671839,-2.475454 140.671569,-2.475454 140.671569,-2.475725 140.671839,-2.475725</coordinates></LinearRing></outerBoundaryIs></Polygon>
<Polygon><outerBoundaryIs><LinearRing><coordinates>140.671569,-2.475454 140.671569,-2.475183 140.671030,-2.475183 140.671030,-2.475454 140.671569,-2.475454</coordinates></LinearRing></outerBoundaryIs></Polygon>
<Polygon><outerBoundaryIs><LinearRing><coordinates>140.671030,-2.475183 140.670940,-2.475003 140.670117,-2.474584 140.669952,-2.474911 140.670222,-2.474912 140.670222,-2.475183 140.670761,-2.475183 140.671030,-2.475183</coordinates></LinearRing></outerBoundaryIs></Polygon>
<Polygon><outerBoundaryIs><LinearRing><coordinates>140.669144,-2.474911 140.668805,-2.474358 140.667643,-2.474721 140.667527,-2.474911 140.669144,-2.474911</coordinates></LinearRing></outerBoundaryIs></Polygon>
<Polygon><outerBoundaryIs><LinearRing><coordinates>140.665370,-2.473801 140.664158,-2.473981 140.663619,-2.473901 140.662367,-2.474087 140.662136,-2.475452 140.662496,-2.475272 140.662945,-2.475181 140.663035,-2.475001 140.663753,-2.474639 140.663753,-2.474368 140.664562,-2.474368 140.664562,-2.474639 140.666718,-2.474911 140.666601,-2.474758 140.665370,-2.473801</coordinates></LinearRing></outerBoundaryIs></Polygon>
</MultiGeometry></Placemark>
<Placemark><name>Zona bahaya tinggi</name><ExtendedData><Data name="gridcode"><value>3</value></Data><Data name="Kls_Bahaya"><value>Tinggi</value></Data></ExtendedData><MultiGeometry>
<Polygon><outerBoundaryIs><LinearRing><coordinates>140.997361,-2.791722 140.997139,-2.791265 140.996530,-2.791808 140.997160,-2.792128 140.997361,-2.791722</coordinates></LinearRing></outerBoundaryIs></Polygon>
<Polygon><outerBoundaryIs><LinearRing><coordinates>140.990008,-2.796594 140.991102,-2.795796 140.991415,-2.793772 140.992248,-2.793024 140.993799,-2.792542 140.993737,-2.791493 140.988843,-2.791163 140.987867,-2.790630 140.983808,-2.790374 140.980492,-2.789349 140.978640,-2.789848 140.977593,-2.791503 140.977658,-2.792588 140.982287,-2.793457 140.983950,-2.794829 140.986391,-2.795773 140.988391,-2.796609 140.989881,-2.796737 140.990008,-2.796594</coordinates></LinearRing></outerBoundaryIs></Polygon>
<Polygon><outerBoundaryIs><LinearRing><coordinates>141.000126,-2.788875 140.999212,-2.789111 140.998937,-2.789849 140.998563,-2.790109 140.999746,-2.790341 141.000126,-2.790502 141.000126,-2.788875</coordinates></LinearRing></outerBoundaryIs></Polygon>
<Polygon><outerBoundaryIs><LinearRing><coordinates>140.979381,-2.777599 140.978970,-2.776262 140.978395,-2.775434 140.977729,-2.775473 140.977287,-2.778329 140.974911,-2.778701 140.973725,-2.779349 140.971498,-2.779216 140.970613,-2.781156 140.969249,-2.782768 140.967318,-2.785300 140.967396,-2.786616 140.968993,-2.787353 140.971279,-2.787519 140.971597,-2.787161 140.976544,-2.786849 140.976798,-2.786134 140.974933,-2.784459 140.974539,-2.783596 140.974971,-2.782386 140.977521,-2.782539 140.978791,-2.782197 140.981130,-2.780375 140.981097,-2.779826 140.979381,-2.777599</coordinates></LinearRing></outerBoundaryIs></Polygon>
<Polygon><outerBoundaryIs><LinearRing><coordinates>140.716146,-2.762499 140.716246,-2.761461 140.714899,-2.761461 140.714699,-2.761571 140.714264,-2.762512 140.715148,-2.762912 140.716146,-2.762499</coordinates></LinearRing></outerBoundaryIs></Polygon>
<Polygon><outerBoundaryIs><LinearRing><coordinates>140.725265,-2.761928 140.722663,-2.760793 140.722178,-2.760649 140.722311,-2.761827 140.723285,-2.762466 140.724371,-2.762221 140.725522,-2.762708 140.726221,-2.762819 140.725976,-2.762523 140.725265,-2.761928</coordinates></LinearRing></outerBoundaryIs></Polygon>
<Polygon><outerBoundaryIs><LinearRing><coordinates>140.720021,-2.760378 140.720021,-2.759564 140.719303,-2.759926 140.719212,-2.760377 140.720021,-2.760378</coordinates></LinearRing></outerBoundaryIs></Polygon>
<Polygon><outerBoundaryIs><LinearRing><coordinates>140.634634,-2.760313 140.634832,-2.759541 140.634832,-2.759270 140.634832,-2.758999 140.633753,-2.758999 140.633484,-2.759541 140.633817,-2.760848 140.634634,-2.760313</coordinates></LinearRing></outerBoundaryIs></Polygon>
<Polygon><outerBoundaryIs><LinearRing><coordinates>140.732692,-2.759025 140.732273,-2.759238 140.732153,-2.759838 140.732583,-2.760057 140.732692,-2.760923 140.733770,-2.761194 140.733550,-2.760331 140.732692,-2.759025</coordinates></LinearRing></outerBoundaryIs></Polygon>
<Polygon><outerBoundaryIs><LinearRing><coordinates>140.732692,-2.759025 140.733341,-2.758594 140.734040,-2.758483 140.733923,-2.757448 140.733660,-2.757830 140.732854,-2.758390 140.732692,-2.759025</coordinates></LinearRing></outerBoundaryIs></Polygon>
<Polygon><outerBoundaryIs><LinearRing><coordinates>140.629980,-2.757371 140.629654,-2.757597 140.629915,-2.758772 140.630788,-2.758998 140.629980,-2.757371</coordinates></LinearRing></outerBoundaryIs></Polygon>
<Polygon><outerBoundaryIs><LinearRing><coordinates>140.629710,-2.756558 140.629710,-2.756287 140.629441,-2.756287 140.629441,-2.756558 140.629710,-2.756558</coordinates></LinearRing></outerBoundaryIs></Polygon>
<Polygon><outerBoundaryIs><LinearRing><coordinates>140.717748,-2.754260 140.716670,-2.754113 140.717209,-2.754531 140.717635,-2.755086 140.718135,-2.755227 140.717748,-2.754260</coordinates></LinearRing></outerBoundaryIs></Polygon>
<Polygon><outerBoundaryIs><LinearRing><coordinates>140.736737,-2.753875 140.736555,-2.753514 140.735659,-2.753062 140.734768,-2.753680 140.734580,-2.754417 140.735524,-2.754036 140.736467,-2.754418 140.736737,-2.754418 140.736737,-2.753875</coordinates></LinearRing></outerBoundaryIs></Polygon>
<Polygon><outerBoundaryIs><LinearRing><coordinates>140.629172,-2.753033 140.629104,-2.752560 140.628302,-2.751748 140.627825,-2.751678 140.627971,-2.752856 140.628860,-2.753425 140.629172,-2.753033</coordinates></LinearRing></outerBoundaryIs></Polygon>
<Polygon><outerBoundaryIs><LinearRing><coordinates>140.737459,-2.752394 140.738135,-2.751350 140.738465,-2.750462 140.738625,-2.750352 140.738556,-2.750150 140.737753,-2.750011 140.736268,-2.751498 140.736198,-2.751978 140.736847,-2.752409 140.737276,-2.752520 140.737459,-2.752394</coordinates></LinearRing></outerBoundaryIs></Polygon>
<Polygon><outerBoundaryIs><LinearRing><coordinates>140.696629,-2.748359 140.695661,-2.748593 140.696839,-2.748715 140.696629,-2.748359</coordinates></LinearRing></outerBoundaryIs></Polygon>
<Polygon><outerBoundaryIs><LinearRing><coordinates>140.693244,-2.747624 140.691451,-2.746961 140.689609,-2.746679 140.686778,-2.745090 140.683264,-2.744805 140.682626,-2.745358 140.683905,-2.748244 140.685030,-2.748660 140.687886,-2.748430 140.688511,-2.748972 140.690316,-2.751093 140.691120,-2.754063 140.692255,-2.754407 140.692380,-2.754261 140.693245,-2.753873 140.695060,-2.752563 140.695154,-2.751391 140.694328,-2.750426 140.693104,-2.749366 140.693244,-2.747624</coordinates></LinearRing></outerBoundaryIs></Polygon>
<Polygon><outerBoundaryIs><LinearRing><coordinates>140.765585,-2.743580 140.765315,-2.743580 140.765315,-2.743851 140.765585,-2.743851 140.765585,-2.743580</coordinates></LinearRing></outerBoundaryIs></Polygon>
<Polygon><outerBoundaryIs><LinearRing><coordinates>140.952918,-2.744679 140.952738,-2.743763 140.951738,-2.743489 140.950679,-2.744302 140.950252,-2.744415 140.950756,-2.745339 140.952918,-2.744679</coordinates></LinearRing></outerBoundaryIs></Polygon>
<Polygon><outerBoundaryIs><LinearRing><coordinates>140.765585,-2.743580 140.766124,-2.743580 140.766124,-2.743309 140.765585,-2.743309 140.765585,-2.743580</coordinates></LinearRing></outerBoundaryIs></Polygon>
<Polygon><outerBoundaryIs><LinearRing><coordinates>140.657548,-2.746699 140.658971,-2.745866 140.660315,-2.744820 140.662760,-2.743692 140.661496,-2.742884 140.659591,-2.742613 140.658366,-2.743473 140.655721,-2.744495 140.654629,-2.745902 140.654687,-2.746894 140.657211,-2.747078 140.657548,-2.746699</coordinates></LinearRing></outerBoundaryIs></Polygon>
<Polygon><outerBoundaryIs><LinearRing><coordinates>140.766124,-2.743309 140.766933,-2.743309 140.766933,-2.742225 140.766663,-2.742225 140.766234,-2.742878 140.766124,-2.743309</coordinates></LinearRing></outerBoundaryIs></Polygon>
<Polygon><outerBoundaryIs><LinearRing><coordinates>140.739295,-2.742892 140.739823,-2.740357 140.737869,-2.739920 140.736299,-2.740755 140.736342,-2.741848 140.738132,-2.743516 140.739165,-2.743846 140.739295,-2.742892</coordinates></LinearRing></outerBoundaryIs></Polygon>
<Polygon><outerBoundaryIs><LinearRing><coordinates>140.770279,-2.739558 140.769630,-2.738159 140.769360,-2.738159 140.769360,-2.739244 140.770031,-2.739690 140.770279,-2.739558</coordinates></LinearRing></outerBoundaryIs></Polygon>
<Polygon><outerBoundaryIs><LinearRing><coordinates>140.694593,-2.736999 140.694357,-2.737236 140.694686,-2.737329 140.694593,-2.736999</coordinates></LinearRing></outerBoundaryIs></Polygon>
<Polygon><outerBoundaryIs><LinearRing><coordinates>140.651953,-2.741245 140.653299,-2.740243 140.653388,-2.736101 140.652787,-2.737960 140.652185,-2.739135 140.651684,-2.739619 140.651150,-2.741164 140.651821,-2.741384 140.651953,-2.741245</coordinates></LinearRing></outerBoundaryIs></Polygon>
<Polygon><outerBoundaryIs><LinearRing><coordinates>140.647099,-2.737175 140.647909,-2.734855 140.646699,-2.733961 140.646184,-2.734939 140.646817,-2.738602 140.646020,-2.739344 140.645542,-2.740361 140.644495,-2.741497 140.643380,-2.741542 140.642466,-2.740947 140.641818,-2.740244 140.640923,-2.741944 140.640843,-2.743952 140.641202,-2.745469 140.642139,-2.746928 140.643192,-2.746971 140.645943,-2.746862 140.647376,-2.747206 140.648444,-2.747487 140.649393,-2.747618 140.650057,-2.746528 140.650103,-2.745363 140.649309,-2.744502 140.647121,-2.743462 140.646632,-2.741581 140.647099,-2.737175</coordinates></LinearRing></outerBoundaryIs></Polygon>
<Polygon><outerBoundaryIs><LinearRing><coordinates>140.707737,-2.732292 140.708871,-2.731642 140.709438,-2.730817 140.709244,-2.729949 140.707991,-2.729631 140.706245,-2.731155 140.706468,-2.732153 140.707627,-2.732453 140.707737,-2.732292</coordinates></LinearRing></outerBoundaryIs></Polygon>
<Polygon><outerBoundaryIs><LinearRing><coordinates>140.803600,-2.723527 140.803440,-2.723637 140.802714,-2.724916 140.801795,-2.725554 140.800147,-2.725815 140.800524,-2.726077 140.800634,-2.726237 140.801612,-2.725996 140.803482,-2.726579 140.803600,-2.723527</coordinates></LinearRing></outerBoundaryIs></Polygon>
<Polygon><outerBoundaryIs><LinearRing><coordinates>140.803600,-2.723527 140.803869,-2.723527 140.803869,-2.723255 140.803600,-2.723255 140.803600,-2.723527</coordinates></LinearRing></outerBoundaryIs></Polygon>
<Polygon><outerBoundaryIs><LinearRing><coordinates>140.808255,-2.726809 140.807644,-2.723614 140.806659,-2.722848 140.804948,-2.722713 140.805058,-2.722874 140.806916,-2.723890 140.807397,-2.725041 140.806944,-2.726891 140.806834,-2.727051 140.808255,-2.726809</coordinates></LinearRing></outerBoundaryIs></Polygon>
<Polygon><outerBoundaryIs><LinearRing><coordinates>140.789042,-2.722711 140.789851,-2.722711 140.789532,-2.722324 140.788651,-2.722654 140.789042,-2.722982 140.789042,-2.722711</coordinates></LinearRing></outerBoundaryIs></Polygon>
<Polygon><outerBoundaryIs><LinearRing><coordinates>140.812011,-2.725700 140.812743,-2.724877 140.812607,-2.722583 140.810340,-2.720546 140.810457,-2.722054 140.811134,-2.723788 140.810905,-2.725347 140.811148,-2.725968 140.812011,-2.725700</coordinates></LinearRing></outerBoundaryIs></Polygon>
<Polygon><outerBoundaryIs><LinearRing><coordinates>140.815732,-2.717022 140.815732,-2.716751 140.815462,-2.716751 140.815462,-2.717022 140.815732,-2.717022</coordinates></LinearRing></outerBoundaryIs></Polygon>
<Polygon><outerBoundaryIs><LinearRing><coordinates>140.822553,-2.712610 140.822742,-2.711873 140.820715,-2.712816 140.820455,-2.712996 140.821663,-2.713228 140.822553,-2.712610</coordinates></LinearRing></outerBoundaryIs></Polygon>
<Polygon><outerBoundaryIs><LinearRing><coordinates>140.670007,-2.715754 140.670376,-2.715139 140.671023,-2.712062 140.670459,-2.711723 140.669413,-2.713085 140.668964,-2.714704 140.668660,-2.715211 140.668424,-2.715898 140.669620,-2.716720 140.670007,-2.715754</coordinates></LinearRing></outerBoundaryIs></Polygon>
<Polygon><outerBoundaryIs><LinearRing><coordinates>140.663229,-2.714959 140.662737,-2.713611 140.662238,-2.711944 140.661363,-2.711185 140.660331,-2.712189 140.661161,-2.716020 140.662342,-2.716176 140.663229,-2.714959</coordinates></LinearRing></outerBoundaryIs></Polygon>
<Polygon><outerBoundaryIs><LinearRing><coordinates>140.824629,-2.710789 140.824769,-2.710017 140.825313,-2.709037 140.825596,-2.708093 140.825547,-2.707480 140.824309,-2.708363 140.824090,-2.710517 140.824090,-2.710789 140.824629,-2.710789</coordinates></LinearRing></outerBoundaryIs></Polygon>
<Polygon><outerBoundaryIs><LinearRing><coordinates>140.654551,-2.717038 140.654132,-2.714670 140.653756,-2.713663 140.651648,-2.713285 140.649251,-2.712256 140.646331,-2.711926 140.644950,-2.710253 140.644430,-2.707890 140.643766,-2.706323 140.642665,-2.705869 140.642525,-2.705999 140.640656,-2.709980 140.641468,-2.711166 140.640906,-2.712776 140.640646,-2.713599 140.640367,-2.713860 140.638984,-2.716391 140.638176,-2.717143 140.637401,-2.717112 140.636601,-2.717665 140.636327,-2.717654 140.636054,-2.717665 140.634498,-2.717254 140.633367,-2.716027 140.632110,-2.715765 140.632418,-2.717251 140.634158,-2.717942 140.636878,-2.718679 140.639157,-2.718446 140.640170,-2.718550 140.642232,-2.719330 140.643811,-2.720239 140.648036,-2.720784 140.650512,-2.720531 140.652219,-2.719549 140.655509,-2.719302 140.655437,-2.718594 140.654551,-2.717038</coordinates></LinearRing></outerBoundaryIs></Polygon>
<Polygon><outerBoundaryIs><LinearRing><coordinates>140.989740,-2.705626 140.988921,-2.704990 140.988682,-2.704680 140.988266,-2.704742 140.988483,-2.706225 140.989882,-2.706464 140.989740,-2.705626</coordinates></LinearRing></outerBoundaryIs></Polygon>
<Polygon><outerBoundaryIs><LinearRing><coordinates>140.958191,-2.706855 140.959173,-2.706064 140.958896,-2.704445 140.956816,-2.706118 140.956907,-2.706859 140.958071,-2.707005 140.958191,-2.706855</coordinates></LinearRing></outerBoundaryIs></Polygon>
<Polygon><outerBoundaryIs><LinearRing><coordinates>140.949396,-2.703702 140.950177,-2.703160 140.949776,-2.701856 140.948731,-2.701473 140.947448,-2.702015 140.945442,-2.702244 140.945606,-2.702980 140.946969,-2.703904 140.949175,-2.704023 140.949396,-2.703702</coordinates></LinearRing></outerBoundaryIs></Polygon>
<Polygon><outerBoundaryIs><LinearRing><coordinates>140.629726,-2.705052 140.630535,-2.705052 140.630029,-2.704315 140.628345,-2.703348 140.627693,-2.702397 140.627461,-2.699198 140.626603,-2.698976 140.626224,-2.698816 140.626619,-2.704342 140.627198,-2.705258 140.629726,-2.705052</coordinates></LinearRing></outerBoundaryIs></Polygon>
<Polygon><outerBoundaryIs><LinearRing><coordinates>140.863538,-2.698930 140.863208,-2.698196 140.861705,-2.698738 140.860865,-2.698998 140.861826,-2.699613 140.862911,-2.699950 140.863538,-2.698930</coordinates></LinearRing></outerBoundaryIs></Polygon>
<Polygon><outerBoundaryIs><LinearRing><coordinates>140.865916,-2.705478 140.865209,-2.703531 140.865857,-2.702332 140.868227,-2.700945 140.870050,-2.698893 140.871788,-2.697782 140.872204,-2.696052 140.869848,-2.694545 140.868978,-2.693566 140.867967,-2.694277 140.867586,-2.697538 140.865734,-2.698723 140.864138,-2.699843 140.863837,-2.703069 140.860884,-2.706410 140.859350,-2.707530 140.858661,-2.708618 140.858199,-2.710123 140.857536,-2.711727 140.855147,-2.712829 140.854054,-2.715224 140.854552,-2.715672 140.854679,-2.715529 140.855503,-2.715273 140.857645,-2.713361 140.861558,-2.711213 140.864045,-2.710441 140.865178,-2.709822 140.866657,-2.709140 140.870795,-2.709388 140.871394,-2.707840 140.870826,-2.706249 140.869138,-2.705470 140.867357,-2.705788 140.865916,-2.705478</coordinates></LinearRing></outerBoundaryIs></Polygon>
<Polygon><outerBoundaryIs><LinearRing><coordinates>140.948208,-2.693707 140.946735,-2.693325 140.946355,-2.694055 140.947211,-2.695269 140.948367,-2.695619 140.948208,-2.693707</coordinates></LinearRing></outerBoundaryIs></Polygon>
<Polygon><outerBoundaryIs><LinearRing><coordinates>140.942101,-2.694585 140.942006,-2.693394 140.940410,-2.692012 140.939135,-2.691698 140.937729,-2.692526 140.939617,-2.695205 140.941628,-2.695348 140.942101,-2.694585</coordinates></LinearRing></outerBoundaryIs></Polygon>
<Polygon><outerBoundaryIs><LinearRing><coordinates>140.685921,-2.692447 140.686994,-2.691792 140.684943,-2.691121 140.684333,-2.692413 140.685801,-2.692598 140.685921,-2.692447</coordinates></LinearRing></outerBoundaryIs></Polygon>
<Polygon><outerBoundaryIs><LinearRing><coordinates>140.820714,-2.700072 140.820999,-2.699274 140.821370,-2.696485 140.823783,-2.693754 140.824925,-2.691949 140.824448,-2.691065 140.822997,-2.691152 140.820989,-2.692715 140.820350,-2.693435 140.818915,-2.696747 140.819127,-2.700334 140.820587,-2.700487 140.820714,-2.700072</coordinates></LinearRing></outerBoundaryIs></Polygon>
<Polygon><outerBoundaryIs><LinearRing><coordinates>140.836873,-2.691654 140.837958,-2.691245 140.838221,-2.690722 140.837562,-2.690265 140.836810,-2.690434 140.835748,-2.691130 140.836763,-2.691814 140.836873,-2.691654</coordinates></LinearRing></outerBoundaryIs></Polygon>
<Polygon><outerBoundaryIs><LinearRing><coordinates>140.935895,-2.691010 140.935506,-2.689946 140.933723,-2.690090 140.933416,-2.691318 140.935697,-2.691552 140.935895,-2.691010</coordinates></LinearRing></outerBoundaryIs></Polygon>
<Polygon><outerBoundaryIs><LinearRing><coordinates>140.897624,-2.690407 140.896853,-2.689314 140.896092,-2.690537 140.894912,-2.691133 140.892666,-2.690303 140.892067,-2.691002 140.892723,-2.692185 140.894452,-2.692363 140.894577,-2.692217 140.895675,-2.691966 140.896194,-2.691675 140.897276,-2.691190 140.897624,-2.690407</coordinates></LinearRing></outerBoundaryIs></Polygon>
<Polygon><outerBoundaryIs><LinearRing><coordinates>140.875969,-2.691395 140.876542,-2.691159 140.877011,-2.690548 140.876508,-2.689261 140.876273,-2.688413 140.875747,-2.688176 140.874469,-2.689129 140.872734,-2.689497 140.871642,-2.690311 140.871966,-2.691140 140.875195,-2.691395 140.875851,-2.691548 140.875969,-2.691395</coordinates></LinearRing></outerBoundaryIs></Polygon>
<Polygon><outerBoundaryIs><LinearRing><coordinates>140.885032,-2.693360 140.886535,-2.692442 140.888042,-2.691229 140.888372,-2.688967 140.886368,-2.687550 140.885279,-2.687686 140.885706,-2.688416 140.885945,-2.690096 140.883651,-2.691943 140.883838,-2.693456 140.884747,-2.693717 140.885032,-2.693360</coordinates></LinearRing></outerBoundaryIs></Polygon>
<Polygon><outerBoundaryIs><LinearRing><coordinates>140.845879,-2.689868 140.846357,-2.689536 140.846578,-2.688471 140.845533,-2.686857 140.844364,-2.687120 140.843662,-2.689383 140.844657,-2.690074 140.845659,-2.690189 140.845879,-2.689868</coordinates></LinearRing></outerBoundaryIs></Polygon>
<Polygon><outerBoundaryIs><LinearRing><coordinates>140.916288,-2.685587 140.913455,-2.686262 140.912604,-2.686555 140.910329,-2.688935 140.907722,-2.690207 140.905358,-2.691648 140.903992,-2.693078 140.903485,-2.694128 140.902298,-2.696201 140.900654,-2.697182 140.889726,-2.697670 140.885483,-2.701621 140.883891,-2.703287 140.881985,-2.704543 140.881586,-2.705370 140.881965,-2.706320 140.884318,-2.705714 140.885417,-2.704965 140.887399,-2.704576 140.889333,-2.701610 140.890855,-2.700607 140.892775,-2.700646 140.894855,-2.699378 140.898327,-2.698697 140.901533,-2.698763 140.903425,-2.697992 140.903749,-2.699056 140.901674,-2.701060 140.900789,-2.702261 140.899705,-2.703611 140.899441,-2.704185 140.900001,-2.705279 140.900558,-2.705817 140.902458,-2.705778 140.904557,-2.705238 140.905930,-2.704972 140.908087,-2.706618 140.908627,-2.707738 140.908591,-2.709484 140.905614,-2.709846 140.904023,-2.708762 140.903169,-2.708198 140.901536,-2.708232 140.899713,-2.709176 140.898809,-2.709617 140.896640,-2.709572 140.892506,-2.712140 140.892089,-2.714290 140.890163,-2.716150 140.890557,-2.716920 140.892293,-2.716885 140.893256,-2.716905 140.894829,-2.719318 140.895130,-2.722421 140.896530,-2.723344 140.897636,-2.723671 140.899204,-2.720890 140.900484,-2.719654 140.902405,-2.719339 140.903168,-2.718944 140.903478,-2.716081 140.903753,-2.714731 140.904108,-2.712177 140.905148,-2.711173 140.907818,-2.711516 140.908463,-2.713514 140.908886,-2.714759 140.909980,-2.715268 140.911092,-2.714692 140.910271,-2.711468 140.911032,-2.709581 140.911717,-2.707835 140.914101,-2.704676 140.916969,-2.702538 140.917621,-2.701856 140.916912,-2.699390 140.916964,-2.696837 140.916948,-2.696049 140.913970,-2.695724 140.913394,-2.694529 140.914482,-2.691331 140.915976,-2.689117 140.916288,-2.685587</coordinates></LinearRing></outerBoundaryIs></Polygon>
<Polygon><outerBoundaryIs><LinearRing><coordinates>140.916288,-2.685587 140.916901,-2.685479 140.916438,-2.685235 140.916288,-2.685587</coordinates></LinearRing></outerBoundaryIs></Polygon>
<Polygon><outerBoundaryIs><LinearRing><coordinates>140.804757,-2.689264 140.804512,-2.686198 140.803245,-2.684906 140.800253,-2.686173 140.799976,-2.686881 140.802094,-2.688528 140.802733,-2.689969 140.803605,-2.690725 140.804757,-2.689264</coordinates></LinearRing></outerBoundaryIs></Polygon>
<Polygon><outerBoundaryIs><LinearRing><coordinates>140.893257,-2.685432 140.892842,-2.684372 140.891514,-2.684112 140.891100,-2.685285 140.892377,-2.686276 140.893374,-2.686399 140.893257,-2.685432</coordinates></LinearRing></outerBoundaryIs></Polygon>
<Polygon><outerBoundaryIs><LinearRing><coordinates>140.768330,-2.682763 140.767109,-2.683004 140.768562,-2.683128 140.768330,-2.682763</coordinates></LinearRing></outerBoundaryIs></Polygon>
<Polygon><outerBoundaryIs><LinearRing><coordinates>140.797295,-2.682517 140.796423,-2.682945 140.796237,-2.683296 140.797406,-2.683404 140.797295,-2.682517</coordinates></LinearRing></outerBoundaryIs></Polygon>
<Polygon><outerBoundaryIs><LinearRing><coordinates>140.920995,-2.691677 140.922363,-2.691155 140.923152,-2.690696 140.922438,-2.688074 140.923749,-2.685105 140.923649,-2.683845 140.921906,-2.682335 140.920217,-2.681938 140.919377,-2.684162 140.918826,-2.684639 140.919937,-2.685442 140.920378,-2.685956 140.921914,-2.688637 140.921534,-2.688966 140.921285,-2.689528 140.920123,-2.691175 140.920870,-2.691823 140.920995,-2.691677</coordinates></LinearRing></outerBoundaryIs></Polygon>
<Polygon><outerBoundaryIs><LinearRing><coordinates>140.789191,-2.686528 140.789446,-2.684544 140.788786,-2.683322 140.787576,-2.682235 140.784706,-2.681919 140.782806,-2.684057 140.782452,-2.685076 140.783354,-2.686376 140.787812,-2.687339 140.788779,-2.687469 140.789191,-2.686528</coordinates></LinearRing></outerBoundaryIs></Polygon>
<Polygon><outerBoundaryIs><LinearRing><coordinates>140.772705,-2.683743 140.772406,-2.681648 140.771817,-2.682336 140.771140,-2.682922 140.770787,-2.683716 140.771167,-2.684402 140.772335,-2.684755 140.772705,-2.683743</coordinates></LinearRing></outerBoundaryIs></Polygon>
<Polygon><outerBoundaryIs><LinearRing><coordinates>140.963240,-2.687020 140.962805,-2.685981 140.962495,-2.685452 140.963470,-2.684225 140.965300,-2.683827 140.963881,-2.683519 140.962457,-2.682473 140.961996,-2.681373 140.961697,-2.681131 140.961100,-2.680382 140.960451,-2.680047 140.960109,-2.680854 140.961726,-2.682728 140.962271,-2.684645 140.961966,-2.685168 140.961726,-2.685740 140.961313,-2.686447 140.961487,-2.687854 140.963194,-2.688300 140.963314,-2.688150 140.966039,-2.687909 140.966279,-2.687574 140.964910,-2.687745 140.963240,-2.687020</coordinates></LinearRing></outerBoundaryIs></Polygon>
<Polygon><outerBoundaryIs><LinearRing><coordinates>140.918565,-2.675406 140.919134,-2.675165 140.919920,-2.673864 140.920232,-2.673121 140.920121,-2.672229 140.919074,-2.671785 140.918320,-2.672732 140.918056,-2.675243 140.918445,-2.675557 140.918565,-2.675406</coordinates></LinearRing></outerBoundaryIs></Polygon>
<Polygon><outerBoundaryIs><LinearRing><coordinates>140.929877,-2.673229 140.930917,-2.672960 140.930590,-2.671489 140.929624,-2.672121 140.929231,-2.672694 140.928519,-2.672961 140.928585,-2.673254 140.929767,-2.673389 140.929877,-2.673229</coordinates></LinearRing></outerBoundaryIs></Polygon>
<Polygon><outerBoundaryIs><LinearRing><coordinates>140.729089,-2.669525 140.728745,-2.670541 140.729207,-2.670650 140.729089,-2.669525</coordinates></LinearRing></outerBoundaryIs></Polygon>
<Polygon><outerBoundaryIs><LinearRing><coordinates>140.917218,-2.667274 140.917517,-2.667033 140.917633,-2.665677 140.916655,-2.667297 140.917098,-2.667424 140.917218,-2.667274</coordinates></LinearRing></outerBoundaryIs></Polygon>
<Polygon><outerBoundaryIs><LinearRing><coordinates>140.851231,-2.664648 140.850994,-2.664885 140.851323,-2.664978 140.851231,-2.664648</coordinates></LinearRing></outerBoundaryIs></Polygon>
<Polygon><outerBoundaryIs><LinearRing><coordinates>140.951713,-2.665910 140.952045,-2.665680 140.951665,-2.664448 140.950415,-2.664159 140.950701,-2.665444 140.951603,-2.666071 140.951713,-2.665910</coordinates></LinearRing></outerBoundaryIs></Polygon>
<Polygon><outerBoundaryIs><LinearRing><coordinates>140.926868,-2.663777 140.925583,-2.662107 140.925330,-2.663753 140.927566,-2.666379 140.928565,-2.667008 140.929569,-2.667724 140.930431,-2.670010 140.931655,-2.670136 140.931860,-2.669896 140.933545,-2.669140 140.933936,-2.668550 140.931268,-2.667003 140.930452,-2.664840 140.929813,-2.664553 140.928145,-2.664688 140.926868,-2.663777</coordinates></LinearRing></outerBoundaryIs></Polygon>
<Polygon><outerBoundaryIs><LinearRing><coordinates>140.860347,-2.670541 140.860424,-2.668613 140.859971,-2.666875 140.860348,-2.666465 140.861706,-2.665662 140.863188,-2.664055 140.865090,-2.663153 140.865740,-2.661917 140.865276,-2.661325 140.863115,-2.661658 140.861097,-2.663213 140.854741,-2.663505 140.853299,-2.664617 140.851333,-2.665549 140.851732,-2.665922 140.852444,-2.666694 140.854652,-2.668000 140.855086,-2.669245 140.854312,-2.670450 140.852280,-2.671651 140.852218,-2.673241 140.853888,-2.672981 140.854574,-2.671912 140.857774,-2.671785 140.860078,-2.673795 140.862361,-2.674161 140.863001,-2.674855 140.865045,-2.675394 140.865739,-2.675422 140.865879,-2.675552 140.866224,-2.673893 140.865713,-2.671735 140.864797,-2.670309 140.862882,-2.670232 140.860716,-2.670803 140.860347,-2.670541</coordinates></LinearRing></outerBoundaryIs></Polygon>
<Polygon><outerBoundaryIs><LinearRing><coordinates>140.914128,-2.661462 140.913457,-2.660426 140.913214,-2.661078 140.912325,-2.662431 140.913863,-2.662544 140.914128,-2.661462</coordinates></LinearRing></outerBoundaryIs></Polygon>
<Polygon><outerBoundaryIs><LinearRing><coordinates>140.850652,-2.664027 140.850079,-2.663177 140.848675,-2.660266 140.848226,-2.662155 140.849475,-2.664009 140.850784,-2.664436 140.850652,-2.664027</coordinates></LinearRing></outerBoundaryIs></Polygon>
<Polygon><outerBoundaryIs><LinearRing><coordinates>140.919627,-2.661835 140.920028,-2.661587 140.918549,-2.661086 140.917506,-2.660183 140.916763,-2.660708 140.917290,-2.661890 140.919524,-2.662003 140.919627,-2.661835</coordinates></LinearRing></outerBoundaryIs></Polygon>
<Polygon><outerBoundaryIs><LinearRing><coordinates>140.909801,-2.663158 140.908058,-2.662147 140.907152,-2.660567 140.905809,-2.659978 140.904713,-2.660594 140.905156,-2.661391 140.906470,-2.661981 140.907409,-2.662508 140.907821,-2.663884 140.907754,-2.664724 140.906363,-2.665109 140.904725,-2.663941 140.903692,-2.662282 140.903176,-2.661876 140.901608,-2.664562 140.902442,-2.667364 140.903889,-2.667965 140.904014,-2.667820 140.906690,-2.667010 140.908742,-2.666695 140.909801,-2.663158</coordinates></LinearRing></outerBoundaryIs></Polygon>
<Polygon><outerBoundaryIs><LinearRing><coordinates>140.902654,-2.658861 140.903455,-2.657594 140.902680,-2.657280 140.901489,-2.658194 140.901659,-2.659056 140.902542,-2.659290 140.902654,-2.658861</coordinates></LinearRing></outerBoundaryIs></Polygon>
<Polygon><outerBoundaryIs><LinearRing><coordinates>140.914530,-2.659419 140.916196,-2.656393 140.917241,-2.655911 140.917495,-2.655161 140.916417,-2.654826 140.915049,-2.654254 140.914373,-2.654294 140.913941,-2.655239 140.913467,-2.658992 140.914403,-2.659833 140.914530,-2.659419</coordinates></LinearRing></outerBoundaryIs></Polygon>
<Polygon><outerBoundaryIs><LinearRing><coordinates>140.918564,-2.655343 140.919101,-2.654927 140.919410,-2.654169 140.919947,-2.653752 140.920182,-2.653175 140.920497,-2.652649 140.920153,-2.652125 140.918070,-2.652435 140.918607,-2.654287 140.918294,-2.654530 140.918060,-2.654836 140.917537,-2.655242 140.918446,-2.655496 140.918564,-2.655343</coordinates></LinearRing></outerBoundaryIs></Polygon>
<Polygon><outerBoundaryIs><LinearRing><coordinates>140.921805,-2.651628 140.921331,-2.651862 140.921951,-2.651972 140.921805,-2.651628</coordinates></LinearRing></outerBoundaryIs></Polygon>
<Polygon><outerBoundaryIs><LinearRing><coordinates>140.922382,-2.650814 140.922140,-2.651279 140.922490,-2.651430 140.922382,-2.650814</coordinates></LinearRing></outerBoundaryIs></Polygon>
<Polygon><outerBoundaryIs><LinearRing><coordinates>140.916123,-2.651262 140.916475,-2.651045 140.916054,-2.649759 140.915083,-2.650064 140.914840,-2.650803 140.916021,-2.651430 140.916123,-2.651262</coordinates></LinearRing></outerBoundaryIs></Polygon>
<Polygon><outerBoundaryIs><LinearRing><coordinates>140.825356,-2.646903 140.824541,-2.646721 140.824278,-2.647307 140.825447,-2.647896 140.825356,-2.646903</coordinates></LinearRing></outerBoundaryIs></Polygon>
<Polygon><outerBoundaryIs><LinearRing><coordinates>140.922785,-2.643298 140.922338,-2.641239 140.920145,-2.639338 140.919346,-2.639403 140.918862,-2.640427 140.920288,-2.642449 140.921189,-2.644482 140.922491,-2.644653 140.922785,-2.643298</coordinates></LinearRing></outerBoundaryIs></Polygon>
<Polygon><outerBoundaryIs><LinearRing><coordinates>140.931783,-2.644956 140.929088,-2.643441 140.926540,-2.641945 140.926677,-2.639638 140.926632,-2.638868 140.925282,-2.638561 140.925351,-2.639737 140.926200,-2.640499 140.926054,-2.642954 140.926946,-2.644239 140.927285,-2.644982 140.927195,-2.646499 140.926241,-2.647356 140.923966,-2.647220 140.923682,-2.647540 140.923717,-2.648126 140.925062,-2.649335 140.926534,-2.649533 140.927251,-2.648726 140.928904,-2.648050 140.930004,-2.648651 140.931458,-2.648564 140.931783,-2.644956</coordinates></LinearRing></outerBoundaryIs></Polygon>
<Polygon><outerBoundaryIs><LinearRing><coordinates>140.860911,-2.632903 140.860661,-2.633855 140.861031,-2.634075 140.860911,-2.632903</coordinates></LinearRing></outerBoundaryIs></Polygon>
<Polygon><outerBoundaryIs><LinearRing><coordinates>140.881437,-2.634479 140.879345,-2.633920 140.878552,-2.632924 140.877532,-2.632797 140.876546,-2.633215 140.876786,-2.633958 140.878044,-2.635538 140.878822,-2.635635 140.879682,-2.635528 140.880527,-2.636208 140.880828,-2.638294 140.881128,-2.638535 140.881518,-2.639025 140.882461,-2.639143 140.884856,-2.638844 140.886644,-2.639901 140.887448,-2.640042 140.887651,-2.639510 140.887483,-2.638154 140.887972,-2.636436 140.889056,-2.634582 140.887541,-2.633687 140.884120,-2.634740 140.881437,-2.634479</coordinates></LinearRing></outerBoundaryIs></Polygon>
<Polygon><outerBoundaryIs><LinearRing><coordinates>140.920460,-2.633393 140.921288,-2.632328 140.921792,-2.631194 140.921052,-2.630431 140.918997,-2.631301 140.918593,-2.633226 140.920065,-2.634080 140.920460,-2.633393</coordinates></LinearRing></outerBoundaryIs></Polygon>
<Polygon><outerBoundaryIs><LinearRing><coordinates>140.644790,-2.630706 140.644312,-2.629967 140.643560,-2.630460 140.643765,-2.631383 140.644574,-2.631592 140.644790,-2.630706</coordinates></LinearRing></outerBoundaryIs></Polygon>
<Polygon><outerBoundaryIs><LinearRing><coordinates>140.719512,-2.629443 140.719512,-2.629714 140.719781,-2.629714 140.719781,-2.629443 140.719512,-2.629443</coordinates></LinearRing></outerBoundaryIs></Polygon>
<Polygon><outerBoundaryIs><LinearRing><coordinates>140.816664,-2.629572 140.817012,-2.629034 140.815680,-2.628808 140.816371,-2.629876 140.816554,-2.630003 140.816664,-2.629572</coordinates></LinearRing></outerBoundaryIs></Polygon>
<Polygon><outerBoundaryIs><LinearRing><coordinates>140.861960,-2.631214 140.863025,-2.629748 140.862530,-2.628804 140.859165,-2.629770 140.860594,-2.631479 140.861840,-2.631635 140.861960,-2.631214</coordinates></LinearRing></outerBoundaryIs></Polygon>
<Polygon><outerBoundaryIs><LinearRing><coordinates>140.719512,-2.629443 140.719319,-2.628687 140.718346,-2.628906 140.718164,-2.629171 140.718524,-2.629351 140.719512,-2.629443</coordinates></LinearRing></outerBoundaryIs></Polygon>
<Polygon><outerBoundaryIs><LinearRing><coordinates>140.896561,-2.628268 140.895688,-2.628827 140.896144,-2.629847 140.897572,-2.630059 140.898738,-2.629352 140.899461,-2.629588 140.900774,-2.630708 140.901735,-2.631097 140.901853,-2.630944 140.902661,-2.630316 140.902390,-2.628850 140.900657,-2.628592 140.899006,-2.628838 140.896561,-2.628268</coordinates></LinearRing></outerBoundaryIs></Polygon>
<Polygon><outerBoundaryIs><LinearRing><coordinates>140.737573,-2.627820 140.737014,-2.627981 140.736255,-2.628934 140.735415,-2.631886 140.736107,-2.631497 140.737080,-2.630771 140.737573,-2.627820</coordinates></LinearRing></outerBoundaryIs></Polygon>
<Polygon><outerBoundaryIs><LinearRing><coordinates>140.890538,-2.630137 140.890890,-2.629832 140.890790,-2.628579 140.886692,-2.627827 140.885356,-2.628576 140.885457,-2.629844 140.888941,-2.630137 140.890414,-2.630283 140.890538,-2.630137</coordinates></LinearRing></outerBoundaryIs></Polygon>
<Polygon><outerBoundaryIs><LinearRing><coordinates>140.707652,-2.627813 140.707652,-2.627542 140.707382,-2.627542 140.707382,-2.627813 140.707652,-2.627813</coordinates></LinearRing></outerBoundaryIs></Polygon>
<Polygon><outerBoundaryIs><LinearRing><coordinates>140.737573,-2.627820 140.737842,-2.627820 140.737842,-2.627549 140.737573,-2.627549 140.737573,-2.627820</coordinates></LinearRing></outerBoundaryIs></Polygon>
<Polygon><outerBoundaryIs><LinearRing><coordinates>140.702530,-2.626457 140.702530,-2.626728 140.703069,-2.626728 140.703069,-2.626457 140.702530,-2.626457</coordinates></LinearRing></outerBoundaryIs></Polygon>
<Polygon><outerBoundaryIs><LinearRing><coordinates>140.881631,-2.628769 140.882705,-2.627995 140.882370,-2.626289 140.881192,-2.626523 140.880104,-2.627359 140.880351,-2.628617 140.881518,-2.628927 140.881631,-2.628769</coordinates></LinearRing></outerBoundaryIs></Polygon>
<Polygon><outerBoundaryIs><LinearRing><coordinates>140.702530,-2.626457 140.702530,-2.626186 140.701991,-2.626186 140.701991,-2.626457 140.702530,-2.626457</coordinates></LinearRing></outerBoundaryIs></Polygon>
<Polygon><outerBoundaryIs><LinearRing><coordinates>140.701722,-2.626186 140.701722,-2.625914 140.701183,-2.625914 140.701182,-2.626185 140.701722,-2.626186</coordinates></LinearRing></outerBoundaryIs></Polygon>
<Polygon><outerBoundaryIs><LinearRing><coordinates>140.763158,-2.629263 140.763450,-2.628910 140.760884,-2.628508 140.756577,-2.627491 140.751590,-2.625925 140.752248,-2.626722 140.754634,-2.627763 140.758217,-2.628301 140.760380,-2.629547 140.763158,-2.629263</coordinates></LinearRing></outerBoundaryIs></Polygon>
<Polygon><outerBoundaryIs><LinearRing><coordinates>140.751321,-2.625925 140.751321,-2.625654 140.750782,-2.625654 140.750781,-2.625925 140.751321,-2.625925</coordinates></LinearRing></outerBoundaryIs></Polygon>
<Polygon><outerBoundaryIs><LinearRing><coordinates>140.826382,-2.634467 140.827535,-2.633950 140.826921,-2.633674 140.825971,-2.633141 140.824703,-2.631660 140.825341,-2.628718 140.827023,-2.627659 140.827868,-2.626674 140.828270,-2.625835 140.826524,-2.625542 140.824564,-2.626265 140.822984,-2.627151 140.821781,-2.628009 140.821836,-2.628702 140.823437,-2.629858 140.824228,-2.630781 140.824495,-2.633132 140.825035,-2.634104 140.826257,-2.634613 140.826382,-2.634467</coordinates></LinearRing></outerBoundaryIs></Polygon>
<Polygon><outerBoundaryIs><LinearRing><coordinates>140.874634,-2.632847 140.874924,-2.632596 140.875173,-2.632099 140.874005,-2.629993 140.871255,-2.629488 140.870752,-2.626715 140.869543,-2.625547 140.868640,-2.627938 140.867355,-2.629052 140.867387,-2.629453 140.868071,-2.630688 140.870947,-2.630983 140.871774,-2.631948 140.872704,-2.632755 140.874509,-2.632992 140.874634,-2.632847</coordinates></LinearRing></outerBoundaryIs></Polygon>
<Polygon><outerBoundaryIs><LinearRing><coordinates>140.699565,-2.625372 140.699384,-2.625012 140.699026,-2.624829 140.699026,-2.625372 140.699565,-2.625372</coordinates></LinearRing></outerBoundaryIs></Polygon>
<Polygon><outerBoundaryIs><LinearRing><coordinates>140.904818,-2.625522 140.905133,-2.624998 140.904777,-2.624404 140.903789,-2.624551 140.903505,-2.625462 140.904701,-2.625947 140.904818,-2.625522</coordinates></LinearRing></outerBoundaryIs></Polygon>
<Polygon><outerBoundaryIs><LinearRing><coordinates>140.847823,-2.624314 140.846863,-2.624432 140.845519,-2.624964 140.845280,-2.625640 140.846253,-2.626396 140.847535,-2.626020 140.847823,-2.624314</coordinates></LinearRing></outerBoundaryIs></Polygon>
<Polygon><outerBoundaryIs><LinearRing><coordinates>140.745391,-2.623484 140.745391,-2.623213 140.745121,-2.623213 140.745121,-2.623484 140.745391,-2.623484</coordinates></LinearRing></outerBoundaryIs></Polygon>
<Polygon><outerBoundaryIs><LinearRing><coordinates>140.916449,-2.625806 140.916961,-2.624180 140.917370,-2.623237 140.915643,-2.623668 140.914136,-2.623779 140.915093,-2.625860 140.916449,-2.625806</coordinates></LinearRing></outerBoundaryIs></Polygon>
<Polygon><outerBoundaryIs><LinearRing><coordinates>140.742156,-2.622128 140.742156,-2.622399 140.742695,-2.622399 140.742695,-2.622128 140.742156,-2.622128</coordinates></LinearRing></outerBoundaryIs></Polygon>
<Polygon><outerBoundaryIs><LinearRing><coordinates>140.921480,-2.624159 140.921683,-2.622152 140.921531,-2.622271 140.919976,-2.622633 140.918449,-2.623237 140.919088,-2.624352 140.921480,-2.624159</coordinates></LinearRing></outerBoundaryIs></Polygon>
<Polygon><outerBoundaryIs><LinearRing><coordinates>140.742156,-2.622128 140.742156,-2.621857 140.741617,-2.621857 140.741617,-2.622128 140.742156,-2.622128</coordinates></LinearRing></outerBoundaryIs></Polygon>
<Polygon><outerBoundaryIs><LinearRing><coordinates>140.842822,-2.625248 140.843688,-2.624999 140.842709,-2.624210 140.841204,-2.623651 140.840384,-2.623166 140.838509,-2.622837 140.836113,-2.622265 140.834466,-2.622023 140.832878,-2.621722 140.830452,-2.621493 140.831889,-2.623472 140.833871,-2.624312 140.836112,-2.624705 140.837430,-2.625006 140.841504,-2.625247 140.842702,-2.625398 140.842822,-2.625248</coordinates></LinearRing></outerBoundaryIs></Polygon>
<Polygon><outerBoundaryIs><LinearRing><coordinates>140.847823,-2.624314 140.849488,-2.623640 140.849883,-2.622672 140.849781,-2.621979 140.847869,-2.621485 140.846898,-2.621977 140.847823,-2.624314</coordinates></LinearRing></outerBoundaryIs></Polygon>
<Polygon><outerBoundaryIs><LinearRing><coordinates>140.741617,-2.621857 140.741436,-2.621496 140.739648,-2.620594 140.739192,-2.620501 140.739375,-2.620867 140.741169,-2.621766 140.741617,-2.621857</coordinates></LinearRing></outerBoundaryIs></Polygon>
<Polygon><outerBoundaryIs><LinearRing><coordinates>140.787081,-2.619366 140.786844,-2.619604 140.787173,-2.619697 140.787081,-2.619366</coordinates></LinearRing></outerBoundaryIs></Polygon>
<Polygon><outerBoundaryIs><LinearRing><coordinates>140.701993,-2.618053 140.701019,-2.618700 140.699947,-2.618976 140.699836,-2.619137 140.700275,-2.619360 140.700375,-2.620763 140.701237,-2.620541 140.701993,-2.619408 140.701993,-2.618053</coordinates></LinearRing></outerBoundaryIs></Polygon>
<Polygon><outerBoundaryIs><LinearRing><coordinates>140.701993,-2.618053 140.702263,-2.618053 140.702263,-2.617782 140.701993,-2.617782 140.701993,-2.618053</coordinates></LinearRing></outerBoundaryIs></Polygon>
<Polygon><outerBoundaryIs><LinearRing><coordinates>140.702802,-2.617240 140.702532,-2.617240 140.702532,-2.617511 140.702802,-2.617511 140.702802,-2.617240</coordinates></LinearRing></outerBoundaryIs></Polygon>
<Polygon><outerBoundaryIs><LinearRing><coordinates>140.702802,-2.617240 140.704475,-2.617363 140.705251,-2.617902 140.705497,-2.618867 140.705857,-2.618687 140.707024,-2.618505 140.707205,-2.618198 140.706397,-2.617963 140.706125,-2.617422 140.704827,-2.616766 140.704285,-2.617032 140.703611,-2.616701 140.702897,-2.617052 140.702802,-2.617240</coordinates></LinearRing></outerBoundaryIs></Polygon>
<Polygon><outerBoundaryIs><LinearRing><coordinates>140.886827,-2.617668 140.883830,-2.617143 140.885024,-2.615643 140.884098,-2.615490 140.882598,-2.615372 140.883029,-2.616118 140.883641,-2.616668 140.883504,-2.618981 140.882228,-2.621342 140.881365,-2.621740 140.881661,-2.622006 140.883390,-2.624137 140.884215,-2.624446 140.886231,-2.623903 140.886626,-2.623927 140.887307,-2.625004 140.887624,-2.625289 140.888253,-2.625252 140.890727,-2.624359 140.893717,-2.622996 140.895366,-2.621837 140.897367,-2.621481 140.898472,-2.622724 140.899707,-2.622279 140.900900,-2.622023 140.903095,-2.622815 140.903480,-2.622081 140.902672,-2.620126 140.902545,-2.619169 140.902388,-2.619056 140.900221,-2.618621 140.899198,-2.618198 140.894101,-2.616901 140.889768,-2.616029 140.888528,-2.615915 140.889456,-2.617174 140.889105,-2.617933 140.886827,-2.617668</coordinates></LinearRing></outerBoundaryIs><innerBoundaryIs><LinearRing><coordinates>140.889744,-2.617528 140.892260,-2.617295 140.894318,-2.618652 140.894348,-2.620109 140.893781,-2.620386 140.893649,-2.620524 140.889744,-2.617528</coordinates></LinearRing></innerBoundaryIs></Polygon>
<Polygon><outerBoundaryIs><LinearRing><coordinates>140.930310,-2.612394 140.930310,-2.612123 140.930040,-2.612123 140.930040,-2.612394 140.930310,-2.612394</coordinates></LinearRing></outerBoundaryIs></Polygon>
<Polygon><outerBoundaryIs><LinearRing><coordinates>140.927614,-2.611309 140.927614,-2.611038 140.927345,-2.611038 140.927345,-2.611309 140.927614,-2.611309</coordinates></LinearRing></outerBoundaryIs></Polygon>
<Polygon><outerBoundaryIs><LinearRing><coordinates>140.926806,-2.611038 140.926715,-2.610858 140.926046,-2.610676 140.925727,-2.611309 140.926806,-2.611038</coordinates></LinearRing></outerBoundaryIs></Polygon>
<Polygon><outerBoundaryIs><LinearRing><coordinates>140.841475,-2.611518 140.841086,-2.610217 140.835558,-2.609541 140.834347,-2.609403 140.834667,-2.609763 140.836646,-2.610073 140.837627,-2.610427 140.837978,-2.612086 140.837220,-2.614210 140.837554,-2.614953 140.839877,-2.614115 140.841205,-2.614841 140.842975,-2.615658 140.844440,-2.616800 140.845526,-2.616038 140.846441,-2.615453 140.847620,-2.615524 140.849520,-2.616859 140.851060,-2.617123 140.853620,-2.616434 140.855232,-2.616869 140.855513,-2.616852 140.856038,-2.617139 140.857960,-2.617589 140.860890,-2.618495 140.862792,-2.618751 140.863918,-2.619054 140.863855,-2.620114 140.863897,-2.620832 140.865724,-2.623204 140.867154,-2.624489 140.868433,-2.624413 140.868712,-2.621140 140.869303,-2.620046 140.871016,-2.618951 140.871942,-2.617668 140.872893,-2.616434 140.874965,-2.616057 140.875582,-2.616751 140.876152,-2.619218 140.876540,-2.619566 140.878419,-2.621682 140.878681,-2.623648 140.879649,-2.623904 140.879486,-2.621147 140.878951,-2.620666 140.878696,-2.620379 140.877352,-2.619519 140.877079,-2.616452 140.879775,-2.614973 140.879902,-2.614830 140.878407,-2.614707 140.873310,-2.614139 140.870320,-2.613893 140.869120,-2.613744 140.869362,-2.614097 140.870768,-2.614904 140.870952,-2.615729 140.869867,-2.615974 140.869230,-2.615531 140.868042,-2.613744 140.867853,-2.613469 140.866815,-2.613703 140.865885,-2.613473 140.865348,-2.615312 140.864539,-2.616291 140.861745,-2.616577 140.860911,-2.615462 140.861260,-2.613958 140.861989,-2.613349 140.862111,-2.613201 140.861994,-2.613048 140.855576,-2.611967 140.854025,-2.611845 140.854419,-2.612925 140.853615,-2.613630 140.850060,-2.614410 140.848057,-2.614090 140.845167,-2.612275 140.844590,-2.612229 140.842491,-2.612398 140.841475,-2.611518</coordinates></LinearRing></outerBoundaryIs></Polygon>
<Polygon><outerBoundaryIs><LinearRing><coordinates>140.781514,-2.609666 140.781424,-2.609486 140.780706,-2.609123 140.780377,-2.610066 140.781514,-2.609666</coordinates></LinearRing></outerBoundaryIs></Polygon>
<Polygon><outerBoundaryIs><LinearRing><coordinates>140.792434,-2.624708 140.791295,-2.624345 140.790008,-2.623352 140.788153,-2.622255 140.787852,-2.620477 140.789122,-2.618622 140.789460,-2.616846 140.789861,-2.615307 140.789725,-2.611839 140.788337,-2.610019 140.786366,-2.608853 140.786486,-2.609275 140.786785,-2.609787 140.787105,-2.610550 140.788311,-2.611062 140.788884,-2.614636 140.787324,-2.615084 140.787563,-2.615239 140.788641,-2.615549 140.788401,-2.616869 140.787617,-2.619625 140.786003,-2.621933 140.783632,-2.624082 140.782200,-2.624997 140.781442,-2.625319 140.780927,-2.626547 140.780298,-2.626625 140.779343,-2.626506 140.777288,-2.627376 140.776142,-2.628053 140.774622,-2.628490 140.774502,-2.628641 140.779190,-2.628504 140.783785,-2.625825 140.786208,-2.625530 140.787571,-2.626735 140.785711,-2.629173 140.786477,-2.631370 140.786761,-2.632628 140.786111,-2.633864 140.785103,-2.634342 140.783223,-2.632803 140.782179,-2.632307 140.779604,-2.630936 140.778603,-2.630976 140.777689,-2.631968 140.777289,-2.635734 140.776697,-2.637433 140.775869,-2.637988 140.773137,-2.637413 140.771864,-2.637748 140.769578,-2.641008 140.769248,-2.642104 140.770387,-2.643769 140.770313,-2.645660 140.768741,-2.647124 140.768439,-2.647687 140.769517,-2.649102 140.770075,-2.649972 140.770043,-2.650793 140.769506,-2.651813 140.769200,-2.652463 140.769658,-2.654667 140.769152,-2.656118 140.767797,-2.657894 140.765622,-2.658860 140.762972,-2.658302 140.762094,-2.657349 140.761429,-2.655517 140.761968,-2.653447 140.761954,-2.653074 140.759675,-2.650950 140.759840,-2.646801 140.759801,-2.645803 140.757718,-2.642758 140.754381,-2.640686 140.753334,-2.640727 140.751188,-2.642080 140.753453,-2.643156 140.754192,-2.644307 140.754130,-2.645882 140.752597,-2.646609 140.750716,-2.645450 140.749780,-2.645042 140.749010,-2.645877 140.749053,-2.646960 140.750373,-2.646908 140.751818,-2.646965 140.753775,-2.651137 140.754469,-2.652151 140.755484,-2.654316 140.757193,-2.655909 140.760609,-2.659683 140.760889,-2.659944 140.761417,-2.661198 140.759799,-2.663197 140.759812,-2.663532 140.760870,-2.665543 140.761164,-2.667094 140.761102,-2.668643 140.760327,-2.670541 140.760351,-2.671155 140.761271,-2.672904 140.762560,-2.674788 140.763459,-2.675125 140.763923,-2.674137 140.764380,-2.672685 140.764735,-2.671667 140.766979,-2.671341 140.768258,-2.672226 140.768123,-2.675634 140.768738,-2.676533 140.770560,-2.676461 140.771440,-2.677070 140.772299,-2.679801 140.772792,-2.681885 140.773274,-2.681362 140.773966,-2.680718 140.777997,-2.680879 140.779765,-2.680809 140.779732,-2.679982 140.778263,-2.679284 140.774623,-2.678933 140.774323,-2.678607 140.774370,-2.677416 140.775447,-2.676905 140.776798,-2.676186 140.780262,-2.672075 140.779333,-2.671210 140.780254,-2.670259 140.780570,-2.672253 140.783314,-2.672144 140.784484,-2.671522 140.784868,-2.670140 140.783592,-2.667713 140.783261,-2.666947 140.783890,-2.665753 140.787378,-2.664388 140.789002,-2.664025 140.790646,-2.664901 140.791920,-2.667081 140.792579,-2.669866 140.794859,-2.670304 140.796305,-2.670247 140.797031,-2.669118 140.797733,-2.668464 140.799561,-2.667882 140.801155,-2.667224 140.802709,-2.665236 140.804148,-2.664841 140.807643,-2.666183 140.809939,-2.665374 140.811275,-2.665054 140.813443,-2.664290 140.814425,-2.664029 140.815600,-2.664843 140.816501,-2.665428 140.818036,-2.665917 140.819252,-2.666856 140.819830,-2.668691 140.822406,-2.670291 140.826100,-2.671001 140.826382,-2.671844 140.824998,-2.673553 140.824485,-2.674645 140.824510,-2.675265 140.825949,-2.679197 140.829279,-2.679518 140.829615,-2.680509 140.827012,-2.683469 140.826660,-2.684763 140.827306,-2.688497 140.826885,-2.689296 140.826292,-2.691176 140.827503,-2.691128 140.828266,-2.689504 140.828580,-2.688908 140.829322,-2.686552 140.830219,-2.685376 140.831783,-2.684634 140.831502,-2.682737 140.831243,-2.678842 140.831986,-2.675992 140.830951,-2.673021 140.831034,-2.670939 140.830895,-2.667408 140.831335,-2.666571 140.832401,-2.665879 140.833841,-2.665937 140.834200,-2.667828 140.834798,-2.668360 140.835568,-2.667525 140.835499,-2.665787 140.835879,-2.664698 140.837220,-2.663450 140.838333,-2.663494 140.839920,-2.664054 140.840624,-2.664818 140.841091,-2.665107 140.840660,-2.663454 140.840684,-2.662866 140.841825,-2.661803 140.843387,-2.661062 140.845576,-2.659374 140.846935,-2.659428 140.847949,-2.659968 140.848317,-2.659954 140.848758,-2.658011 140.848180,-2.656913 140.843517,-2.657098 140.840829,-2.658045 140.839924,-2.656636 140.839525,-2.657069 140.837119,-2.658631 140.833386,-2.659142 140.832594,-2.657949 140.833672,-2.655900 140.834023,-2.655152 140.833589,-2.654747 140.830490,-2.655659 140.829147,-2.656588 140.828816,-2.661100 140.828229,-2.662784 140.827065,-2.663868 140.825315,-2.662936 140.824662,-2.662626 140.823364,-2.662678 140.822085,-2.663358 140.821178,-2.663788 140.819949,-2.663739 140.818746,-2.661680 140.817218,-2.660777 140.816763,-2.660283 140.816420,-2.657877 140.817229,-2.655897 140.817488,-2.654753 140.816649,-2.653157 140.816694,-2.652005 140.817961,-2.651560 140.821238,-2.652525 140.823159,-2.652019 140.824413,-2.651151 140.824767,-2.648632 140.822394,-2.650461 140.821601,-2.650737 140.819509,-2.649123 140.816169,-2.648765 140.812851,-2.645871 140.811819,-2.644750 140.811858,-2.643776 140.813776,-2.641406 140.813715,-2.639855 140.810038,-2.636517 140.807650,-2.635944 140.805610,-2.634533 140.803249,-2.635154 140.801776,-2.634134 140.800138,-2.631582 140.799711,-2.630673 140.798126,-2.628713 140.794580,-2.626616 140.792434,-2.624708</coordinates></LinearRing></outerBoundaryIs><innerBoundaryIs><LinearRing><coordinates>140.776835,-2.641470 140.777030,-2.640890 140.777732,-2.641247 140.777286,-2.641473 140.777196,-2.641653 140.776835,-2.641470</coordinates></LinearRing></innerBoundaryIs><innerBoundaryIs><LinearRing><coordinates>140.780886,-2.656142 140.781129,-2.655677 140.781236,-2.656293 140.780886,-2.656142</coordinates></LinearRing></innerBoundaryIs><innerBoundaryIs><LinearRing><coordinates>140.780077,-2.656725 140.780551,-2.656491 140.780697,-2.656835 140.780077,-2.656725</coordinates></LinearRing></innerBoundaryIs><innerBoundaryIs><LinearRing><coordinates>140.771809,-2.658059 140.773522,-2.658024 140.775692,-2.660505 140.774930,-2.662084 140.774634,-2.662394 140.773819,-2.662930 140.773687,-2.663069 140.772046,-2.662838 140.770590,-2.660424 140.771809,-2.658059</coordinates></LinearRing></innerBoundaryIs><innerBoundaryIs><LinearRing><coordinates>140.777621,-2.660641 140.778043,-2.659793 140.779633,-2.659435 140.779845,-2.660156 140.779508,-2.661061 140.778920,-2.661283 140.778809,-2.661443 140.777621,-2.660641</coordinates></LinearRing></innerBoundaryIs><innerBoundaryIs><LinearRing><coordinates>140.763174,-2.663338 140.762845,-2.663245 140.763082,-2.663007 140.763174,-2.663338</coordinates></LinearRing></innerBoundaryIs></Polygon>
<Polygon><outerBoundaryIs><LinearRing><coordinates>140.832191,-2.609131 140.830693,-2.609011 140.828297,-2.608709 140.827069,-2.608588 140.827545,-2.609282 140.831929,-2.609513 140.832191,-2.609131</coordinates></LinearRing></outerBoundaryIs></Polygon>
<Polygon><outerBoundaryIs><LinearRing><coordinates>140.623286,-2.607730 140.623016,-2.607730 140.623016,-2.608002 140.623286,-2.608002 140.623286,-2.607730</coordinates></LinearRing></outerBoundaryIs></Polygon>
<Polygon><outerBoundaryIs><LinearRing><coordinates>140.822239,-2.608394 140.822487,-2.608046 140.819535,-2.607742 140.818444,-2.607503 140.818826,-2.608203 140.820395,-2.608764 140.822239,-2.608394</coordinates></LinearRing></outerBoundaryIs></Polygon>
<Polygon><outerBoundaryIs><LinearRing><coordinates>140.623286,-2.607730 140.623825,-2.607731 140.623825,-2.607460 140.623385,-2.607239 140.623286,-2.607730</coordinates></LinearRing></outerBoundaryIs></Polygon>
<Polygon><outerBoundaryIs><LinearRing><coordinates>140.626251,-2.606918 140.626251,-2.607189 140.627868,-2.607190 140.627868,-2.606919 140.626251,-2.606918</coordinates></LinearRing></outerBoundaryIs></Polygon>
<Polygon><outerBoundaryIs><LinearRing><coordinates>140.780505,-2.608175 140.780885,-2.607406 140.780975,-2.606955 140.779994,-2.607067 140.779333,-2.608086 140.779138,-2.608963 140.779797,-2.608738 140.779707,-2.608334 140.780706,-2.608581 140.780505,-2.608175</coordinates></LinearRing></outerBoundaryIs></Polygon>
<Polygon><outerBoundaryIs><LinearRing><coordinates>140.815479,-2.607231 140.815479,-2.606960 140.814670,-2.606960 140.814670,-2.607231 140.815479,-2.607231</coordinates></LinearRing></outerBoundaryIs></Polygon>
<Polygon><outerBoundaryIs><LinearRing><coordinates>140.625335,-2.606703 140.625038,-2.606848 140.624769,-2.606716 140.624090,-2.607049 140.624364,-2.607189 140.625442,-2.607189 140.625443,-2.606918 140.625335,-2.606703</coordinates></LinearRing></outerBoundaryIs></Polygon>
<Polygon><outerBoundaryIs><LinearRing><coordinates>140.628408,-2.606648 140.628138,-2.606648 140.628138,-2.606919 140.628408,-2.606919 140.628408,-2.606648</coordinates></LinearRing></outerBoundaryIs></Polygon>
<Polygon><outerBoundaryIs><LinearRing><coordinates>140.626251,-2.606918 140.625982,-2.606540 140.625712,-2.606918 140.626251,-2.606918</coordinates></LinearRing></outerBoundaryIs></Polygon>
<Polygon><outerBoundaryIs><LinearRing><coordinates>140.628408,-2.606648 140.628947,-2.606648 140.628947,-2.606377 140.628408,-2.606377 140.628408,-2.606648</coordinates></LinearRing></outerBoundaryIs></Polygon>
<Polygon><outerBoundaryIs><LinearRing><coordinates>140.781784,-2.606413 140.781784,-2.606142 140.781515,-2.606142 140.781515,-2.606413 140.781784,-2.606413</coordinates></LinearRing></outerBoundaryIs></Polygon>
<Polygon><outerBoundaryIs><LinearRing><coordinates>140.809009,-2.606146 140.809126,-2.606336 140.809959,-2.606597 140.810357,-2.606417 140.810357,-2.606146 140.809009,-2.606146</coordinates></LinearRing></outerBoundaryIs></Polygon>
<Polygon><outerBoundaryIs><LinearRing><coordinates>140.809009,-2.606146 140.809010,-2.605875 140.808740,-2.605875 140.808740,-2.606146 140.809009,-2.606146</coordinates></LinearRing></outerBoundaryIs></Polygon>
<Polygon><outerBoundaryIs><LinearRing><coordinates>140.681628,-2.611085 140.680321,-2.610498 140.678779,-2.607716 140.678364,-2.606329 140.676566,-2.605834 140.676208,-2.608585 140.673167,-2.609744 140.675953,-2.611798 140.678278,-2.611611 140.679227,-2.612209 140.680202,-2.613775 140.681777,-2.614253 140.681902,-2.614107 140.682711,-2.613745 140.682323,-2.612202 140.681628,-2.611085</coordinates></LinearRing></outerBoundaryIs></Polygon>
<Polygon><outerBoundaryIs><LinearRing><coordinates>140.661682,-2.607320 140.662112,-2.606198 140.661908,-2.604550 140.659664,-2.602742 140.658502,-2.603428 140.658784,-2.605713 140.659745,-2.607037 140.660444,-2.607600 140.661562,-2.607741 140.661682,-2.607320</coordinates></LinearRing></outerBoundaryIs></Polygon>
<Polygon><outerBoundaryIs><LinearRing><coordinates>140.674730,-2.602561 140.673556,-2.602119 140.673314,-2.602601 140.673853,-2.602976 140.674073,-2.603297 140.675311,-2.603408 140.674730,-2.602561</coordinates></LinearRing></outerBoundaryIs></Polygon>
<Polygon><outerBoundaryIs><LinearRing><coordinates>140.783765,-2.602455 140.784211,-2.601805 140.783797,-2.601597 140.783250,-2.602034 140.783133,-2.602618 140.783765,-2.602455</coordinates></LinearRing></outerBoundaryIs></Polygon>
<Polygon><outerBoundaryIs><LinearRing><coordinates>140.799845,-2.600994 140.799711,-2.600647 140.799576,-2.600994 140.799845,-2.600994</coordinates></LinearRing></outerBoundaryIs></Polygon>
<Polygon><outerBoundaryIs><LinearRing><coordinates>140.620593,-2.597157 140.619785,-2.597157 140.619154,-2.597724 140.619516,-2.598369 140.620593,-2.597157</coordinates></LinearRing></outerBoundaryIs></Polygon>
<Polygon><outerBoundaryIs><LinearRing><coordinates>140.629631,-2.604896 140.630151,-2.603380 140.629073,-2.601643 140.628809,-2.600759 140.628125,-2.600166 140.627187,-2.599745 140.626332,-2.599135 140.625694,-2.597001 140.624098,-2.597158 140.624222,-2.597304 140.624657,-2.597681 140.625031,-2.598118 140.625563,-2.598579 140.625623,-2.599328 140.625547,-2.600276 140.626164,-2.600554 140.626701,-2.601764 140.629305,-2.604022 140.629486,-2.605022 140.629631,-2.604896</coordinates></LinearRing></outerBoundaryIs></Polygon>
<Polygon><outerBoundaryIs><LinearRing><coordinates>140.788704,-2.597919 140.789334,-2.596658 140.790052,-2.596293 140.790142,-2.596113 140.788955,-2.595819 140.787669,-2.596109 140.788013,-2.597655 140.788525,-2.598010 140.788704,-2.597919</coordinates></LinearRing></outerBoundaryIs></Polygon>
<Polygon><outerBoundaryIs><LinearRing><coordinates>140.739192,-2.620501 140.738795,-2.620086 140.735767,-2.618278 140.728909,-2.613600 140.726255,-2.611552 140.726011,-2.612479 140.725558,-2.612252 140.725333,-2.611937 140.724800,-2.611552 140.725334,-2.611168 140.725446,-2.611010 140.720588,-2.605832 140.718471,-2.603146 140.717219,-2.601935 140.715898,-2.600552 140.713603,-2.598334 140.713187,-2.597044 140.712345,-2.596488 140.711708,-2.595821 140.711295,-2.595422 140.711031,-2.595146 140.710348,-2.594880 140.711036,-2.596224 140.711564,-2.597320 140.712030,-2.598230 140.711294,-2.598941 140.711030,-2.599759 140.710755,-2.600568 140.710765,-2.601064 140.711701,-2.601248 140.711881,-2.599802 140.713261,-2.599630 140.714877,-2.600931 140.715594,-2.602810 140.715236,-2.603538 140.712952,-2.603177 140.712090,-2.602483 140.711970,-2.602061 140.711316,-2.601819 140.711232,-2.602869 140.712035,-2.603807 140.712635,-2.603855 140.712913,-2.603531 140.713318,-2.604003 140.715619,-2.604356 140.716160,-2.604988 140.717485,-2.605732 140.720285,-2.606581 140.720595,-2.606943 140.720865,-2.606943 140.720864,-2.607214 140.721215,-2.607365 140.720972,-2.607830 140.720864,-2.607214 140.720595,-2.607214 140.720595,-2.606943 140.719664,-2.607217 140.720974,-2.608818 140.721670,-2.607976 140.722870,-2.609892 140.723255,-2.612064 140.724759,-2.613327 140.727486,-2.613635 140.728802,-2.614683 140.729905,-2.615471 140.730650,-2.616687 140.733004,-2.618654 140.733529,-2.621035 140.734363,-2.623277 140.735282,-2.624045 140.736642,-2.625774 140.737426,-2.627155 140.737842,-2.627278 140.738107,-2.626519 140.737174,-2.625240 140.735132,-2.622715 140.734224,-2.620988 140.734180,-2.619860 140.734954,-2.619020 140.738782,-2.620371 140.739192,-2.620501</coordinates></LinearRing></outerBoundaryIs></Polygon>
<Polygon><outerBoundaryIs><LinearRing><coordinates>140.669537,-2.593838 140.669290,-2.594539 140.669652,-2.594731 140.669537,-2.593838</coordinates></LinearRing></outerBoundaryIs></Polygon>
<Polygon><outerBoundaryIs><LinearRing><coordinates>140.670344,-2.592522 140.669999,-2.593538 140.670461,-2.593647 140.670344,-2.592522</coordinates></LinearRing></outerBoundaryIs></Polygon>
<Polygon><outerBoundaryIs><LinearRing><coordinates>140.712781,-2.592031 140.712419,-2.592239 140.712696,-2.592976 140.713320,-2.593116 140.712781,-2.592031</coordinates></LinearRing></outerBoundaryIs></Polygon>
<Polygon><outerBoundaryIs><LinearRing><coordinates>140.716825,-2.591490 140.716825,-2.591761 140.717170,-2.591626 140.716825,-2.591490</coordinates></LinearRing></outerBoundaryIs></Polygon>
<Polygon><outerBoundaryIs><LinearRing><coordinates>140.716825,-2.591490 140.716825,-2.590948 140.716555,-2.590948 140.716555,-2.591490 140.716825,-2.591490</coordinates></LinearRing></outerBoundaryIs></Polygon>
<Polygon><outerBoundaryIs><LinearRing><coordinates>140.696878,-2.589588 140.696878,-2.589317 140.696609,-2.589317 140.696609,-2.589588 140.696878,-2.589588</coordinates></LinearRing></outerBoundaryIs></Polygon>
<Polygon><outerBoundaryIs><LinearRing><coordinates>140.714130,-2.588778 140.714399,-2.588779 140.714265,-2.588431 140.714130,-2.588778</coordinates></LinearRing></outerBoundaryIs></Polygon>
<Polygon><outerBoundaryIs><LinearRing><coordinates>140.706742,-2.588937 140.706852,-2.588235 140.706255,-2.588364 140.705678,-2.589124 140.706582,-2.589590 140.706742,-2.588937</coordinates></LinearRing></outerBoundaryIs></Polygon>
<Polygon><outerBoundaryIs><LinearRing><coordinates>140.699965,-2.588055 140.699574,-2.587691 140.699574,-2.587962 140.699035,-2.587962 140.699035,-2.588233 140.699965,-2.588055</coordinates></LinearRing></outerBoundaryIs></Polygon>
<Polygon><outerBoundaryIs><LinearRing><coordinates>140.706583,-2.587150 140.706583,-2.587421 140.706852,-2.587421 140.706852,-2.587150 140.706583,-2.587150</coordinates></LinearRing></outerBoundaryIs></Polygon>
<Polygon><outerBoundaryIs><LinearRing><coordinates>140.706583,-2.587150 140.706583,-2.586879 140.706583,-2.586608 140.704966,-2.586608 140.704965,-2.586879 140.705309,-2.587310 140.706583,-2.587150</coordinates></LinearRing></outerBoundaryIs></Polygon>
<Polygon><outerBoundaryIs><LinearRing><coordinates>140.701009,-2.587189 140.700653,-2.586336 140.700334,-2.586557 140.700113,-2.587420 140.701009,-2.587189</coordinates></LinearRing></outerBoundaryIs></Polygon>
<Polygon><outerBoundaryIs><LinearRing><coordinates>140.702540,-2.586607 140.702540,-2.586065 140.702270,-2.586065 140.701351,-2.586703 140.701919,-2.586869 140.702540,-2.586607</coordinates></LinearRing></outerBoundaryIs></Polygon>
<Polygon><outerBoundaryIs><LinearRing><coordinates>140.704427,-2.583626 140.704427,-2.583354 140.704158,-2.583354 140.704158,-2.583625 140.704427,-2.583626</coordinates></LinearRing></outerBoundaryIs></Polygon>
<Polygon><outerBoundaryIs><LinearRing><coordinates>140.705140,-2.579514 140.704698,-2.579288 140.704526,-2.579699 140.705001,-2.581565 140.705236,-2.581728 140.705140,-2.579514</coordinates></LinearRing></outerBoundaryIs></Polygon>
<Polygon><outerBoundaryIs><LinearRing><coordinates>140.714130,-2.588778 140.713405,-2.588553 140.713466,-2.587524 140.712795,-2.586920 140.711279,-2.584523 140.711340,-2.583512 140.710553,-2.582805 140.709280,-2.579289 140.709130,-2.579410 140.708890,-2.579990 140.709968,-2.582392 140.710207,-2.584049 140.710656,-2.585222 140.711973,-2.586880 140.711811,-2.588189 140.710059,-2.589259 140.708738,-2.591217 140.709250,-2.591860 140.709667,-2.591338 140.712512,-2.591218 140.712654,-2.589757 140.714010,-2.588929 140.714130,-2.588778</coordinates></LinearRing></outerBoundaryIs></Polygon>
<Polygon><outerBoundaryIs><LinearRing><coordinates>140.703889,-2.578475 140.703209,-2.577439 140.702971,-2.575332 140.702812,-2.574950 140.701844,-2.575603 140.701623,-2.576553 140.702701,-2.576959 140.703175,-2.578816 140.704162,-2.579128 140.703889,-2.578475</coordinates></LinearRing></outerBoundaryIs></Polygon>
<Polygon><outerBoundaryIs><LinearRing><coordinates>140.701811,-2.575081 140.702273,-2.574408 140.701387,-2.574548 140.700925,-2.575221 140.701811,-2.575081</coordinates></LinearRing></outerBoundaryIs></Polygon>
<Polygon><outerBoundaryIs><LinearRing><coordinates>140.698571,-2.574402 140.697654,-2.572984 140.697311,-2.573483 140.697152,-2.573594 140.697242,-2.574587 140.697421,-2.574949 140.697869,-2.575040 140.698229,-2.575220 140.698571,-2.574402</coordinates></LinearRing></outerBoundaryIs></Polygon>
<Polygon><outerBoundaryIs><LinearRing><coordinates>140.709129,-2.572359 140.709282,-2.571428 140.708800,-2.571816 140.708083,-2.573706 140.708374,-2.576065 140.709011,-2.576578 140.709129,-2.572359</coordinates></LinearRing></outerBoundaryIs></Polygon>
<Polygon><outerBoundaryIs><LinearRing><coordinates>140.709551,-2.571157 140.709552,-2.570615 140.709282,-2.570615 140.709282,-2.571157 140.709551,-2.571157</coordinates></LinearRing></outerBoundaryIs></Polygon>
<Polygon><outerBoundaryIs><LinearRing><coordinates>140.710361,-2.568988 140.709691,-2.569453 140.709552,-2.570343 140.709711,-2.570233 140.710239,-2.569464 140.710361,-2.568988</coordinates></LinearRing></outerBoundaryIs></Polygon>
<Polygon><outerBoundaryIs><LinearRing><coordinates>140.710361,-2.568988 140.710630,-2.568988 140.710630,-2.568717 140.710361,-2.568717 140.710361,-2.568988</coordinates></LinearRing></outerBoundaryIs></Polygon>
<Polygon><outerBoundaryIs><LinearRing><coordinates>140.712517,-2.567633 140.712248,-2.567633 140.712248,-2.567904 140.712517,-2.567904 140.712517,-2.567633</coordinates></LinearRing></outerBoundaryIs></Polygon>
<Polygon><outerBoundaryIs><LinearRing><coordinates>140.698707,-2.569034 140.698495,-2.568084 140.697820,-2.567615 140.696758,-2.567854 140.696504,-2.569021 140.698500,-2.569528 140.698707,-2.569034</coordinates></LinearRing></outerBoundaryIs></Polygon>
<Polygon><outerBoundaryIs><LinearRing><coordinates>140.712517,-2.567633 140.712787,-2.567633 140.712787,-2.567362 140.712517,-2.567362 140.712517,-2.567633</coordinates></LinearRing></outerBoundaryIs></Polygon>
<Polygon><outerBoundaryIs><LinearRing><coordinates>140.716731,-2.563606 140.716831,-2.562755 140.716473,-2.562937 140.716201,-2.563477 140.716022,-2.563568 140.716185,-2.563920 140.716731,-2.563606</coordinates></LinearRing></outerBoundaryIs></Polygon>
<Polygon><outerBoundaryIs><LinearRing><coordinates>140.719528,-2.557876 140.719528,-2.557605 140.719258,-2.557605 140.719258,-2.557876 140.719528,-2.557876</coordinates></LinearRing></outerBoundaryIs></Polygon>
<Polygon><outerBoundaryIs><LinearRing><coordinates>140.719797,-2.557063 140.719797,-2.556249 140.719528,-2.556249 140.719528,-2.557062 140.719797,-2.557063</coordinates></LinearRing></outerBoundaryIs></Polygon>
<Polygon><outerBoundaryIs><LinearRing><coordinates>140.713600,-2.544862 140.713466,-2.544515 140.713331,-2.544862 140.713600,-2.544862</coordinates></LinearRing></outerBoundaryIs></Polygon>
<Polygon><outerBoundaryIs><LinearRing><coordinates>140.713778,-2.543990 140.713541,-2.544227 140.713870,-2.544320 140.713778,-2.543990</coordinates></LinearRing></outerBoundaryIs></Polygon>
<Polygon><outerBoundaryIs><LinearRing><coordinates>140.707329,-2.542428 140.707237,-2.542014 140.707406,-2.541256 140.707132,-2.541066 140.706473,-2.542597 140.707132,-2.543234 140.707329,-2.542428</coordinates></LinearRing></outerBoundaryIs></Polygon>
<Polygon><outerBoundaryIs><LinearRing><coordinates>140.746567,-2.537972 140.746216,-2.537821 140.745677,-2.537821 140.745818,-2.538152 140.746567,-2.537972</coordinates></LinearRing></outerBoundaryIs></Polygon>
<Polygon><outerBoundaryIs><LinearRing><coordinates>140.740017,-2.536735 140.740152,-2.537082 140.740287,-2.536735 140.740017,-2.536735</coordinates></LinearRing></outerBoundaryIs></Polygon>
<Polygon><outerBoundaryIs><LinearRing><coordinates>140.740017,-2.536735 140.740017,-2.536464 140.739748,-2.536464 140.739748,-2.536735 140.740017,-2.536735</coordinates></LinearRing></outerBoundaryIs></Polygon>
<Polygon><outerBoundaryIs><LinearRing><coordinates>140.747670,-2.536707 140.747295,-2.536466 140.747295,-2.536737 140.747025,-2.536737 140.747252,-2.537094 140.747670,-2.536707</coordinates></LinearRing></outerBoundaryIs></Polygon>
<Polygon><outerBoundaryIs><LinearRing><coordinates>140.738040,-2.534657 140.737861,-2.534295 140.737234,-2.534461 140.738131,-2.535108 140.738040,-2.534657</coordinates></LinearRing></outerBoundaryIs></Polygon>
<Polygon><outerBoundaryIs><LinearRing><coordinates>140.748013,-2.534748 140.748194,-2.534479 140.747295,-2.534026 140.747295,-2.534839 140.748013,-2.534748</coordinates></LinearRing></outerBoundaryIs></Polygon>
<Polygon><outerBoundaryIs><LinearRing><coordinates>140.725194,-2.530497 140.725194,-2.528871 140.724925,-2.528871 140.724924,-2.530497 140.725194,-2.530497</coordinates></LinearRing></outerBoundaryIs></Polygon>
<Polygon><outerBoundaryIs><LinearRing><coordinates>140.726812,-2.526431 140.726812,-2.525889 140.726454,-2.526071 140.726273,-2.526431 140.726812,-2.526431</coordinates></LinearRing></outerBoundaryIs></Polygon>
<Polygon><outerBoundaryIs><LinearRing><coordinates>140.727427,-2.525482 140.727082,-2.525347 140.727082,-2.525618 140.727427,-2.525482</coordinates></LinearRing></outerBoundaryIs></Polygon>
<Polygon><outerBoundaryIs><LinearRing><coordinates>140.742063,-2.524423 140.742372,-2.522879 140.741819,-2.521050 140.741033,-2.519804 140.740829,-2.519657 140.740962,-2.521255 140.741512,-2.522764 140.741906,-2.524537 140.742063,-2.524423</coordinates></LinearRing></outerBoundaryIs></Polygon>
<Polygon><outerBoundaryIs><LinearRing><coordinates>140.739213,-2.515861 140.739213,-2.516132 140.739482,-2.516132 140.739482,-2.515861 140.739213,-2.515861</coordinates></LinearRing></outerBoundaryIs></Polygon>
<Polygon><outerBoundaryIs><LinearRing><coordinates>140.739213,-2.515861 140.738811,-2.514552 140.737048,-2.512012 140.735171,-2.510981 140.735495,-2.512065 140.737657,-2.515095 140.738798,-2.515736 140.739213,-2.515861</coordinates></LinearRing></outerBoundaryIs></Polygon>
<Polygon><outerBoundaryIs><LinearRing><coordinates>140.720081,-2.492273 140.720191,-2.492112 140.720946,-2.491588 140.720176,-2.491078 140.719542,-2.492001 140.719542,-2.492273 140.720081,-2.492273</coordinates></LinearRing></outerBoundaryIs></Polygon>
<Polygon><outerBoundaryIs><LinearRing><coordinates>140.712584,-2.486682 140.711457,-2.486578 140.711732,-2.486937 140.712804,-2.487120 140.712584,-2.486682</coordinates></LinearRing></outerBoundaryIs></Polygon>
</MultiGeometry></Placemark>
</Document></kml>
